leak_id,leak_type,order_id,record_id,leak_amount,is_real_leak,detail
L00001,DISCOUNT_ABUSE,O000029,I000050,257.8,1,R19: 30% given vs 10% cap
L00002,DISCOUNT_ABUSE,O000157,I000255,49.35,1,R24: 40% given vs 25% cap
L00003,DISCOUNT_ABUSE,O000188,I000306,341.8,1,R19: 40% given vs 20% cap
L00004,DISCOUNT_ABUSE,O000228,I000373,131.9,1,R21: 25% given vs 15% cap
L00005,DISCOUNT_ABUSE,O000269,I000430,93.9,1,R24: 25% given vs 15% cap
L00006,DISCOUNT_ABUSE,O000269,I000431,56.9,1,R24: 20% given vs 10% cap
L00007,DISCOUNT_ABUSE,O000303,I000492,170.9,1,R16: 30% given vs 20% cap
L00008,DISCOUNT_ABUSE,O000342,I000555,177.8,1,R21: 45% given vs 25% cap
L00009,DISCOUNT_ABUSE,O000397,I000646,271.9,1,R14: 35% given vs 25% cap
L00010,DISCOUNT_ABUSE,O000404,I000658,110.85,1,R20: 30% given vs 15% cap
L00011,DISCOUNT_ABUSE,O000404,I000659,45.9,1,R20: 30% given vs 20% cap
L00012,DISCOUNT_ABUSE,O000491,I000815,244.9,1,R24: 30% given vs 20% cap
L00013,DISCOUNT_ABUSE,O000491,I000816,79.35,1,R24: 30% given vs 15% cap
L00014,DISCOUNT_ABUSE,O000517,I000859,79.35,1,R20: 30% given vs 15% cap
L00015,DISCOUNT_ABUSE,O000556,I000926,147.8,1,R14: 35% given vs 15% cap
L00016,DISCOUNT_ABUSE,O000616,I001018,185.7,1,R19: 25% given vs 15% cap
L00017,DISCOUNT_ABUSE,O000669,I001111,407.85,1,R16: 35% given vs 20% cap
L00018,DISCOUNT_ABUSE,O000701,I001156,105.8,1,R24: 25% given vs 15% cap
L00019,DISCOUNT_ABUSE,O000791,I001307,381.8,1,R19: 45% given vs 25% cap
L00020,DISCOUNT_ABUSE,O000892,I001465,164.85,1,R20: 25% given vs 10% cap
L00021,DISCOUNT_ABUSE,O000983,I001604,65.7,1,R24: 30% given vs 15% cap
L00022,DISCOUNT_ABUSE,O001023,I001673,439.35,1,R20: 40% given vs 25% cap
L00023,DISCOUNT_ABUSE,O001087,I001772,85.35,1,R21: 30% given vs 15% cap
L00024,DISCOUNT_ABUSE,O001094,I001783,43.9,1,R19: 25% given vs 15% cap
L00025,DISCOUNT_ABUSE,O001110,I001811,155.85,1,R24: 30% given vs 15% cap
L00026,DISCOUNT_ABUSE,O001142,I001868,439.6,1,R14: 30% given vs 10% cap
L00027,DISCOUNT_ABUSE,O001221,I001991,160.35,1,R19: 30% given vs 15% cap
L00028,DISCOUNT_ABUSE,O001294,I002114,186.9,1,R19: 35% given vs 25% cap
L00029,DISCOUNT_ABUSE,O001310,I002140,52.35,1,R16: 30% given vs 15% cap
L00030,DISCOUNT_ABUSE,O001316,I002149,163.9,1,R21: 35% given vs 25% cap
L00031,DISCOUNT_ABUSE,O001341,I002193,1031.6,1,R16: 45% given vs 25% cap
L00032,DISCOUNT_ABUSE,O001341,I002194,225.8,1,R16: 35% given vs 15% cap
L00033,DISCOUNT_ABUSE,O001414,I002301,59.85,1,R16: 30% given vs 15% cap
L00034,DISCOUNT_ABUSE,O001414,I002302,33.9,1,R16: 25% given vs 15% cap
L00035,DISCOUNT_ABUSE,O001454,I002362,161.9,1,R19: 20% given vs 10% cap
L00036,DISCOUNT_ABUSE,O001488,I002410,39.9,1,R24: 35% given vs 25% cap
L00037,DISCOUNT_ABUSE,O001488,I002411,649.8,1,R24: 40% given vs 20% cap
L00038,DISCOUNT_ABUSE,O001488,I002412,291.8,1,R24: 35% given vs 15% cap
L00039,DISCOUNT_ABUSE,O001491,I002415,393.8,1,R14: 45% given vs 25% cap
L00040,DISCOUNT_ABUSE,O001550,I002503,60.9,1,R20: 35% given vs 25% cap
L00041,DISCOUNT_ABUSE,O001572,I002538,219.8,1,R14: 30% given vs 10% cap
L00042,DISCOUNT_ABUSE,O001631,I002639,101.7,1,R14: 30% given vs 15% cap
L00043,DISCOUNT_ABUSE,O001638,I002649,255.8,1,R19: 45% given vs 25% cap
L00044,DISCOUNT_ABUSE,O001645,I002659,513.8,1,R24: 45% given vs 25% cap
L00045,DISCOUNT_ABUSE,O001645,I002660,201.8,1,R24: 35% given vs 15% cap
L00046,DISCOUNT_ABUSE,O001684,I002732,661.05,1,R24: 30% given vs 15% cap
L00047,DISCOUNT_ABUSE,O001725,I002792,327.8,1,R19: 45% given vs 25% cap
L00048,DISCOUNT_ABUSE,O001735,I002807,289.8,1,R21: 30% given vs 10% cap
L00049,DISCOUNT_ABUSE,O001745,I002821,137.8,1,R20: 45% given vs 25% cap
L00050,DISCOUNT_ABUSE,O001792,I002904,301.8,1,R20: 40% given vs 20% cap
L00051,DISCOUNT_ABUSE,O001871,I003031,25.9,1,R19: 25% given vs 15% cap
L00052,DISCOUNT_ABUSE,O001871,I003032,237.8,1,R19: 35% given vs 15% cap
L00053,DISCOUNT_ABUSE,O001941,I003136,83.9,1,R14: 30% given vs 20% cap
L00054,DISCOUNT_ABUSE,O001978,I003198,249.8,1,R21: 45% given vs 25% cap
L00055,DISCOUNT_ABUSE,O001988,I003216,257.9,1,R20: 35% given vs 25% cap
L00056,DISCOUNT_ABUSE,O002040,I003285,21.9,1,R16: 25% given vs 15% cap
L00057,DISCOUNT_ABUSE,O002047,I003299,151.35,1,R19: 30% given vs 15% cap
L00058,DISCOUNT_ABUSE,O002047,I003301,110.85,1,R19: 30% given vs 15% cap
L00059,DISCOUNT_ABUSE,O002128,I003435,143.8,1,R19: 35% given vs 15% cap
L00060,DISCOUNT_ABUSE,O002188,I003525,83.9,1,R16: 35% given vs 25% cap
L00061,DISCOUNT_ABUSE,O002188,I003528,386.85,1,R16: 40% given vs 25% cap
L00062,DISCOUNT_ABUSE,O002258,I003635,583.6,1,R14: 35% given vs 15% cap
L00063,DISCOUNT_ABUSE,O002278,I003668,105.8,1,R21: 35% given vs 15% cap
L00064,DISCOUNT_ABUSE,O002278,I003669,289.8,1,R21: 30% given vs 10% cap
L00065,DISCOUNT_ABUSE,O002301,I003712,103.35,1,R19: 40% given vs 25% cap
L00066,DISCOUNT_ABUSE,O002301,I003713,215.7,1,R19: 30% given vs 15% cap
L00067,DISCOUNT_ABUSE,O002306,I003723,217.8,1,R19: 45% given vs 25% cap
L00068,DISCOUNT_ABUSE,O002323,I003753,93.9,1,R20: 25% given vs 15% cap
L00069,DISCOUNT_ABUSE,O002356,I003798,194.7,1,R19: 40% given vs 25% cap
L00070,DISCOUNT_ABUSE,O002356,I003799,167.8,1,R19: 35% given vs 15% cap
L00071,DISCOUNT_ABUSE,O002356,I003800,125.85,1,R19: 35% given vs 20% cap
L00072,DISCOUNT_ABUSE,O002453,I003954,1541.4,1,R19: 45% given vs 25% cap
L00073,DISCOUNT_ABUSE,O002491,I004014,297.8,1,R14: 30% given vs 10% cap
L00074,DISCOUNT_ABUSE,O002503,I004036,83.9,1,R20: 30% given vs 20% cap
L00075,DISCOUNT_ABUSE,O002535,I004085,114.9,1,R16: 30% given vs 20% cap
L00076,DISCOUNT_ABUSE,O002551,I004112,38.85,1,R16: 30% given vs 15% cap
L00077,DISCOUNT_ABUSE,O002607,I004202,57.9,1,R21: 25% given vs 15% cap
L00078,DISCOUNT_ABUSE,O002674,I004317,147.8,1,R20: 35% given vs 15% cap
L00079,DISCOUNT_ABUSE,O002674,I004320,186.9,1,R20: 35% given vs 25% cap
L00080,DISCOUNT_ABUSE,O002846,I004606,149.85,1,R24: 30% given vs 15% cap
L00081,DISCOUNT_ABUSE,O002875,I004644,125.85,1,R21: 35% given vs 20% cap
L00082,DISCOUNT_ABUSE,O002875,I004645,301.8,1,R21: 40% given vs 20% cap
L00083,DISCOUNT_ABUSE,O002901,I004686,71.8,1,R16: 35% given vs 15% cap
L00084,DISCOUNT_ABUSE,O002945,I004758,167.8,1,R14: 35% given vs 15% cap
L00085,DISCOUNT_ABUSE,O002945,I004759,143.8,1,R14: 25% given vs 15% cap
L00086,DISCOUNT_ABUSE,O002981,I004823,144.9,1,R14: 35% given vs 25% cap
L00087,DISCOUNT_ABUSE,O002981,I004824,107.85,1,R14: 35% given vs 20% cap
L00088,DISCOUNT_ABUSE,O003143,I005083,371.6,1,R21: 30% given vs 10% cap
L00089,DISCOUNT_ABUSE,O003153,I005100,121.8,1,R20: 40% given vs 20% cap
L00090,DISCOUNT_ABUSE,O003241,I005233,361.8,1,R21: 45% given vs 25% cap
L00091,DISCOUNT_ABUSE,O003263,I005265,105.8,1,R19: 35% given vs 15% cap
L00092,DISCOUNT_ABUSE,O003423,I005516,113.8,1,R20: 35% given vs 15% cap
L00093,DISCOUNT_ABUSE,O003423,I005517,147.8,1,R20: 35% given vs 15% cap
L00094,DISCOUNT_ABUSE,O003446,I005555,118.9,1,R16: 25% given vs 15% cap
L00095,DISCOUNT_ABUSE,O003481,I005611,229.8,1,R19: 40% given vs 20% cap
L00096,DISCOUNT_ABUSE,O003517,I005672,40.9,1,R24: 20% given vs 10% cap
L00097,DISCOUNT_ABUSE,O003543,I005714,85.8,1,R24: 30% given vs 10% cap
L00098,DISCOUNT_ABUSE,O003665,I005889,279.8,1,R14: 45% given vs 25% cap
L00099,DISCOUNT_ABUSE,O003689,I005921,165.9,1,R16: 35% given vs 25% cap
L00100,DISCOUNT_ABUSE,O003707,I005951,117.9,1,R19: 25% given vs 15% cap
L00101,DISCOUNT_ABUSE,O003707,I005952,226.35,1,R19: 35% given vs 20% cap
L00102,DISCOUNT_ABUSE,O003721,I005983,107.85,1,R16: 35% given vs 20% cap
L00103,DISCOUNT_ABUSE,O003802,I006120,51.8,1,R24: 35% given vs 15% cap
L00104,DISCOUNT_ABUSE,O003820,I006153,34.9,1,R20: 25% given vs 15% cap
L00105,DISCOUNT_ABUSE,O003841,I006179,263.8,1,R24: 35% given vs 15% cap
L00106,DISCOUNT_ABUSE,O003903,I006274,137.8,1,R14: 45% given vs 25% cap
L00107,DISCOUNT_ABUSE,O003915,I006301,137.8,1,R21: 45% given vs 25% cap
L00108,DISCOUNT_ABUSE,O003945,I006351,147.8,1,R20: 25% given vs 15% cap
L00109,DISCOUNT_ABUSE,O004146,I006678,209.85,1,R19: 40% given vs 25% cap
L00110,DISCOUNT_ABUSE,O004264,I006865,79.35,1,R21: 30% given vs 15% cap
L00111,DISCOUNT_ABUSE,O004396,I007085,32.9,1,R24: 35% given vs 25% cap
L00112,DISCOUNT_ABUSE,O004471,I007194,123.8,1,R16: 30% given vs 10% cap
L00113,DISCOUNT_ABUSE,O004478,I007209,172.35,1,R21: 35% given vs 20% cap
L00114,DISCOUNT_ABUSE,O004499,I007238,353.7,1,R21: 40% given vs 25% cap
L00115,DISCOUNT_ABUSE,O004586,I007385,112.35,1,R14: 30% given vs 15% cap
L00116,DISCOUNT_ABUSE,O004710,I007569,52.9,1,R21: 25% given vs 15% cap
L00117,DISCOUNT_ABUSE,O004754,I007640,111.9,1,R14: 35% given vs 25% cap
L00118,DISCOUNT_ABUSE,O004758,I007647,324.9,1,R14: 30% given vs 20% cap
L00119,DISCOUNT_ABUSE,O004901,I007894,291.8,1,R20: 35% given vs 15% cap
L00120,DISCOUNT_ABUSE,O005018,I008069,172.35,1,R14: 35% given vs 20% cap
L00121,DISCOUNT_ABUSE,O005053,I008127,110.85,1,R16: 30% given vs 15% cap
L00122,DISCOUNT_ABUSE,O005053,I008128,491.6,1,R16: 45% given vs 25% cap
L00123,DISCOUNT_ABUSE,O005156,I008298,269.85,1,R21: 40% given vs 25% cap
L00124,DISCOUNT_ABUSE,O005262,I008472,163.6,1,R24: 30% given vs 10% cap
L00125,DISCOUNT_ABUSE,O005402,I008697,121.8,1,R14: 45% given vs 25% cap
L00126,DISCOUNT_ABUSE,O005418,I008721,386.85,1,R20: 40% given vs 25% cap
L00127,DISCOUNT_ABUSE,O005469,I008795,49.35,1,R14: 40% given vs 25% cap
L00128,DISCOUNT_ABUSE,O005676,I009141,95.85,1,R21: 25% given vs 10% cap
L00129,DISCOUNT_ABUSE,O005742,I009247,68.9,1,R24: 35% given vs 25% cap
L00130,DISCOUNT_ABUSE,O005756,I009269,287.9,1,R24: 30% given vs 20% cap
L00131,DISCOUNT_ABUSE,O005791,I009322,362.85,1,R19: 35% given vs 20% cap
L00132,DISCOUNT_ABUSE,O005791,I009323,149.85,1,R19: 30% given vs 15% cap
L00133,DISCOUNT_ABUSE,O005890,I009481,53.85,1,R16: 30% given vs 15% cap
L00134,DISCOUNT_ABUSE,O005921,I009530,143.9,1,R24: 35% given vs 25% cap
L00135,DISCOUNT_ABUSE,O005932,I009552,25.9,1,R19: 25% given vs 15% cap
L00136,DISCOUNT_ABUSE,O005984,I009622,80.9,1,R20: 20% given vs 10% cap
L00137,DISCOUNT_ABUSE,O006043,I009712,145.9,1,R24: 35% given vs 25% cap
L00138,DISCOUNT_ABUSE,O006051,I009724,287.9,1,R16: 30% given vs 20% cap
L00139,DISCOUNT_ABUSE,O006112,I009830,191.85,1,R21: 35% given vs 20% cap
L00140,DISCOUNT_ABUSE,O006129,I009864,101.85,1,R24: 30% given vs 15% cap
L00141,DISCOUNT_ABUSE,O006149,I009898,107.85,1,R19: 35% given vs 20% cap
L00142,DISCOUNT_ABUSE,O006151,I009901,242.85,1,R16: 25% given vs 10% cap
L00143,DISCOUNT_ABUSE,O006193,I009977,112.9,1,R21: 25% given vs 15% cap
L00144,DISCOUNT_ABUSE,O006200,I009985,289.8,1,R24: 30% given vs 10% cap
L00145,DISCOUNT_ABUSE,O006209,I010002,146.9,1,R14: 25% given vs 15% cap
L00146,DISCOUNT_ABUSE,O006252,I010067,197.8,1,R24: 35% given vs 25% cap
L00147,DISCOUNT_ABUSE,O006292,I010126,91.35,1,R16: 40% given vs 25% cap
L00148,DISCOUNT_ABUSE,O006324,I010185,178.35,1,R16: 30% given vs 15% cap
L00149,DISCOUNT_ABUSE,O006354,I010230,45.9,1,R20: 30% given vs 20% cap
L00150,DISCOUNT_ABUSE,O006369,I010254,92.85,1,R16: 30% given vs 15% cap
L00151,DISCOUNT_ABUSE,O006560,I010554,187.35,1,R21: 40% given vs 25% cap
L00152,DISCOUNT_ABUSE,O006560,I010555,212.85,1,R21: 35% given vs 20% cap
L00153,DISCOUNT_ABUSE,O006602,I010619,338.7,1,R19: 30% given vs 15% cap
L00154,DISCOUNT_ABUSE,O006629,I010662,229.8,1,R21: 30% given vs 20% cap
L00155,DISCOUNT_ABUSE,O006629,I010663,110.85,1,R21: 30% given vs 15% cap
L00156,DISCOUNT_ABUSE,O006629,I010664,215.7,1,R21: 35% given vs 20% cap
L00157,DISCOUNT_ABUSE,O006639,I010685,439.35,1,R16: 40% given vs 25% cap
L00158,DISCOUNT_ABUSE,O006654,I010709,151.8,1,R19: 40% given vs 20% cap
L00159,DISCOUNT_ABUSE,O006682,I010753,25.9,1,R19: 25% given vs 15% cap
L00160,DISCOUNT_ABUSE,O006682,I010754,53.85,1,R19: 30% given vs 15% cap
L00161,DISCOUNT_ABUSE,O006698,I010780,206.7,1,R16: 40% given vs 25% cap
L00162,DISCOUNT_ABUSE,O006698,I010782,52.35,1,R16: 30% given vs 15% cap
L00163,DISCOUNT_ABUSE,O006698,I010783,386.85,1,R16: 40% given vs 25% cap
L00164,DISCOUNT_ABUSE,O006699,I010785,140.85,1,R16: 25% given vs 10% cap
L00165,DISCOUNT_ABUSE,O006720,I010825,83.9,1,R24: 30% given vs 20% cap
L00166,DISCOUNT_ABUSE,O006734,I010841,71.9,1,R24: 30% given vs 20% cap
L00167,DISCOUNT_ABUSE,O006734,I010842,443.8,1,R24: 35% given vs 25% cap
L00168,DISCOUNT_ABUSE,O006795,I010937,106.35,1,R19: 25% given vs 10% cap
L00169,DISCOUNT_ABUSE,O006805,I010954,95.85,1,R24: 25% given vs 10% cap
L00170,DISCOUNT_ABUSE,O006832,I010997,166.35,1,R19: 30% given vs 15% cap
L00171,DISCOUNT_ABUSE,O006832,I010998,66.9,1,R19: 20% given vs 10% cap
L00172,DISCOUNT_ABUSE,O006842,I011013,483.8,1,R21: 40% given vs 20% cap
L00173,DISCOUNT_ABUSE,O006843,I011015,96.9,1,R24: 25% given vs 15% cap
L00174,DISCOUNT_ABUSE,O006843,I011016,133.8,1,R24: 45% given vs 25% cap
L00175,DISCOUNT_ABUSE,O006856,I011035,489.8,1,R20: 40% given vs 20% cap
L00176,DISCOUNT_ABUSE,O006932,I011165,68.85,1,R21: 35% given vs 20% cap
L00177,DISCOUNT_ABUSE,O006994,I011256,197.85,1,R21: 30% given vs 15% cap
L00178,DISCOUNT_ABUSE,O007035,I011314,213.8,1,R24: 35% given vs 15% cap
L00179,DISCOUNT_ABUSE,O007085,I011400,70.35,1,R19: 25% given vs 10% cap
L00180,DISCOUNT_ABUSE,O007085,I011402,649.8,1,R19: 40% given vs 20% cap
L00181,DISCOUNT_ABUSE,O007121,I011457,33.9,1,R14: 25% given vs 15% cap
L00182,DISCOUNT_ABUSE,O007152,I011506,100.35,1,R16: 40% given vs 25% cap
L00183,DISCOUNT_ABUSE,O007173,I011540,187.8,1,R19: 35% given vs 15% cap
L00184,DISCOUNT_ABUSE,O007178,I011547,61.9,1,R16: 25% given vs 15% cap
L00185,DISCOUNT_ABUSE,O007227,I011637,341.8,1,R19: 40% given vs 20% cap
L00186,DISCOUNT_ABUSE,O007234,I011644,226.35,1,R14: 35% given vs 20% cap
L00187,DISCOUNT_ABUSE,O007295,I011750,135.9,1,R19: 20% given vs 10% cap
L00188,DISCOUNT_ABUSE,O007329,I011803,133.8,1,R14: 35% given vs 15% cap
L00189,DISCOUNT_ABUSE,O007479,I012046,187.35,1,R21: 40% given vs 25% cap
L00190,DISCOUNT_ABUSE,O007552,I012175,75.9,1,R19: 30% given vs 20% cap
L00191,DISCOUNT_ABUSE,O007601,I012247,32.9,1,R24: 35% given vs 25% cap
L00192,DISCOUNT_ABUSE,O007649,I012326,245.8,1,R19: 45% given vs 25% cap
L00193,DISCOUNT_ABUSE,O007649,I012327,263.8,1,R19: 25% given vs 15% cap
L00194,DISCOUNT_ABUSE,O007659,I012345,163.9,1,R20: 35% given vs 25% cap
L00195,DISCOUNT_ABUSE,O007825,I012597,243.6,1,R19: 40% given vs 20% cap
L00196,DISCOUNT_ABUSE,O007830,I012602,110.85,1,R16: 30% given vs 15% cap
L00197,DISCOUNT_ABUSE,O007920,I012731,291.8,1,R19: 35% given vs 15% cap
L00198,DISCOUNT_ABUSE,O007923,I012736,72.9,1,R14: 30% given vs 20% cap
L00199,DISCOUNT_ABUSE,O007926,I012744,217.8,1,R20: 45% given vs 25% cap
L00200,DISCOUNT_ABUSE,O007978,I012827,218.85,1,R19: 30% given vs 15% cap
L00201,DISCOUNT_ABUSE,O007993,I012852,131.85,1,R24: 40% given vs 25% cap
L00202,DISCOUNT_ABUSE,O008046,I012939,61.9,1,R16: 25% given vs 15% cap
L00203,DISCOUNT_ABUSE,O008107,I013044,167.8,1,R16: 35% given vs 15% cap
L00204,DISCOUNT_ABUSE,O008122,I013063,144.9,1,R19: 20% given vs 10% cap
L00205,DISCOUNT_ABUSE,O008132,I013084,149.8,1,R20: 35% given vs 15% cap
L00206,DISCOUNT_ABUSE,O008132,I013085,489.8,1,R20: 40% given vs 20% cap
L00207,DISCOUNT_ABUSE,O008132,I013086,147.8,1,R20: 35% given vs 15% cap
L00208,DISCOUNT_ABUSE,O008138,I013096,79.35,1,R16: 30% given vs 15% cap
L00209,DISCOUNT_ABUSE,O008161,I013135,218.85,1,R16: 40% given vs 25% cap
L00210,DISCOUNT_ABUSE,O008161,I013136,145.35,1,R16: 40% given vs 25% cap
L00211,DISCOUNT_ABUSE,O008212,I013216,263.9,1,R24: 30% given vs 20% cap
L00212,DISCOUNT_ABUSE,O008256,I013285,46.9,1,R16: 25% given vs 15% cap
L00213,DISCOUNT_ABUSE,O008286,I013340,244.9,1,R21: 30% given vs 20% cap
L00214,DISCOUNT_ABUSE,O008292,I013350,25.9,1,R24: 25% given vs 15% cap
L00215,DISCOUNT_ABUSE,O008354,I013439,585.8,1,R21: 45% given vs 25% cap
L00216,DISCOUNT_ABUSE,O008358,I013444,475.6,1,R16: 35% given vs 15% cap
L00217,DISCOUNT_ABUSE,O008417,I013525,133.8,1,R21: 30% given vs 10% cap
L00218,DISCOUNT_ABUSE,O008417,I013526,158.7,1,R21: 30% given vs 15% cap
L00219,DISCOUNT_ABUSE,O008455,I013588,193.8,1,R21: 35% given vs 15% cap
L00220,DISCOUNT_ABUSE,O008455,I013589,229.8,1,R21: 40% given vs 20% cap
L00221,DISCOUNT_ABUSE,O008521,I013686,196.9,1,R24: 35% given vs 25% cap
L00222,DISCOUNT_ABUSE,O008606,I013826,407.7,1,R24: 20% given vs 10% cap
L00223,DISCOUNT_ABUSE,O008612,I013837,193.8,1,R14: 35% given vs 15% cap
L00224,DISCOUNT_ABUSE,O008637,I013868,131.9,1,R24: 25% given vs 15% cap
L00225,DISCOUNT_ABUSE,O008659,I013905,257.9,1,R19: 35% given vs 25% cap
L00226,DISCOUNT_ABUSE,O008747,I014046,85.35,1,R20: 30% given vs 15% cap
L00227,DISCOUNT_ABUSE,O008775,I014084,215.85,1,R20: 40% given vs 25% cap
L00228,DISCOUNT_ABUSE,O008864,I014229,143.6,1,R19: 35% given vs 15% cap
L00229,DISCOUNT_ABUSE,O008908,I014298,170.9,1,R21: 30% given vs 20% cap
L00230,DISCOUNT_ABUSE,O008908,I014299,341.8,1,R21: 40% given vs 20% cap
L00231,DISCOUNT_ABUSE,O008908,I014300,295.6,1,R21: 35% given vs 15% cap
L00232,DISCOUNT_ABUSE,O008942,I014365,332.85,1,R24: 40% given vs 25% cap
L00233,DISCOUNT_ABUSE,O008964,I014402,324.9,1,R16: 30% given vs 20% cap
L00234,DISCOUNT_ABUSE,O008973,I014412,34.9,1,R16: 25% given vs 15% cap
L00235,DISCOUNT_ABUSE,O008982,I014425,93.9,1,R20: 20% given vs 10% cap
L00236,DISCOUNT_ABUSE,O009040,I014516,197.85,1,R14: 30% given vs 15% cap
L00237,DISCOUNT_ABUSE,O009073,I014566,257.9,1,R21: 35% given vs 25% cap
L00238,DISCOUNT_ABUSE,O009155,I014693,125.85,1,R14: 40% given vs 25% cap
L00239,DISCOUNT_ABUSE,O009250,I014833,52.9,1,R20: 25% given vs 15% cap
L00240,DISCOUNT_ABUSE,O009257,I014841,439.6,1,R20: 35% given vs 15% cap
L00241,DISCOUNT_ABUSE,O009270,I014859,191.85,1,R16: 35% given vs 20% cap
L00242,DISCOUNT_ABUSE,O009284,I014886,147.8,1,R24: 35% given vs 15% cap
L00243,DISCOUNT_ABUSE,O009284,I014887,170.7,1,R24: 20% given vs 10% cap
L00244,DISCOUNT_ABUSE,O009315,I014940,86.85,1,R24: 30% given vs 15% cap
L00245,DISCOUNT_ABUSE,O009315,I014941,113.8,1,R24: 35% given vs 15% cap
L00246,DISCOUNT_ABUSE,O009315,I014942,144.9,1,R24: 20% given vs 10% cap
L00247,DISCOUNT_ABUSE,O009315,I014943,437.7,1,R24: 30% given vs 15% cap
L00248,DISCOUNT_ABUSE,O009324,I014953,133.8,1,R16: 30% given vs 10% cap
L00249,DISCOUNT_ABUSE,O009399,I015073,133.8,1,R19: 45% given vs 25% cap
L00250,DISCOUNT_ABUSE,O009464,I015175,65.8,1,R24: 45% given vs 25% cap
L00251,DISCOUNT_ABUSE,O009523,I015275,218.85,1,R14: 40% given vs 25% cap
L00252,DISCOUNT_ABUSE,O009555,I015322,125.9,1,R16: 35% given vs 25% cap
L00253,DISCOUNT_ABUSE,O009560,I015332,137.8,1,R14: 45% given vs 25% cap
L00254,DISCOUNT_ABUSE,O009560,I015333,237.8,1,R14: 25% given vs 15% cap
L00255,DISCOUNT_ABUSE,O009606,I015409,434.7,1,R19: 35% given vs 25% cap
L00256,DISCOUNT_ABUSE,O009606,I015411,289.8,1,R19: 45% given vs 25% cap
L00257,DISCOUNT_ABUSE,O009760,I015653,431.85,1,R19: 35% given vs 20% cap
L00258,DISCOUNT_ABUSE,O009838,I015793,290.7,1,R24: 30% given vs 15% cap
L00259,DISCOUNT_ABUSE,O009838,I015794,255.8,1,R24: 45% given vs 25% cap
L00260,DISCOUNT_ABUSE,O009838,I015795,238.05,1,R24: 30% given vs 15% cap
L00261,DISCOUNT_ABUSE,O009868,I015842,293.8,1,R21: 35% given vs 15% cap
L00262,DISCOUNT_ABUSE,O009941,I015966,271.9,1,R20: 35% given vs 25% cap
L00263,DISCOUNT_ABUSE,O009942,I015967,125.85,1,R14: 35% given vs 20% cap
L00264,DISCOUNT_ABUSE,O009943,I015969,96.9,1,R20: 35% given vs 25% cap
L00265,DISCOUNT_ABUSE,O010105,I016222,287.8,1,R21: 45% given vs 25% cap
L00266,DISCOUNT_ABUSE,O010220,I016407,93.9,1,R21: 25% given vs 15% cap
L00267,DISCOUNT_ABUSE,O010299,I016523,103.35,1,R14: 40% given vs 25% cap
L00268,DISCOUNT_ABUSE,O010360,I016619,193.35,1,R21: 25% given vs 10% cap
L00269,DISCOUNT_ABUSE,O010410,I016699,122.9,1,R16: 35% given vs 25% cap
L00270,DISCOUNT_ABUSE,O010410,I016700,131.85,1,R16: 40% given vs 25% cap
L00271,DISCOUNT_ABUSE,O010449,I016752,219.8,1,R20: 30% given vs 10% cap
L00272,DISCOUNT_ABUSE,O010477,I016789,49.35,1,R14: 40% given vs 25% cap
L00273,DISCOUNT_ABUSE,O010506,I016836,161.8,1,R24: 30% given vs 10% cap
L00274,DISCOUNT_ABUSE,O010517,I016852,93.9,1,R21: 25% given vs 15% cap
L00275,DISCOUNT_ABUSE,O010520,I016857,137.8,1,R21: 45% given vs 25% cap
L00276,DISCOUNT_ABUSE,O010531,I016873,56.9,1,R21: 25% given vs 15% cap
L00277,DISCOUNT_ABUSE,O010618,I017015,63.9,1,R14: 20% given vs 10% cap
L00278,DISCOUNT_ABUSE,O010628,I017028,443.4,1,R16: 35% given vs 15% cap
L00279,DISCOUNT_ABUSE,O010698,I017137,64.35,1,R21: 25% given vs 10% cap
L00280,DISCOUNT_ABUSE,O010730,I017182,286.35,1,R19: 40% given vs 25% cap
L00281,DISCOUNT_ABUSE,O010860,I017402,164.85,1,R24: 25% given vs 10% cap
L00282,DISCOUNT_ABUSE,O010919,I017494,95.85,1,R19: 30% given vs 15% cap
L00283,DISCOUNT_ABUSE,O010930,I017512,235.8,1,R24: 35% given vs 25% cap
L00284,DISCOUNT_ABUSE,O011001,I017628,327.8,1,R14: 45% given vs 25% cap
L00285,DISCOUNT_ABUSE,O011017,I017649,197.8,1,R20: 45% given vs 25% cap
L00286,DISCOUNT_ABUSE,O011028,I017665,110.85,1,R24: 30% given vs 15% cap
L00287,DISCOUNT_ABUSE,O011037,I017679,96.9,1,R19: 25% given vs 15% cap
L00288,DISCOUNT_ABUSE,O011082,I017757,105.8,1,R20: 35% given vs 15% cap
L00289,DISCOUNT_ABUSE,O011275,I018080,487.35,1,R20: 35% given vs 20% cap
L00290,DISCOUNT_ABUSE,O011341,I018180,324.9,1,R19: 30% given vs 20% cap
L00291,DISCOUNT_ABUSE,O011341,I018181,38.85,1,R19: 30% given vs 15% cap
L00292,DISCOUNT_ABUSE,O011341,I018182,238.05,1,R19: 30% given vs 15% cap
L00293,DISCOUNT_ABUSE,O011377,I018233,62.85,1,R14: 30% given vs 15% cap
L00294,DISCOUNT_ABUSE,O011382,I018244,69.8,1,R16: 35% given vs 15% cap
L00295,DISCOUNT_ABUSE,O011417,I018299,112.9,1,R24: 25% given vs 15% cap
L00296,DISCOUNT_ABUSE,O011440,I018334,191.85,1,R19: 35% given vs 20% cap
L00297,DISCOUNT_ABUSE,O011457,I018368,386.85,1,R14: 40% given vs 25% cap
L00298,DISCOUNT_ABUSE,O011552,I018518,237.8,1,R24: 35% given vs 15% cap
L00299,DISCOUNT_ABUSE,O011568,I018541,489.8,1,R24: 40% given vs 20% cap
L00300,DISCOUNT_ABUSE,O011568,I018542,135.9,1,R24: 20% given vs 10% cap
L00301,DISCOUNT_ABUSE,O011635,I018648,125.85,1,R19: 35% given vs 20% cap
L00302,DISCOUNT_ABUSE,O011685,I018730,149.9,1,R14: 30% given vs 20% cap
L00303,DISCOUNT_ABUSE,O011741,I018815,100.35,1,R20: 25% given vs 10% cap
L00304,DISCOUNT_ABUSE,O011793,I018902,242.85,1,R24: 25% given vs 10% cap
L00305,DISCOUNT_ABUSE,O011816,I018937,295.6,1,R16: 35% given vs 15% cap
L00306,DISCOUNT_ABUSE,O011840,I018978,143.9,1,R14: 35% given vs 25% cap
L00307,DISCOUNT_ABUSE,O011906,I019081,267.6,1,R14: 45% given vs 25% cap
L00308,DISCOUNT_ABUSE,O011971,I019184,107.85,1,R20: 35% given vs 20% cap
L00309,DISCOUNT_ABUSE,O011987,I019210,217.35,1,R24: 25% given vs 10% cap
L00310,DISCOUNT_ABUSE,O011987,I019212,213.8,1,R24: 25% given vs 15% cap
L00311,DISCOUNT_ABUSE,O012028,I019271,92.9,1,R24: 20% given vs 10% cap
L00312,DISCOUNT_ABUSE,O012091,I019367,295.6,1,R24: 35% given vs 15% cap
L00313,DISCOUNT_ABUSE,O012134,I019433,150.9,1,R21: 30% given vs 20% cap
L00314,DISCOUNT_ABUSE,O012218,I019561,73.9,1,R14: 25% given vs 15% cap
L00315,DISCOUNT_ABUSE,O012537,I020068,256.05,1,R14: 30% given vs 15% cap
L00316,DISCOUNT_ABUSE,O012562,I020108,131.6,1,R19: 45% given vs 25% cap
L00317,DISCOUNT_ABUSE,O012562,I020109,43.8,1,R19: 35% given vs 15% cap
L00318,DISCOUNT_ABUSE,O012674,I020285,271.9,1,R21: 35% given vs 25% cap
L00319,DISCOUNT_ABUSE,O012679,I020297,225.8,1,R14: 35% given vs 15% cap
L00320,DISCOUNT_ABUSE,O012689,I020310,226.35,1,R19: 35% given vs 20% cap
L00321,DISCOUNT_ABUSE,O012723,I020363,110.85,1,R21: 30% given vs 15% cap
L00322,DISCOUNT_ABUSE,O012727,I020368,590.7,1,R16: 35% given vs 25% cap
L00323,DISCOUNT_ABUSE,O012836,I020535,439.6,1,R19: 30% given vs 10% cap
L00324,DISCOUNT_ABUSE,O012836,I020536,155.85,1,R19: 30% given vs 15% cap
L00325,DISCOUNT_ABUSE,O012849,I020558,83.9,1,R14: 35% given vs 25% cap
L00326,DISCOUNT_ABUSE,O012992,I020794,223.35,1,R24: 25% given vs 10% cap
L00327,DISCOUNT_ABUSE,O012992,I020795,153.8,1,R24: 40% given vs 20% cap
L00328,DISCOUNT_ABUSE,O013077,I020937,167.85,1,R21: 25% given vs 10% cap
L00329,DISCOUNT_ABUSE,O013131,I021035,75.9,1,R19: 30% given vs 20% cap
L00330,DISCOUNT_ABUSE,O013161,I021081,150.9,1,R21: 30% given vs 20% cap
L00331,DISCOUNT_ABUSE,O013329,I021342,125.9,1,R20: 20% given vs 10% cap
L00332,DISCOUNT_ABUSE,O013334,I021350,205.8,1,R20: 45% given vs 25% cap
L00333,DISCOUNT_ABUSE,O013351,I021374,123.8,1,R21: 25% given vs 15% cap
L00334,DISCOUNT_ABUSE,O013436,I021507,56.9,1,R14: 25% given vs 15% cap
L00335,DISCOUNT_ABUSE,O013450,I021537,295.35,1,R24: 40% given vs 25% cap
L00336,DISCOUNT_ABUSE,O013465,I021563,226.35,1,R24: 35% given vs 20% cap
L00337,DISCOUNT_ABUSE,O013511,I021635,575.8,1,R24: 40% given vs 20% cap
L00338,DISCOUNT_ABUSE,O013550,I021696,146.9,1,R14: 25% given vs 15% cap
L00339,DISCOUNT_ABUSE,O013562,I021715,109.9,1,R16: 25% given vs 15% cap
L00340,DISCOUNT_ABUSE,O013562,I021716,93.8,1,R16: 30% given vs 10% cap
L00341,DISCOUNT_ABUSE,O013577,I021742,719.6,1,R14: 45% given vs 25% cap
L00342,DISCOUNT_ABUSE,O013581,I021747,356.7,1,R20: 30% given vs 15% cap
L00343,DISCOUNT_ABUSE,O013622,I021806,155.85,1,R24: 30% given vs 15% cap
L00344,DISCOUNT_ABUSE,O013685,I021905,218.85,1,R24: 40% given vs 25% cap
L00345,DISCOUNT_ABUSE,O013789,I022070,257.9,1,R21: 35% given vs 25% cap
L00346,DISCOUNT_ABUSE,O013789,I022071,287.8,1,R21: 35% given vs 25% cap
L00347,DISCOUNT_ABUSE,O013810,I022104,814.05,1,R21: 40% given vs 25% cap
L00348,DISCOUNT_ABUSE,O013877,I022207,148.9,1,R20: 20% given vs 10% cap
L00349,DISCOUNT_ABUSE,O013877,I022209,393.8,1,R20: 45% given vs 25% cap
L00350,DISCOUNT_ABUSE,O013883,I022217,141.9,1,R20: 30% given vs 20% cap
L00351,DISCOUNT_ABUSE,O013938,I022301,395.6,1,R14: 45% given vs 25% cap
L00352,DISCOUNT_ABUSE,O013998,I022390,217.35,1,R19: 25% given vs 10% cap
L00353,DISCOUNT_ABUSE,O013998,I022391,64.35,1,R19: 40% given vs 25% cap
L00354,DISCOUNT_ABUSE,O014098,I022549,110.85,1,R16: 30% given vs 15% cap
L00355,DISCOUNT_ABUSE,O014125,I022590,103.35,1,R16: 40% given vs 25% cap
L00356,DISCOUNT_ABUSE,O014125,I022591,515.8,1,R16: 45% given vs 25% cap
L00357,DISCOUNT_ABUSE,O014181,I022682,225.8,1,R16: 25% given vs 15% cap
L00358,DISCOUNT_ABUSE,O014292,I022863,51.8,1,R20: 35% given vs 15% cap
L00359,DISCOUNT_ABUSE,O014293,I022864,113.8,1,R19: 35% given vs 15% cap
L00360,DISCOUNT_ABUSE,O014301,I022878,131.9,1,R16: 25% given vs 15% cap
L00361,DISCOUNT_ABUSE,O014301,I022879,121.8,1,R16: 40% given vs 20% cap
L00362,DISCOUNT_ABUSE,O014312,I022894,193.35,1,R19: 25% given vs 10% cap
L00363,DISCOUNT_ABUSE,O014368,I022981,193.35,1,R24: 25% given vs 10% cap
L00364,DISCOUNT_ABUSE,O014368,I022983,451.8,1,R24: 45% given vs 25% cap
L00365,DISCOUNT_ABUSE,O014450,I023113,279.8,1,R16: 45% given vs 25% cap
L00366,DISCOUNT_ABUSE,O014520,I023213,513.8,1,R20: 45% given vs 25% cap
L00367,DISCOUNT_ABUSE,O014554,I023265,103.6,1,R21: 35% given vs 15% cap
L00368,DISCOUNT_ABUSE,O014575,I023304,104.7,1,R21: 30% given vs 15% cap
L00369,DISCOUNT_ABUSE,O014680,I023488,307.6,1,R16: 40% given vs 20% cap
L00370,DISCOUNT_ABUSE,O014811,I023694,133.8,1,R19: 30% given vs 10% cap
L00371,DISCOUNT_ABUSE,O014811,I023695,52.9,1,R19: 25% given vs 15% cap
L00372,DISCOUNT_ABUSE,O014879,I023808,131.8,1,R20: 45% given vs 25% cap
L00373,DISCOUNT_ABUSE,O014879,I023809,105.8,1,R20: 35% given vs 15% cap
L00374,DISCOUNT_ABUSE,O014884,I023816,33.9,1,R24: 25% given vs 15% cap
L00375,DISCOUNT_ABUSE,O015028,I024045,219.8,1,R20: 30% given vs 10% cap
L00376,DISCOUNT_ABUSE,O015075,I024119,197.8,1,R24: 35% given vs 25% cap
L00377,DISCOUNT_ABUSE,O015104,I024174,271.9,1,R21: 30% given vs 20% cap
L00378,DISCOUNT_ABUSE,O015104,I024175,66.9,1,R21: 20% given vs 10% cap
L00379,DISCOUNT_ABUSE,O015145,I024225,255.8,1,R24: 40% given vs 20% cap
L00380,DISCOUNT_ABUSE,O015174,I024269,301.8,1,R20: 40% given vs 20% cap
L00381,DISCOUNT_ABUSE,O015178,I024275,375.6,1,R24: 30% given vs 10% cap
L00382,DISCOUNT_ABUSE,O015178,I024276,353.7,1,R24: 25% given vs 15% cap
L00383,DISCOUNT_ABUSE,O015198,I024310,131.85,1,R21: 40% given vs 25% cap
L00384,DISCOUNT_ABUSE,O015386,I024604,221.9,1,R16: 35% given vs 25% cap
L00385,DISCOUNT_ABUSE,O015386,I024605,471.6,1,R16: 35% given vs 15% cap
L00386,DISCOUNT_ABUSE,O015553,I024867,56.9,1,R24: 25% given vs 15% cap
L00387,DISCOUNT_ABUSE,O015587,I024909,301.8,1,R16: 40% given vs 20% cap
L00388,DISCOUNT_ABUSE,O015722,I025129,141.8,1,R20: 30% given vs 10% cap
L00389,DISCOUNT_ABUSE,O015773,I025213,217.35,1,R14: 25% given vs 10% cap
L00390,DISCOUNT_ABUSE,O015830,I025299,737.4,1,R19: 45% given vs 25% cap
L00391,DISCOUNT_ABUSE,O015843,I025318,563.4,1,R19: 30% given vs 10% cap
L00392,DISCOUNT_ABUSE,O015904,I025409,301.8,1,R19: 30% given vs 20% cap
L00393,DISCOUNT_ABUSE,O015908,I025416,649.8,1,R24: 40% given vs 20% cap
L00394,DISCOUNT_ABUSE,O016159,I025833,562.05,1,R19: 40% given vs 25% cap
L00395,DISCOUNT_ABUSE,O016159,I025834,299.8,1,R19: 40% given vs 20% cap
L00396,DISCOUNT_ABUSE,O016159,I025836,56.9,1,R19: 25% given vs 15% cap
L00397,DISCOUNT_ABUSE,O016267,I026005,440.7,1,R21: 25% given vs 15% cap
L00398,DISCOUNT_ABUSE,O016311,I026082,70.35,1,R20: 25% given vs 10% cap
L00399,DISCOUNT_ABUSE,O016324,I026101,137.8,1,R14: 45% given vs 25% cap
L00400,DISCOUNT_ABUSE,O016324,I026102,34.9,1,R14: 25% given vs 15% cap
L00401,DISCOUNT_ABUSE,O016324,I026103,515.8,1,R14: 45% given vs 25% cap
L00402,DISCOUNT_ABUSE,O016387,I026203,475.6,1,R19: 35% given vs 15% cap
L00403,DISCOUNT_ABUSE,O016390,I026210,110.85,1,R19: 30% given vs 15% cap
L00404,DISCOUNT_ABUSE,O016414,I026254,93.8,1,R14: 30% given vs 10% cap
L00405,DISCOUNT_ABUSE,O016480,I026347,118.9,1,R16: 25% given vs 15% cap
L00406,DISCOUNT_ABUSE,O016480,I026348,217.35,1,R16: 40% given vs 25% cap
L00407,DISCOUNT_ABUSE,O016548,I026455,237.8,1,R24: 35% given vs 15% cap
L00408,DISCOUNT_ABUSE,O016614,I026546,69.8,1,R16: 35% given vs 15% cap
L00409,DISCOUNT_ABUSE,O016634,I026577,332.85,1,R24: 40% given vs 25% cap
L00410,DISCOUNT_ABUSE,O016672,I026635,407.85,1,R24: 40% given vs 25% cap
L00411,DISCOUNT_ABUSE,O016673,I026636,72.9,1,R14: 30% given vs 20% cap
L00412,DISCOUNT_ABUSE,O016704,I026681,283.8,1,R21: 40% given vs 20% cap
L00413,DISCOUNT_ABUSE,O016730,I026722,131.9,1,R14: 25% given vs 15% cap
L00414,DISCOUNT_ABUSE,O016867,I026937,79.35,1,R24: 30% given vs 15% cap
L00415,DISCOUNT_ABUSE,O016912,I027004,1949.4,1,R20: 40% given vs 20% cap
L00416,DISCOUNT_ABUSE,O016924,I027031,205.8,1,R19: 35% given vs 25% cap
L00417,DISCOUNT_ABUSE,O016996,I027141,869.4,1,R16: 30% given vs 10% cap
L00418,DISCOUNT_ABUSE,O016996,I027142,393.8,1,R16: 45% given vs 25% cap
L00419,DISCOUNT_ABUSE,O017079,I027278,115.35,1,R24: 35% given vs 20% cap
L00420,DISCOUNT_ABUSE,O017085,I027286,70.9,1,R19: 20% given vs 10% cap
L00421,DISCOUNT_ABUSE,O017093,I027301,71.9,1,R21: 25% given vs 15% cap
L00422,DISCOUNT_ABUSE,O017093,I027303,92.85,1,R21: 25% given vs 10% cap
L00423,DISCOUNT_ABUSE,O017096,I027306,103.35,1,R20: 40% given vs 25% cap
L00424,DISCOUNT_ABUSE,O017106,I027317,61.9,1,R14: 20% given vs 10% cap
L00425,DISCOUNT_ABUSE,O017153,I027400,93.8,1,R16: 30% given vs 10% cap
L00426,DISCOUNT_ABUSE,O017153,I027402,483.8,1,R16: 40% given vs 20% cap
L00427,DISCOUNT_ABUSE,O017169,I027429,139.9,1,R14: 20% given vs 10% cap
L00428,DISCOUNT_ABUSE,O017194,I027471,113.8,1,R16: 35% given vs 15% cap
L00429,DISCOUNT_ABUSE,O017248,I027571,79.8,1,R20: 45% given vs 25% cap
L00430,DISCOUNT_ABUSE,O017261,I027591,38.85,1,R21: 30% given vs 15% cap
L00431,DISCOUNT_ABUSE,O017280,I027625,217.35,1,R20: 25% given vs 10% cap
L00432,DISCOUNT_ABUSE,O017307,I027660,80.9,1,R24: 20% given vs 10% cap
L00433,DISCOUNT_ABUSE,O017318,I027676,188.85,1,R16: 40% given vs 25% cap
L00434,DISCOUNT_ABUSE,O017348,I027723,139.35,1,R16: 25% given vs 10% cap
L00435,DISCOUNT_ABUSE,O017520,I027991,257.9,1,R20: 35% given vs 25% cap
L00436,DISCOUNT_ABUSE,O017543,I028029,967.6,1,R19: 40% given vs 20% cap
L00437,DISCOUNT_ABUSE,O017543,I028030,114.9,1,R19: 30% given vs 20% cap
L00438,DISCOUNT_ABUSE,O017618,I028145,287.9,1,R19: 35% given vs 25% cap
L00439,DISCOUNT_ABUSE,O017675,I028230,361.8,1,R14: 55% given vs 35% cap
L00440,DISCOUNT_ABUSE,O017694,I028262,125.85,1,R14: 45% given vs 30% cap
L00441,DISCOUNT_ABUSE,O017878,I028553,167.85,1,R24: 35% given vs 20% cap
L00442,DISCOUNT_ABUSE,O017919,I028615,271.9,1,R19: 45% given vs 35% cap
L00443,DISCOUNT_ABUSE,O017924,I028623,212.85,1,R20: 45% given vs 30% cap
L00444,DISCOUNT_ABUSE,O017989,I028724,127.9,1,R16: 40% given vs 30% cap
L00445,DISCOUNT_ABUSE,O017995,I028735,419.7,1,R14: 50% given vs 35% cap
L00446,DISCOUNT_ABUSE,O017999,I028743,254.7,1,R24: 40% given vs 25% cap
L00447,DISCOUNT_ABUSE,O018072,I028858,244.9,1,R16: 40% given vs 30% cap
L00448,DISCOUNT_ABUSE,O018072,I028859,451.8,1,R16: 55% given vs 35% cap
L00449,DISCOUNT_ABUSE,O018092,I028887,491.6,1,R16: 55% given vs 35% cap
L00450,DISCOUNT_ABUSE,O018092,I028888,257.9,1,R16: 45% given vs 35% cap
L00451,DISCOUNT_ABUSE,O018136,I028955,34.9,1,R21: 35% given vs 25% cap
L00452,DISCOUNT_ABUSE,O018138,I028957,223.35,1,R24: 35% given vs 20% cap
L00453,DISCOUNT_ABUSE,O018161,I028996,140.85,1,R16: 35% given vs 20% cap
L00454,DISCOUNT_ABUSE,O018196,I029052,147.8,1,R20: 45% given vs 25% cap
L00455,DISCOUNT_ABUSE,O018265,I029169,160.35,1,R16: 40% given vs 25% cap
L00456,DISCOUNT_ABUSE,O018309,I029237,439.35,1,R20: 50% given vs 35% cap
L00457,DISCOUNT_ABUSE,O018451,I029466,324.9,1,R21: 40% given vs 30% cap
L00458,DISCOUNT_ABUSE,O018638,I029753,105.8,1,R20: 45% given vs 25% cap
L00459,DISCOUNT_ABUSE,O018711,I029865,113.8,1,R14: 40% given vs 20% cap
L00460,DISCOUNT_ABUSE,O018734,I029905,185.8,1,R24: 40% given vs 20% cap
L00461,DISCOUNT_ABUSE,O018775,I029965,131.85,1,R16: 50% given vs 35% cap
L00462,DISCOUNT_ABUSE,O018947,I030246,263.8,1,R19: 45% given vs 25% cap
L00463,DISCOUNT_ABUSE,O018947,I030247,257.8,1,R19: 30% given vs 20% cap
L00464,DISCOUNT_ABUSE,O019008,I030341,393.8,1,R24: 45% given vs 35% cap
L00465,DISCOUNT_ABUSE,O019037,I030383,81.8,1,R20: 40% given vs 20% cap
L00466,DISCOUNT_ABUSE,O019140,I030552,150.9,1,R24: 40% given vs 30% cap
L00467,DISCOUNT_ABUSE,O019260,I030747,148.9,1,R19: 30% given vs 20% cap
L00468,DISCOUNT_ABUSE,O019260,I030748,299.85,1,R19: 50% given vs 35% cap
L00469,DISCOUNT_ABUSE,O019287,I030792,100.35,1,R14: 35% given vs 20% cap
L00470,DISCOUNT_ABUSE,O019358,I030896,386.85,1,R14: 50% given vs 35% cap
L00471,DISCOUNT_ABUSE,O019371,I030916,52.9,1,R14: 35% given vs 25% cap
L00472,DISCOUNT_ABUSE,O019391,I030941,85.35,1,R14: 40% given vs 25% cap
L00473,DISCOUNT_ABUSE,O019433,I030999,68.9,1,R16: 45% given vs 35% cap
L00474,DISCOUNT_ABUSE,O019450,I031020,144.9,1,R19: 30% given vs 20% cap
L00475,DISCOUNT_ABUSE,O019507,I031121,105.8,1,R24: 45% given vs 25% cap
L00476,DISCOUNT_ABUSE,O019507,I031122,137.8,1,R24: 45% given vs 35% cap
L00477,DISCOUNT_ABUSE,O019509,I031124,73.9,1,R24: 35% given vs 25% cap
L00478,DISCOUNT_ABUSE,O019571,I031222,69.8,1,R16: 45% given vs 25% cap
L00479,DISCOUNT_ABUSE,O019825,I031638,147.8,1,R24: 45% given vs 25% cap
L00480,DISCOUNT_ABUSE,O019825,I031639,187.8,1,R24: 30% given vs 20% cap
L00481,DISCOUNT_ABUSE,O019877,I031728,217.35,1,R16: 35% given vs 20% cap
L00482,DISCOUNT_ABUSE,O019978,I031891,249.8,1,R20: 55% given vs 35% cap
L00483,DISCOUNT_ABUSE,O019979,I031892,97.35,1,R19: 50% given vs 35% cap
L00484,DISCOUNT_ABUSE,O019979,I031893,68.9,1,R19: 45% given vs 35% cap
L00485,DISCOUNT_ABUSE,O020043,I031991,131.4,1,R16: 45% given vs 25% cap
L00486,DISCOUNT_ABUSE,O020046,I031994,85.8,1,R21: 30% given vs 20% cap
L00487,DISCOUNT_ABUSE,O020075,I032038,111.9,1,R24: 45% given vs 35% cap
L00488,DISCOUNT_ABUSE,O020075,I032040,227.6,1,R24: 45% given vs 25% cap
L00489,DISCOUNT_ABUSE,O020075,I032041,115.35,1,R24: 45% given vs 30% cap
L00490,DISCOUNT_ABUSE,O020093,I032067,237.8,1,R19: 35% given vs 25% cap
L00491,DISCOUNT_ABUSE,O020093,I032068,109.9,1,R19: 35% given vs 25% cap
L00492,DISCOUNT_ABUSE,O020093,I032069,113.8,1,R19: 45% given vs 25% cap
L00493,DISCOUNT_ABUSE,O020098,I032075,515.8,1,R19: 55% given vs 35% cap
L00494,DISCOUNT_ABUSE,O020210,I032253,105.8,1,R14: 45% given vs 25% cap
L00495,DISCOUNT_ABUSE,O020271,I032356,289.8,1,R20: 55% given vs 35% cap
L00496,DISCOUNT_ABUSE,O020315,I032422,170.7,1,R20: 40% given vs 25% cap
L00497,DISCOUNT_ABUSE,O020315,I032423,219.8,1,R20: 40% given vs 20% cap
L00498,DISCOUNT_ABUSE,O020325,I032438,148.05,1,R16: 50% given vs 35% cap
L00499,DISCOUNT_ABUSE,O020328,I032445,590.7,1,R21: 45% given vs 35% cap
L00500,DISCOUNT_ABUSE,O020399,I032577,211.6,1,R24: 45% given vs 25% cap
L00501,DISCOUNT_ABUSE,O020440,I032651,260.55,1,R19: 40% given vs 25% cap
L00502,DISCOUNT_ABUSE,O020440,I032652,110.85,1,R19: 40% given vs 25% cap
L00503,DISCOUNT_ABUSE,O020480,I032716,129.8,1,R14: 55% given vs 35% cap
L00504,DISCOUNT_ABUSE,O020480,I032717,329.7,1,R14: 35% given vs 25% cap
L00505,DISCOUNT_ABUSE,O020513,I032765,193.8,1,R14: 45% given vs 25% cap
L00506,DISCOUNT_ABUSE,O020518,I032771,107.85,1,R21: 45% given vs 30% cap
L00507,DISCOUNT_ABUSE,O020518,I032772,79.35,1,R21: 40% given vs 25% cap
L00508,DISCOUNT_ABUSE,O020518,I032773,187.6,1,R21: 40% given vs 20% cap
L00509,DISCOUNT_ABUSE,O020518,I032774,344.7,1,R21: 45% given vs 30% cap
L00510,DISCOUNT_ABUSE,O020531,I032791,100.9,1,R20: 35% given vs 25% cap
L00511,DISCOUNT_ABUSE,O020602,I032905,143.9,1,R19: 45% given vs 35% cap
L00512,DISCOUNT_ABUSE,O020655,I032991,362.85,1,R24: 45% given vs 30% cap
L00513,DISCOUNT_ABUSE,O020787,I033229,193.8,1,R19: 55% given vs 35% cap
L00514,DISCOUNT_ABUSE,O020855,I033331,61.9,1,R16: 30% given vs 20% cap
L00515,DISCOUNT_ABUSE,O020865,I033349,230.7,1,R19: 45% given vs 30% cap
L00516,DISCOUNT_ABUSE,O020865,I033350,128.7,1,R19: 30% given vs 20% cap
L00517,DISCOUNT_ABUSE,O020880,I033372,281.7,1,R14: 40% given vs 25% cap
L00518,DISCOUNT_ABUSE,O021253,I033962,107.85,1,R21: 45% given vs 30% cap
L00519,DISCOUNT_ABUSE,O021352,I034123,191.85,1,R16: 45% given vs 30% cap
L00520,DISCOUNT_ABUSE,O021438,I034258,434.7,1,R14: 35% given vs 20% cap
L00521,DISCOUNT_ABUSE,O021461,I034290,123.8,1,R20: 45% given vs 25% cap
L00522,DISCOUNT_ABUSE,O021535,I034401,81.8,1,R21: 30% given vs 20% cap
L00523,DISCOUNT_ABUSE,O021536,I034403,269.85,1,R14: 50% given vs 35% cap
L00524,DISCOUNT_ABUSE,O021536,I034404,144.9,1,R14: 30% given vs 20% cap
L00525,DISCOUNT_ABUSE,O021552,I034431,244.9,1,R19: 40% given vs 30% cap
L00526,DISCOUNT_ABUSE,O021552,I034432,68.9,1,R19: 45% given vs 35% cap
L00527,DISCOUNT_ABUSE,O021583,I034484,32.9,1,R19: 45% given vs 35% cap
L00528,DISCOUNT_ABUSE,O021596,I034508,117.9,1,R20: 35% given vs 25% cap
L00529,DISCOUNT_ABUSE,O021749,I034756,25.9,1,R24: 35% given vs 25% cap
L00530,DISCOUNT_ABUSE,O021749,I034757,113.8,1,R24: 45% given vs 25% cap
L00531,DISCOUNT_ABUSE,O021799,I034834,114.9,1,R14: 40% given vs 30% cap
L00532,DISCOUNT_ABUSE,O021804,I034842,338.85,1,R14: 50% given vs 35% cap
L00533,DISCOUNT_ABUSE,O021814,I034860,289.8,1,R19: 40% given vs 20% cap
L00534,DISCOUNT_ABUSE,O021816,I034863,543.6,1,R21: 40% given vs 20% cap
L00535,DISCOUNT_ABUSE,O021844,I034903,79.35,1,R19: 40% given vs 25% cap
L00536,DISCOUNT_ABUSE,O021852,I034918,158.7,1,R21: 35% given vs 25% cap
L00537,DISCOUNT_ABUSE,O021860,I034929,242.85,1,R14: 35% given vs 20% cap
L00538,DISCOUNT_ABUSE,O021870,I034946,583.6,1,R21: 45% given vs 25% cap
L00539,DISCOUNT_ABUSE,O021883,I034962,25.9,1,R14: 35% given vs 25% cap
L00540,DISCOUNT_ABUSE,O021949,I035065,146.85,1,R21: 40% given vs 25% cap
L00541,DISCOUNT_ABUSE,O022012,I035160,135.6,1,R21: 45% given vs 25% cap
L00542,DISCOUNT_ABUSE,O022015,I035166,100.35,1,R24: 50% given vs 35% cap
L00543,DISCOUNT_ABUSE,O022037,I035210,141.9,1,R14: 40% given vs 30% cap
L00544,DISCOUNT_ABUSE,O022058,I035246,195.8,1,R20: 45% given vs 25% cap
L00545,DISCOUNT_ABUSE,O022138,I035371,125.9,1,R16: 45% given vs 35% cap
L00546,DISCOUNT_ABUSE,O022159,I035403,131.9,1,R19: 35% given vs 25% cap
L00547,DISCOUNT_ABUSE,O022276,I035587,661.05,1,R20: 40% given vs 25% cap
L00548,DISCOUNT_ABUSE,O022276,I035588,25.9,1,R20: 35% given vs 25% cap
L00549,DISCOUNT_ABUSE,O022314,I035646,221.9,1,R21: 45% given vs 35% cap
L00550,DISCOUNT_ABUSE,O022363,I035741,235.8,1,R19: 55% given vs 35% cap
L00551,DISCOUNT_ABUSE,O022424,I035847,223.8,1,R24: 55% given vs 35% cap
L00552,DISCOUNT_ABUSE,O022465,I035912,221.9,1,R20: 45% given vs 35% cap
L00553,DISCOUNT_ABUSE,O022519,I036012,145.8,1,R19: 40% given vs 30% cap
L00554,DISCOUNT_ABUSE,O022639,I036191,196.9,1,R24: 45% given vs 35% cap
L00555,DISCOUNT_ABUSE,O022674,I036244,317.4,1,R19: 45% given vs 25% cap
L00556,DISCOUNT_ABUSE,O022720,I036323,169.35,1,R14: 40% given vs 25% cap
L00557,DISCOUNT_ABUSE,O022720,I036324,127.9,1,R14: 35% given vs 25% cap
L00558,DISCOUNT_ABUSE,O022720,I036325,967.6,1,R14: 50% given vs 30% cap
L00559,DISCOUNT_ABUSE,O022846,I036526,207.8,1,R16: 45% given vs 25% cap
L00560,DISCOUNT_ABUSE,O022895,I036600,110.85,1,R19: 40% given vs 25% cap
L00561,DISCOUNT_ABUSE,O022895,I036601,93.8,1,R19: 45% given vs 25% cap
L00562,DISCOUNT_ABUSE,O022895,I036602,63.9,1,R19: 30% given vs 20% cap
L00563,DISCOUNT_ABUSE,O022895,I036603,585.8,1,R19: 55% given vs 35% cap
L00564,DISCOUNT_ABUSE,O022909,I036623,383.7,1,R20: 45% given vs 35% cap
L00565,DISCOUNT_ABUSE,O022918,I036637,93.9,1,R21: 30% given vs 20% cap
L00566,DISCOUNT_ABUSE,O022931,I036656,164.85,1,R14: 40% given vs 25% cap
L00567,DISCOUNT_ABUSE,O022986,I036729,92.9,1,R14: 30% given vs 20% cap
L00568,DISCOUNT_ABUSE,O023022,I036774,98.9,1,R14: 45% given vs 35% cap
L00569,DISCOUNT_ABUSE,O023120,I036916,66.9,1,R19: 30% given vs 20% cap
L00570,DISCOUNT_ABUSE,O023120,I036918,87.8,1,R19: 45% given vs 25% cap
L00571,DISCOUNT_ABUSE,O023139,I036947,221.7,1,R14: 40% given vs 25% cap
L00572,DISCOUNT_ABUSE,O023139,I036948,68.9,1,R14: 45% given vs 35% cap
L00573,DISCOUNT_ABUSE,O023173,I037003,68.9,1,R19: 45% given vs 35% cap
L00574,DISCOUNT_ABUSE,O023267,I037154,677.7,1,R24: 45% given vs 35% cap
L00575,DISCOUNT_ABUSE,O023366,I037315,73.9,1,R14: 35% given vs 25% cap
L00576,DISCOUNT_ABUSE,O023386,I037346,111.9,1,R21: 45% given vs 35% cap
L00577,DISCOUNT_ABUSE,O023386,I037347,255.6,1,R21: 40% given vs 20% cap
L00578,DISCOUNT_ABUSE,O023415,I037394,125.85,1,R19: 40% given vs 25% cap
L00579,DISCOUNT_ABUSE,O023424,I037405,434.7,1,R19: 35% given vs 20% cap
L00580,DISCOUNT_ABUSE,O023424,I037406,96.9,1,R19: 35% given vs 25% cap
L00581,DISCOUNT_ABUSE,O023449,I037445,140.85,1,R24: 35% given vs 20% cap
L00582,DISCOUNT_ABUSE,O023465,I037469,287.9,1,R21: 45% given vs 35% cap
L00583,DISCOUNT_ABUSE,O023522,I037569,293.8,1,R14: 45% given vs 25% cap
L00584,DISCOUNT_ABUSE,O023577,I037663,46.9,1,R21: 30% given vs 20% cap
L00585,DISCOUNT_ABUSE,O023586,I037676,175.8,1,R21: 55% given vs 35% cap
L00586,DISCOUNT_ABUSE,O023680,I037838,149.8,1,R16: 45% given vs 25% cap
L00587,DISCOUNT_ABUSE,O023726,I037911,52.9,1,R20: 35% given vs 25% cap
L00588,DISCOUNT_ABUSE,O023806,I038028,143.8,1,R24: 50% given vs 30% cap
L00589,DISCOUNT_ABUSE,O023825,I038059,52.9,1,R21: 35% given vs 25% cap
L00590,DISCOUNT_ABUSE,O023923,I038195,150.9,1,R20: 40% given vs 30% cap
L00591,DISCOUNT_ABUSE,O023926,I038198,71.9,1,R20: 35% given vs 25% cap
L00592,DISCOUNT_ABUSE,O023926,I038199,158.7,1,R20: 40% given vs 25% cap
L00593,DISCOUNT_ABUSE,O023956,I038241,585.8,1,R21: 45% given vs 35% cap
L00594,DISCOUNT_ABUSE,O023956,I038242,131.85,1,R21: 50% given vs 35% cap
L00595,DISCOUNT_ABUSE,O023956,I038243,143.9,1,R21: 45% given vs 35% cap
L00596,DISCOUNT_ABUSE,O023976,I038272,137.8,1,R20: 55% given vs 35% cap
L00597,DISCOUNT_ABUSE,O024013,I038331,118.9,1,R14: 35% given vs 25% cap
L00598,DISCOUNT_ABUSE,O024193,I038609,229.8,1,R21: 50% given vs 30% cap
L00599,DISCOUNT_ABUSE,O024193,I038611,150.9,1,R21: 40% given vs 30% cap
L00600,DISCOUNT_ABUSE,O024227,I038666,187.8,1,R20: 40% given vs 20% cap
L00601,DISCOUNT_ABUSE,O024227,I038668,68.9,1,R20: 45% given vs 35% cap
L00602,DISCOUNT_ABUSE,O024227,I038669,127.9,1,R20: 45% given vs 35% cap
L00603,DISCOUNT_ABUSE,O024253,I038704,51.8,1,R14: 45% given vs 25% cap
L00604,DISCOUNT_ABUSE,O024309,I038785,161.9,1,R19: 30% given vs 20% cap
L00605,DISCOUNT_ABUSE,O024393,I038905,79.35,1,R24: 40% given vs 25% cap
L00606,DISCOUNT_ABUSE,O024393,I038908,169.35,1,R24: 40% given vs 25% cap
L00607,DISCOUNT_ABUSE,O024465,I039018,170.9,1,R21: 40% given vs 30% cap
L00608,DISCOUNT_ABUSE,O024472,I039028,361.8,1,R20: 55% given vs 35% cap
L00609,DISCOUNT_ABUSE,O024584,I039208,164.85,1,R20: 40% given vs 25% cap
L00610,DISCOUNT_ABUSE,O024733,I039453,241.9,1,R24: 40% given vs 30% cap
L00611,DISCOUNT_ABUSE,O024738,I039460,113.8,1,R19: 45% given vs 25% cap
L00612,DISCOUNT_ABUSE,O024771,I039508,68.9,1,R21: 45% given vs 35% cap
L00613,DISCOUNT_ABUSE,O024771,I039509,293.8,1,R21: 45% given vs 25% cap
L00614,DISCOUNT_ABUSE,O024771,I039510,107.85,1,R21: 40% given vs 25% cap
L00615,DISCOUNT_ABUSE,O024797,I039551,151.8,1,R20: 40% given vs 30% cap
L00616,DISCOUNT_ABUSE,O024816,I039580,245.8,1,R20: 55% given vs 35% cap
L00617,DISCOUNT_ABUSE,O024835,I039613,543.8,1,R16: 40% given vs 30% cap
L00618,DISCOUNT_ABUSE,O024878,I039674,293.7,1,R21: 40% given vs 25% cap
L00619,DISCOUNT_ABUSE,O024920,I039740,97.35,1,R21: 50% given vs 35% cap
L00620,DISCOUNT_ABUSE,O025230,I040218,226.35,1,R21: 45% given vs 30% cap
L00621,DISCOUNT_ABUSE,O025230,I040220,39.9,1,R21: 45% given vs 35% cap
L00622,DISCOUNT_ABUSE,O025236,I040227,229.8,1,R24: 40% given vs 30% cap
L00623,DISCOUNT_ABUSE,O025236,I040228,103.35,1,R24: 50% given vs 35% cap
L00624,DISCOUNT_ABUSE,O025287,I040311,487.35,1,R19: 45% given vs 30% cap
L00625,DISCOUNT_ABUSE,O025290,I040315,652.05,1,R16: 35% given vs 20% cap
L00626,DISCOUNT_ABUSE,O025290,I040317,124.9,1,R16: 45% given vs 35% cap
L00627,DISCOUNT_ABUSE,O025437,I040554,231.6,1,R14: 45% given vs 25% cap
L00628,DISCOUNT_ABUSE,O025477,I040622,50.85,1,R16: 40% given vs 25% cap
L00629,DISCOUNT_ABUSE,O025477,I040623,974.7,1,R16: 45% given vs 30% cap
L00630,DISCOUNT_ABUSE,O025560,I040759,237.8,1,R16: 40% given vs 20% cap
L00631,DISCOUNT_ABUSE,O025638,I040886,135.9,1,R14: 30% given vs 20% cap
L00632,DISCOUNT_ABUSE,O025818,I041188,32.9,1,R19: 45% given vs 35% cap
L00633,DISCOUNT_ABUSE,O025818,I041189,109.35,1,R19: 45% given vs 30% cap
L00634,DISCOUNT_ABUSE,O025860,I041260,199.8,1,R16: 35% given vs 25% cap
L00635,DISCOUNT_ABUSE,O025889,I041307,106.9,1,R20: 35% given vs 25% cap
L00636,DISCOUNT_ABUSE,O025954,I041420,283.8,1,R19: 40% given vs 30% cap
L00637,DISCOUNT_ABUSE,O025969,I041441,280.35,1,R20: 50% given vs 35% cap
L00638,DISCOUNT_ABUSE,O026015,I041522,71.9,1,R21: 40% given vs 30% cap
L00639,DISCOUNT_ABUSE,O026015,I041523,105.8,1,R21: 45% given vs 25% cap
L00640,DISCOUNT_ABUSE,O026081,I041631,68.9,1,R21: 45% given vs 35% cap
L00641,DISCOUNT_ABUSE,O026112,I041683,73.9,1,R21: 35% given vs 25% cap
L00642,DISCOUNT_ABUSE,O026112,I041685,68.9,1,R21: 45% given vs 35% cap
L00643,DISCOUNT_ABUSE,O026119,I041695,95.85,1,R24: 40% given vs 25% cap
L00644,DISCOUNT_ABUSE,O026174,I041777,903.6,1,R19: 55% given vs 35% cap
L00645,DISCOUNT_ABUSE,O026214,I041837,105.8,1,R21: 45% given vs 25% cap
L00646,DISCOUNT_ABUSE,O026214,I041838,212.85,1,R21: 45% given vs 30% cap
L00647,DISCOUNT_ABUSE,O026214,I041839,81.8,1,R21: 40% given vs 20% cap
L00648,DISCOUNT_ABUSE,O026278,I041945,515.8,1,R19: 55% given vs 35% cap
L00649,DISCOUNT_ABUSE,O026278,I041946,344.7,1,R19: 45% given vs 30% cap
L00650,DISCOUNT_ABUSE,O026355,I042062,291.8,1,R24: 45% given vs 25% cap
L00651,DISCOUNT_ABUSE,O026430,I042193,755.4,1,R21: 55% given vs 35% cap
L00652,DISCOUNT_ABUSE,O026478,I042277,105.8,1,R19: 45% given vs 25% cap
L00653,DISCOUNT_ABUSE,O026490,I042297,187.8,1,R16: 45% given vs 25% cap
L00654,DISCOUNT_ABUSE,O026525,I042354,137.8,1,R16: 45% given vs 25% cap
L00655,DISCOUNT_ABUSE,O026544,I042379,105.8,1,R24: 35% given vs 15% cap
L00656,DISCOUNT_ABUSE,O026617,I042497,289.8,1,R19: 20% given vs 10% cap
L00657,DISCOUNT_ABUSE,O026638,I042528,217.35,1,R20: 25% given vs 10% cap
L00658,DISCOUNT_ABUSE,O026721,I042663,335.7,1,R19: 40% given vs 25% cap
L00659,DISCOUNT_ABUSE,O026721,I042664,133.8,1,R19: 20% given vs 10% cap
L00660,DISCOUNT_ABUSE,O026803,I042786,178.35,1,R14: 30% given vs 15% cap
L00661,DISCOUNT_ABUSE,O026803,I042787,73.9,1,R14: 25% given vs 15% cap
L00662,DISCOUNT_ABUSE,O026908,I042955,129.8,1,R14: 35% given vs 25% cap
L00663,DISCOUNT_ABUSE,O026981,I043064,220.35,1,R24: 30% given vs 15% cap
L00664,DISCOUNT_ABUSE,O027027,I043147,200.7,1,R19: 25% given vs 10% cap
L00665,DISCOUNT_ABUSE,O027052,I043181,187.8,1,R24: 35% given vs 15% cap
L00666,DISCOUNT_ABUSE,O027101,I043263,145.35,1,R20: 30% given vs 15% cap
L00667,DISCOUNT_ABUSE,O027101,I043264,83.9,1,R20: 25% given vs 15% cap
L00668,DISCOUNT_ABUSE,O027252,I043508,335.6,1,R21: 40% given vs 20% cap
L00669,DISCOUNT_ABUSE,O027411,I043769,431.85,1,R21: 40% given vs 25% cap
L00670,DISCOUNT_ABUSE,O027493,I043892,301.8,1,R19: 40% given vs 20% cap
L00671,DISCOUNT_ABUSE,O027632,I044105,100.35,1,R19: 25% given vs 10% cap
L00672,DISCOUNT_ABUSE,O027639,I044113,575.8,1,R14: 45% given vs 25% cap
L00673,DISCOUNT_ABUSE,O027676,I044163,34.9,1,R21: 25% given vs 15% cap
L00674,DISCOUNT_ABUSE,O027687,I044179,117.9,1,R19: 25% given vs 15% cap
L00675,DISCOUNT_ABUSE,O027755,I044277,110.85,1,R14: 30% given vs 15% cap
L00676,DISCOUNT_ABUSE,O027773,I044308,71.8,1,R24: 35% given vs 15% cap
L00677,DISCOUNT_ABUSE,O027848,I044421,225.9,1,R16: 35% given vs 25% cap
L00678,DISCOUNT_ABUSE,O027904,I044518,145.8,1,R19: 45% given vs 25% cap
L00679,DISCOUNT_ABUSE,O027911,I044528,79.35,1,R20: 30% given vs 15% cap
L00680,DISCOUNT_ABUSE,O027930,I044559,221.7,1,R21: 30% given vs 15% cap
L00681,DISCOUNT_ABUSE,O027930,I044560,147.8,1,R21: 25% given vs 15% cap
L00682,DISCOUNT_ABUSE,O027930,I044561,122.9,1,R21: 35% given vs 25% cap
L00683,DISCOUNT_ABUSE,O027969,I044624,65.9,1,R16: 35% given vs 25% cap
L00684,DISCOUNT_ABUSE,O027980,I044646,91.35,1,R21: 40% given vs 25% cap
L00685,DISCOUNT_ABUSE,O028045,I044743,112.9,1,R19: 25% given vs 15% cap
L00686,DISCOUNT_ABUSE,O028113,I044858,87.8,1,R19: 35% given vs 15% cap
L00687,DISCOUNT_ABUSE,O028113,I044859,107.7,1,R19: 30% given vs 15% cap
L00688,DISCOUNT_ABUSE,O028120,I044873,401.4,1,R14: 30% given vs 10% cap
L00689,DISCOUNT_ABUSE,O028120,I044874,579.6,1,R14: 30% given vs 10% cap
L00690,DISCOUNT_ABUSE,O028238,I045059,125.85,1,R20: 30% given vs 15% cap
L00691,DISCOUNT_ABUSE,O028338,I045210,386.85,1,R16: 40% given vs 25% cap
L00692,DISCOUNT_ABUSE,O028357,I045237,193.8,1,R14: 35% given vs 15% cap
L00693,DISCOUNT_ABUSE,O028362,I045243,72.9,1,R24: 30% given vs 20% cap
L00694,DISCOUNT_ABUSE,O028394,I045291,218.85,1,R21: 30% given vs 15% cap
L00695,DISCOUNT_ABUSE,O028419,I045330,539.7,1,R21: 35% given vs 25% cap
L00696,DISCOUNT_ABUSE,O028427,I045344,193.8,1,R20: 35% given vs 15% cap
L00697,DISCOUNT_ABUSE,O028434,I045352,725.7,1,R24: 35% given vs 20% cap
L00698,DISCOUNT_ABUSE,O028456,I045389,148.35,1,R16: 40% given vs 25% cap
L00699,DISCOUNT_ABUSE,O028457,I045391,215.7,1,R20: 35% given vs 20% cap
L00700,DISCOUNT_ABUSE,O028587,I045599,452.7,1,R20: 35% given vs 20% cap
L00701,DISCOUNT_ABUSE,O028589,I045602,209.85,1,R19: 40% given vs 25% cap
L00702,DISCOUNT_ABUSE,O028675,I045748,279.8,1,R24: 45% given vs 25% cap
L00703,DISCOUNT_ABUSE,O028675,I045749,79.35,1,R24: 30% given vs 15% cap
L00704,DISCOUNT_ABUSE,O028677,I045751,656.55,1,R24: 30% given vs 15% cap
L00705,DISCOUNT_ABUSE,O028748,I045866,164.85,1,R16: 25% given vs 10% cap
L00706,DISCOUNT_ABUSE,O028762,I045887,105.8,1,R20: 35% given vs 15% cap
L00707,DISCOUNT_ABUSE,O028803,I045952,92.85,1,R20: 25% given vs 10% cap
L00708,DISCOUNT_ABUSE,O028806,I045958,291.8,1,R19: 25% given vs 15% cap
L00709,DISCOUNT_ABUSE,O028837,I046007,145.9,1,R14: 35% given vs 25% cap
L00710,DISCOUNT_ABUSE,O028837,I046009,386.85,1,R14: 40% given vs 25% cap
L00711,DISCOUNT_ABUSE,O028925,I046148,121.8,1,R19: 45% given vs 25% cap
L00712,DISCOUNT_ABUSE,O029073,I046389,301.8,1,R19: 40% given vs 20% cap
L00713,DISCOUNT_ABUSE,O029073,I046390,386.85,1,R19: 40% given vs 25% cap
L00714,DISCOUNT_ABUSE,O029073,I046391,219.8,1,R19: 30% given vs 10% cap
L00715,DISCOUNT_ABUSE,O029118,I046461,197.8,1,R21: 45% given vs 25% cap
L00716,DISCOUNT_ABUSE,O029124,I046473,131.9,1,R20: 25% given vs 15% cap
L00717,DISCOUNT_ABUSE,O029124,I046475,515.8,1,R20: 45% given vs 25% cap
L00718,DISCOUNT_ABUSE,O029507,I047073,225.8,1,R14: 35% given vs 15% cap
L00719,DISCOUNT_ABUSE,O029546,I047135,287.8,1,R21: 35% given vs 25% cap
L00720,DISCOUNT_ABUSE,O029563,I047166,127.35,1,R24: 30% given vs 15% cap
L00721,DISCOUNT_ABUSE,O029683,I047363,140.85,1,R14: 25% given vs 10% cap
L00722,DISCOUNT_ABUSE,O029727,I047429,291.8,1,R14: 45% given vs 25% cap
L00723,DISCOUNT_ABUSE,O029727,I047430,619.6,1,R14: 45% given vs 25% cap
L00724,DISCOUNT_ABUSE,O029731,I047434,32.9,1,R14: 35% given vs 25% cap
L00725,DISCOUNT_ABUSE,O029731,I047435,118.9,1,R14: 25% given vs 15% cap
L00726,DISCOUNT_ABUSE,O029731,I047436,93.9,1,R14: 20% given vs 10% cap
L00727,DISCOUNT_ABUSE,O029851,I047620,515.8,1,R16: 45% given vs 25% cap
L00728,DISCOUNT_ABUSE,O029851,I047621,85.35,1,R16: 30% given vs 15% cap
L00729,DISCOUNT_ABUSE,O029899,I047701,386.85,1,R20: 40% given vs 25% cap
L00730,DISCOUNT_ABUSE,O029909,I047715,105.8,1,R20: 35% given vs 15% cap
L00731,DISCOUNT_ABUSE,O029969,I047811,483.8,1,R24: 40% given vs 20% cap
L00732,DISCOUNT_ABUSE,O029969,I047813,382.35,1,R24: 40% given vs 25% cap
L00733,DISCOUNT_ABUSE,O030063,I047961,225.8,1,R20: 35% given vs 15% cap
L00734,DISCOUNT_ABUSE,O030193,I048166,242.85,1,R21: 25% given vs 10% cap
L00735,DISCOUNT_ABUSE,O030204,I048182,73.9,1,R20: 25% given vs 15% cap
L00736,DISCOUNT_ABUSE,O030214,I048195,105.8,1,R24: 25% given vs 15% cap
L00737,DISCOUNT_ABUSE,O030350,I048421,485.7,1,R24: 25% given vs 10% cap
L00738,DISCOUNT_ABUSE,O030350,I048423,491.6,1,R24: 45% given vs 25% cap
L00739,DISCOUNT_ABUSE,O030373,I048455,178.35,1,R20: 30% given vs 15% cap
L00740,DISCOUNT_ABUSE,O030429,I048537,52.9,1,R19: 25% given vs 15% cap
L00741,DISCOUNT_ABUSE,O030429,I048538,1031.6,1,R19: 45% given vs 25% cap
L00742,DISCOUNT_ABUSE,O030432,I048542,257.8,1,R19: 30% given vs 10% cap
L00743,DISCOUNT_ABUSE,O030480,I048621,103.35,1,R21: 40% given vs 25% cap
L00744,DISCOUNT_ABUSE,O030480,I048622,60.9,1,R21: 30% given vs 20% cap
L00745,DISCOUNT_ABUSE,O030480,I048623,451.8,1,R21: 45% given vs 25% cap
L00746,DISCOUNT_ABUSE,O030501,I048660,98.9,1,R19: 35% given vs 25% cap
L00747,DISCOUNT_ABUSE,O030550,I048735,689.4,1,R19: 40% given vs 20% cap
L00748,DISCOUNT_ABUSE,O030550,I048737,103.35,1,R19: 40% given vs 25% cap
L00749,DISCOUNT_ABUSE,O030552,I048740,382.35,1,R16: 40% given vs 25% cap
L00750,DISCOUNT_ABUSE,O030554,I048742,73.9,1,R14: 25% given vs 15% cap
L00751,DISCOUNT_ABUSE,O030554,I048743,386.7,1,R14: 20% given vs 10% cap
L00752,DISCOUNT_ABUSE,O030557,I048748,226.35,1,R19: 35% given vs 20% cap
L00753,DISCOUNT_ABUSE,O030576,I048780,295.35,1,R20: 40% given vs 25% cap
L00754,DISCOUNT_ABUSE,O030583,I048790,448.35,1,R19: 40% given vs 25% cap
L00755,DISCOUNT_ABUSE,O030583,I048791,1547.4,1,R19: 45% given vs 25% cap
L00756,DISCOUNT_ABUSE,O030583,I048792,70.35,1,R19: 30% given vs 15% cap
L00757,DISCOUNT_ABUSE,O030583,I048793,34.9,1,R19: 25% given vs 15% cap
L00758,DISCOUNT_ABUSE,O030760,I049063,111.9,1,R20: 35% given vs 25% cap
L00759,DISCOUNT_ABUSE,O030779,I049091,257.9,1,R24: 35% given vs 25% cap
L00760,DISCOUNT_ABUSE,O030857,I049212,287.8,1,R20: 45% given vs 25% cap
L00761,DISCOUNT_ABUSE,O030882,I049259,56.9,1,R14: 25% given vs 15% cap
L00762,DISCOUNT_ABUSE,O030882,I049260,448.35,1,R14: 40% given vs 25% cap
L00763,DISCOUNT_ABUSE,O030896,I049278,407.85,1,R16: 40% given vs 25% cap
L00764,DISCOUNT_ABUSE,O030967,I049401,487.35,1,R21: 35% given vs 20% cap
L00765,DISCOUNT_ABUSE,O030974,I049413,217.35,1,R21: 25% given vs 10% cap
L00766,DISCOUNT_ABUSE,O030986,I049431,263.8,1,R19: 35% given vs 15% cap
L00767,DISCOUNT_ABUSE,O030986,I049432,362.85,1,R19: 35% given vs 20% cap
L00768,DISCOUNT_ABUSE,O030999,I049450,212.85,1,R24: 35% given vs 20% cap
L00769,DISCOUNT_ABUSE,O031003,I049455,291.8,1,R14: 45% given vs 25% cap
L00770,DISCOUNT_ABUSE,O031009,I049466,225.9,1,R20: 35% given vs 25% cap
L00771,DISCOUNT_ABUSE,O031009,I049468,235.8,1,R20: 45% given vs 25% cap
L00772,DISCOUNT_ABUSE,O031037,I049511,52.35,1,R20: 30% given vs 15% cap
L00773,DISCOUNT_ABUSE,O031153,I049706,257.9,1,R24: 35% given vs 25% cap
L00774,DISCOUNT_ABUSE,O031159,I049716,590.7,1,R16: 40% given vs 25% cap
L00775,DISCOUNT_ABUSE,O031185,I049754,301.8,1,R16: 40% given vs 20% cap
L00776,DISCOUNT_ABUSE,O031213,I049797,137.8,1,R24: 45% given vs 25% cap
L00777,DISCOUNT_ABUSE,O031235,I049823,221.7,1,R24: 30% given vs 15% cap
L00778,DISCOUNT_ABUSE,O031303,I049932,271.8,1,R21: 20% given vs 10% cap
L00779,DISCOUNT_ABUSE,O031342,I049995,46.9,1,R16: 25% given vs 15% cap
L00780,DISCOUNT_ABUSE,O031380,I050063,377.7,1,R20: 40% given vs 25% cap
L00781,DISCOUNT_ABUSE,O031418,I050120,291.8,1,R21: 35% given vs 25% cap
L00782,DISCOUNT_ABUSE,O031463,I050185,415.6,1,R24: 35% given vs 15% cap
L00783,DISCOUNT_ABUSE,O031471,I050194,105.8,1,R19: 35% given vs 15% cap
L00784,DISCOUNT_ABUSE,O031662,I050516,193.8,1,R24: 35% given vs 15% cap
L00785,DISCOUNT_ABUSE,O031734,I050619,284.85,1,R24: 40% given vs 25% cap
L00786,DISCOUNT_ABUSE,O031827,I050767,249.8,1,R14: 35% given vs 25% cap
L00787,DISCOUNT_ABUSE,O031827,I050768,207.8,1,R14: 35% given vs 15% cap
L00788,DISCOUNT_ABUSE,O031934,I050939,170.7,1,R21: 30% given vs 15% cap
L00789,DISCOUNT_ABUSE,O031946,I050956,137.8,1,R14: 45% given vs 25% cap
L00790,DISCOUNT_ABUSE,O032218,I051383,338.7,1,R24: 25% given vs 15% cap
L00791,DISCOUNT_ABUSE,O032218,I051384,187.35,1,R24: 40% given vs 25% cap
L00792,DISCOUNT_ABUSE,O032218,I051385,185.8,1,R24: 30% given vs 10% cap
L00793,DISCOUNT_ABUSE,O032230,I051403,110.85,1,R19: 30% given vs 15% cap
L00794,DISCOUNT_ABUSE,O032245,I051422,176.85,1,R24: 30% given vs 15% cap
L00795,DISCOUNT_ABUSE,O032426,I051705,150.9,1,R16: 30% given vs 20% cap
L00796,DISCOUNT_ABUSE,O032494,I051817,83.9,1,R19: 30% given vs 20% cap
L00797,DISCOUNT_ABUSE,O032550,I051906,92.85,1,R20: 25% given vs 10% cap
L00798,DISCOUNT_ABUSE,O032553,I051913,38.85,1,R24: 30% given vs 15% cap
L00799,DISCOUNT_ABUSE,O032566,I051930,218.85,1,R14: 40% given vs 25% cap
L00800,DISCOUNT_ABUSE,O032687,I052141,105.8,1,R24: 35% given vs 15% cap
L00801,DISCOUNT_ABUSE,O032745,I052232,124.9,1,R16: 35% given vs 25% cap
L00802,DISCOUNT_ABUSE,O032773,I052273,111.9,1,R24: 20% given vs 10% cap
L00803,DISCOUNT_ABUSE,O032853,I052405,43.8,1,R14: 35% given vs 15% cap
L00804,DISCOUNT_ABUSE,O032903,I052485,52.9,1,R21: 25% given vs 15% cap
L00805,DISCOUNT_ABUSE,O032914,I052500,217.35,1,R16: 40% given vs 25% cap
L00806,DISCOUNT_ABUSE,O032977,I052605,209.85,1,R24: 25% given vs 10% cap
L00807,DISCOUNT_ABUSE,O033000,I052642,393.8,1,R24: 45% given vs 25% cap
L00808,DISCOUNT_ABUSE,O033066,I052749,179.7,1,R19: 30% given vs 15% cap
L00809,DISCOUNT_ABUSE,O033212,I052990,200.7,1,R19: 30% given vs 15% cap
L00810,DISCOUNT_ABUSE,O033221,I053008,569.7,1,R14: 40% given vs 25% cap
L00811,DISCOUNT_ABUSE,O033221,I053009,98.9,1,R14: 35% given vs 25% cap
L00812,DISCOUNT_ABUSE,O033221,I053010,61.9,1,R14: 20% given vs 10% cap
L00813,DISCOUNT_ABUSE,O033221,I053011,60.9,1,R14: 30% given vs 20% cap
L00814,DISCOUNT_ABUSE,O033283,I053104,110.85,1,R21: 30% given vs 15% cap
L00815,DISCOUNT_ABUSE,O033284,I053105,603.6,1,R14: 40% given vs 20% cap
L00816,DISCOUNT_ABUSE,O033321,I053178,65.8,1,R19: 45% given vs 25% cap
L00817,DISCOUNT_ABUSE,O033462,I053393,257.9,1,R14: 35% given vs 25% cap
L00818,DISCOUNT_ABUSE,O033486,I053436,148.9,1,R24: 20% given vs 10% cap
L00819,DISCOUNT_ABUSE,O033486,I053437,151.35,1,R24: 30% given vs 15% cap
L00820,DISCOUNT_ABUSE,O033544,I053534,144.9,1,R20: 20% given vs 10% cap
L00821,DISCOUNT_ABUSE,O033602,I053620,34.9,1,R20: 35% given vs 25% cap
L00822,DISCOUNT_ABUSE,O033622,I053652,56.9,1,R21: 35% given vs 25% cap
L00823,DISCOUNT_ABUSE,O033681,I053749,52.35,1,R16: 40% given vs 25% cap
L00824,DISCOUNT_ABUSE,O033681,I053750,103.9,1,R16: 35% given vs 25% cap
L00825,DISCOUNT_ABUSE,O033709,I053793,145.35,1,R20: 40% given vs 25% cap
L00826,DISCOUNT_ABUSE,O033709,I053794,1547.4,1,R20: 55% given vs 35% cap
L00827,DISCOUNT_ABUSE,O033756,I053876,70.35,1,R14: 40% given vs 25% cap
L00828,DISCOUNT_ABUSE,O033819,I053974,187.6,1,R21: 40% given vs 20% cap
L00829,DISCOUNT_ABUSE,O033823,I053981,163.9,1,R24: 45% given vs 35% cap
L00830,DISCOUNT_ABUSE,O033838,I054004,491.6,1,R16: 55% given vs 35% cap
L00831,DISCOUNT_ABUSE,O033838,I054005,298.9,1,R16: 45% given vs 35% cap
L00832,DISCOUNT_ABUSE,O033894,I054093,329.7,1,R24: 30% given vs 20% cap
L00833,DISCOUNT_ABUSE,O033913,I054121,106.9,1,R19: 35% given vs 25% cap
L00834,DISCOUNT_ABUSE,O033913,I054122,137.8,1,R19: 55% given vs 35% cap
L00835,DISCOUNT_ABUSE,O033913,I054123,487.35,1,R19: 45% given vs 30% cap
L00836,DISCOUNT_ABUSE,O033913,I054124,140.85,1,R19: 35% given vs 20% cap
L00837,DISCOUNT_ABUSE,O034191,I054571,164.85,1,R20: 35% given vs 20% cap
L00838,DISCOUNT_ABUSE,O034211,I054600,53.85,1,R19: 40% given vs 25% cap
L00839,DISCOUNT_ABUSE,O034226,I054620,257.9,1,R20: 45% given vs 35% cap
L00840,DISCOUNT_ABUSE,O034226,I054621,279.6,1,R20: 40% given vs 20% cap
L00841,DISCOUNT_ABUSE,O034226,I054622,103.9,1,R20: 35% given vs 25% cap
L00842,DISCOUNT_ABUSE,O034236,I054636,133.8,1,R19: 40% given vs 20% cap
L00843,DISCOUNT_ABUSE,O034268,I054686,415.6,1,R19: 45% given vs 25% cap
L00844,DISCOUNT_ABUSE,O034277,I054702,73.9,1,R21: 35% given vs 25% cap
L00845,DISCOUNT_ABUSE,O034374,I054862,164.85,1,R21: 40% given vs 25% cap
L00846,DISCOUNT_ABUSE,O034374,I054863,221.9,1,R21: 45% given vs 35% cap
L00847,DISCOUNT_ABUSE,O034416,I054936,56.9,1,R21: 35% given vs 25% cap
L00848,DISCOUNT_ABUSE,O034440,I054976,135.9,1,R19: 30% given vs 20% cap
L00849,DISCOUNT_ABUSE,O034579,I055218,439.6,1,R24: 40% given vs 20% cap
L00850,DISCOUNT_ABUSE,O034579,I055219,983.4,1,R24: 55% given vs 35% cap
L00851,DISCOUNT_ABUSE,O034599,I055259,443.8,1,R20: 55% given vs 35% cap
L00852,DISCOUNT_ABUSE,O034671,I055378,242.85,1,R19: 35% given vs 20% cap
L00853,DISCOUNT_ABUSE,O034680,I055389,100.35,1,R16: 35% given vs 20% cap
L00854,DISCOUNT_ABUSE,O034688,I055400,109.35,1,R20: 45% given vs 30% cap
L00855,DISCOUNT_ABUSE,O034732,I055484,38.85,1,R16: 40% given vs 25% cap
L00856,DISCOUNT_ABUSE,O034774,I055549,575.8,1,R21: 55% given vs 35% cap
L00857,DISCOUNT_ABUSE,O034792,I055580,147.8,1,R20: 45% given vs 25% cap
L00858,DISCOUNT_ABUSE,O034821,I055626,103.35,1,R19: 50% given vs 35% cap
L00859,DISCOUNT_ABUSE,O034821,I055628,217.35,1,R19: 35% given vs 20% cap
L00860,DISCOUNT_ABUSE,O034956,I055839,196.9,1,R24: 45% given vs 35% cap
L00861,DISCOUNT_ABUSE,O034995,I055902,147.8,1,R21: 45% given vs 25% cap
L00862,DISCOUNT_ABUSE,O035004,I055914,147.8,1,R19: 45% given vs 25% cap
L00863,DISCOUNT_ABUSE,O035066,I056026,286.35,1,R20: 40% given vs 25% cap
L00864,DISCOUNT_ABUSE,O035095,I056067,87.9,1,R24: 35% given vs 25% cap
L00865,DISCOUNT_ABUSE,O035115,I056100,215.85,1,R20: 40% given vs 25% cap
L00866,DISCOUNT_ABUSE,O035197,I056239,317.4,1,R21: 35% given vs 15% cap
L00867,DISCOUNT_ABUSE,O035197,I056240,147.8,1,R21: 35% given vs 15% cap
L00868,DISCOUNT_ABUSE,O035197,I056241,61.9,1,R21: 25% given vs 15% cap
L00869,DISCOUNT_ABUSE,O035297,I056415,63.9,1,R19: 25% given vs 15% cap
L00870,DISCOUNT_ABUSE,O035326,I056460,103.35,1,R16: 40% given vs 25% cap
L00871,DISCOUNT_ABUSE,O035395,I056565,125.85,1,R20: 40% given vs 25% cap
L00872,DISCOUNT_ABUSE,O035495,I056722,407.85,1,R20: 35% given vs 20% cap
L00873,DISCOUNT_ABUSE,O035565,I056835,170.7,1,R16: 25% given vs 15% cap
L00874,DISCOUNT_ABUSE,O035706,I057064,65.8,1,R16: 45% given vs 25% cap
L00875,DISCOUNT_ABUSE,O035763,I057147,52.9,1,R19: 25% given vs 15% cap
L00876,DISCOUNT_ABUSE,O035763,I057148,73.9,1,R19: 25% given vs 15% cap
L00877,DISCOUNT_ABUSE,O035824,I057247,73.9,1,R24: 25% given vs 15% cap
L00878,DISCOUNT_ABUSE,O035859,I057312,286.35,1,R24: 40% given vs 25% cap
L00879,DISCOUNT_ABUSE,O035900,I057377,123.8,1,R14: 30% given vs 10% cap
L00880,DISCOUNT_ABUSE,O035939,I057437,184.35,1,R21: 40% given vs 25% cap
L00881,DISCOUNT_ABUSE,O035968,I057480,124.9,1,R20: 35% given vs 25% cap
L00882,DISCOUNT_ABUSE,O035968,I057481,368.7,1,R20: 40% given vs 25% cap
L00883,DISCOUNT_ABUSE,O035977,I057492,51.8,1,R19: 35% given vs 15% cap
L00884,DISCOUNT_ABUSE,O036059,I057618,81.8,1,R14: 30% given vs 10% cap
L00885,DISCOUNT_ABUSE,O036094,I057680,139.9,1,R21: 35% given vs 25% cap
L00886,DISCOUNT_ABUSE,O036094,I057681,773.7,1,R21: 40% given vs 25% cap
L00887,DISCOUNT_ABUSE,O036094,I057682,229.8,1,R21: 40% given vs 20% cap
L00888,DISCOUNT_ABUSE,O036163,I057791,161.9,1,R20: 20% given vs 10% cap
L00889,DISCOUNT_ABUSE,O036163,I057792,61.9,1,R20: 20% given vs 10% cap
L00890,DISCOUNT_ABUSE,O036167,I057797,33.9,1,R20: 25% given vs 15% cap
L00891,DISCOUNT_ABUSE,O036180,I057815,649.8,1,R24: 40% given vs 20% cap
L00892,DISCOUNT_ABUSE,O036284,I057985,98.9,1,R14: 35% given vs 25% cap
L00893,DISCOUNT_ABUSE,O036294,I058000,85.8,1,R14: 45% given vs 25% cap
L00894,DISCOUNT_ABUSE,O036357,I058105,115.8,1,R21: 30% given vs 10% cap
L00895,DISCOUNT_ABUSE,O036357,I058106,164.85,1,R21: 30% given vs 15% cap
L00896,DISCOUNT_ABUSE,O036357,I058107,129.8,1,R21: 35% given vs 25% cap
L00897,DISCOUNT_ABUSE,O036361,I058113,164.85,1,R20: 30% given vs 15% cap
L00898,DISCOUNT_ABUSE,O036402,I058172,298.9,1,R20: 35% given vs 25% cap
L00899,DISCOUNT_ABUSE,O036418,I058193,251.8,1,R20: 20% given vs 10% cap
L00900,DISCOUNT_ABUSE,O036445,I058242,147.8,1,R24: 35% given vs 15% cap
L00901,DISCOUNT_ABUSE,O036456,I058260,83.9,1,R14: 30% given vs 20% cap
L00902,DISCOUNT_ABUSE,O036456,I058261,151.8,1,R14: 40% given vs 20% cap
L00903,DISCOUNT_ABUSE,O036463,I058270,590.7,1,R21: 40% given vs 25% cap
L00904,DISCOUNT_ABUSE,O036516,I058358,87.6,1,R21: 35% given vs 15% cap
L00905,DISCOUNT_ABUSE,O036518,I058363,356.7,1,R21: 30% given vs 15% cap
L00906,DISCOUNT_ABUSE,O036538,I058395,161.9,1,R20: 20% given vs 10% cap
L00907,DISCOUNT_ABUSE,O036549,I058414,164.85,1,R14: 30% given vs 15% cap
L00908,DISCOUNT_ABUSE,O036549,I058417,407.85,1,R14: 40% given vs 25% cap
L00909,DISCOUNT_ABUSE,O036557,I058429,63.9,1,R21: 20% given vs 10% cap
L00910,DISCOUNT_ABUSE,O036576,I058458,79.8,1,R20: 35% given vs 15% cap
L00911,DISCOUNT_ABUSE,O036697,I058641,257.9,1,R16: 35% given vs 25% cap
L00912,DISCOUNT_ABUSE,O036753,I058727,301.8,1,R16: 30% given vs 20% cap
L00913,DISCOUNT_ABUSE,O036753,I058728,679.05,1,R16: 35% given vs 20% cap
L00914,DISCOUNT_ABUSE,O036754,I058729,291.8,1,R21: 45% given vs 25% cap
L00915,DISCOUNT_ABUSE,O036754,I058730,76.9,1,R21: 30% given vs 20% cap
L00916,DISCOUNT_ABUSE,O036825,I058854,144.9,1,R20: 20% given vs 10% cap
L00917,DISCOUNT_ABUSE,O036863,I058926,127.9,1,R24: 25% given vs 15% cap
L00918,DISCOUNT_ABUSE,O036934,I059036,110.85,1,R14: 30% given vs 15% cap
L00919,DISCOUNT_ABUSE,O036938,I059041,387.6,1,R19: 45% given vs 25% cap
L00920,DISCOUNT_ABUSE,O036938,I059042,98.9,1,R19: 35% given vs 25% cap
L00921,DISCOUNT_ABUSE,O036941,I059048,91.8,1,R19: 30% given vs 20% cap
L00922,DISCOUNT_ABUSE,O037014,I059156,323.8,1,R24: 30% given vs 10% cap
L00923,DISCOUNT_ABUSE,O037170,I059422,57.9,1,R21: 20% given vs 10% cap
L00924,DISCOUNT_ABUSE,O037170,I059423,97.9,1,R21: 25% given vs 15% cap
L00925,DISCOUNT_ABUSE,O037179,I059437,131.9,1,R16: 25% given vs 15% cap
L00926,DISCOUNT_ABUSE,O037179,I059438,225.8,1,R16: 35% given vs 15% cap
L00927,DISCOUNT_ABUSE,O037201,I059465,52.35,1,R20: 30% given vs 15% cap
L00928,DISCOUNT_ABUSE,O037239,I059523,193.35,1,R20: 25% given vs 10% cap
L00929,DISCOUNT_ABUSE,O037282,I059590,111.9,1,R24: 35% given vs 25% cap
L00930,DISCOUNT_ABUSE,O037337,I059665,263.4,1,R19: 35% given vs 15% cap
L00931,DISCOUNT_ABUSE,O037358,I059701,66.9,1,R21: 20% given vs 10% cap
L00932,DISCOUNT_ABUSE,O037416,I059787,337.05,1,R24: 30% given vs 15% cap
L00933,DISCOUNT_ABUSE,O037423,I059795,184.35,1,R21: 40% given vs 25% cap
L00934,DISCOUNT_ABUSE,O037474,I059874,218.85,1,R21: 30% given vs 15% cap
L00935,DISCOUNT_ABUSE,O037483,I059887,73.9,1,R19: 25% given vs 15% cap
L00936,DISCOUNT_ABUSE,O037513,I059938,351.6,1,R19: 45% given vs 25% cap
L00937,DISCOUNT_ABUSE,O037518,I059948,251.7,1,R14: 40% given vs 25% cap
L00938,DISCOUNT_ABUSE,O037522,I059953,151.8,1,R19: 40% given vs 20% cap
L00939,DISCOUNT_ABUSE,O037601,I060070,199.9,1,R14: 35% given vs 25% cap
L00940,DISCOUNT_ABUSE,O037662,I060171,106.9,1,R20: 25% given vs 15% cap
L00941,DISCOUNT_ABUSE,O037667,I060179,149.9,1,R20: 30% given vs 20% cap
L00942,DISCOUNT_ABUSE,O037701,I060238,291.8,1,R24: 25% given vs 15% cap
L00943,DISCOUNT_ABUSE,O037701,I060239,245.8,1,R24: 45% given vs 25% cap
L00944,DISCOUNT_ABUSE,O037771,I060352,275.6,1,R14: 45% given vs 25% cap
L00945,DISCOUNT_ABUSE,O037834,I060457,188.85,1,R24: 40% given vs 25% cap
L00946,DISCOUNT_ABUSE,O037864,I060499,289.8,1,R21: 30% given vs 10% cap
L00947,DISCOUNT_ABUSE,O037864,I060500,443.8,1,R21: 35% given vs 25% cap
L00948,DISCOUNT_ABUSE,O037887,I060534,585.8,1,R24: 45% given vs 25% cap
L00949,DISCOUNT_ABUSE,O038093,I060848,109.9,1,R24: 25% given vs 15% cap
L00950,DISCOUNT_ABUSE,O038103,I060868,56.9,1,R14: 25% given vs 15% cap
L00951,DISCOUNT_ABUSE,O038119,I060894,229.8,1,R24: 30% given vs 20% cap
L00952,DISCOUNT_ABUSE,O038119,I060895,237.8,1,R24: 35% given vs 15% cap
L00953,DISCOUNT_ABUSE,O038119,I060896,107.85,1,R24: 35% given vs 20% cap
L00954,DISCOUNT_ABUSE,O038176,I060983,377.7,1,R19: 20% given vs 10% cap
L00955,DISCOUNT_ABUSE,O038189,I060999,223.8,1,R24: 45% given vs 25% cap
L00956,DISCOUNT_ABUSE,O038241,I061080,459.6,1,R16: 40% given vs 20% cap
L00957,DISCOUNT_ABUSE,O038256,I061111,109.9,1,R24: 20% given vs 10% cap
L00958,DISCOUNT_ABUSE,O038390,I061309,597.8,1,R19: 45% given vs 25% cap
L00959,DISCOUNT_ABUSE,O038425,I061366,386.85,1,R16: 40% given vs 25% cap
L00960,DISCOUNT_ABUSE,O038464,I061427,52.9,1,R14: 25% given vs 15% cap
L00961,DISCOUNT_ABUSE,O038496,I061475,386.85,1,R21: 40% given vs 25% cap
L00962,DISCOUNT_ABUSE,O038513,I061505,297.8,1,R14: 30% given vs 10% cap
L00963,DISCOUNT_ABUSE,O038513,I061506,103.35,1,R14: 40% given vs 25% cap
L00964,DISCOUNT_ABUSE,O038555,I061586,68.9,1,R21: 35% given vs 25% cap
L00965,DISCOUNT_ABUSE,O038589,I061640,113.8,1,R21: 35% given vs 15% cap
L00966,DISCOUNT_ABUSE,O038604,I061669,51.8,1,R19: 25% given vs 15% cap
L00967,DISCOUNT_ABUSE,O038636,I061719,296.7,1,R14: 35% given vs 25% cap
L00968,DISCOUNT_ABUSE,O038636,I061720,383.4,1,R14: 30% given vs 10% cap
L00969,DISCOUNT_ABUSE,O038736,I061894,133.8,1,R21: 35% given vs 15% cap
L00970,DISCOUNT_ABUSE,O038736,I061895,145.9,1,R21: 25% given vs 15% cap
L00971,DISCOUNT_ABUSE,O038804,I062005,56.9,1,R21: 25% given vs 15% cap
L00972,DISCOUNT_ABUSE,O038823,I062032,115.35,1,R24: 35% given vs 20% cap
L00973,DISCOUNT_ABUSE,O038823,I062033,38.85,1,R24: 30% given vs 15% cap
L00974,DISCOUNT_ABUSE,O038835,I062053,145.9,1,R16: 35% given vs 25% cap
L00975,DISCOUNT_ABUSE,O038998,I062311,61.9,1,R21: 25% given vs 15% cap
L00976,DISCOUNT_ABUSE,O039017,I062343,105.8,1,R16: 35% given vs 15% cap
L00977,DISCOUNT_ABUSE,O039021,I062350,108.9,1,R24: 30% given vs 20% cap
L00978,DISCOUNT_ABUSE,O039130,I062513,67.8,1,R21: 35% given vs 15% cap
L00979,DISCOUNT_ABUSE,O039130,I062514,652.05,1,R21: 25% given vs 10% cap
L00980,DISCOUNT_ABUSE,O039130,I062515,218.85,1,R21: 40% given vs 25% cap
L00981,DISCOUNT_ABUSE,O039140,I062533,323.8,1,R19: 30% given vs 10% cap
L00982,DISCOUNT_ABUSE,O039235,I062694,85.35,1,R14: 30% given vs 15% cap
L00983,DISCOUNT_ABUSE,O039281,I062768,68.9,1,R19: 35% given vs 25% cap
L00984,DISCOUNT_ABUSE,O039281,I062770,147.8,1,R19: 25% given vs 15% cap
L00985,DISCOUNT_ABUSE,O039320,I062834,66.9,1,R21: 25% given vs 15% cap
L00986,DISCOUNT_ABUSE,O039437,I063026,113.8,1,R19: 35% given vs 15% cap
L00987,DISCOUNT_ABUSE,O039446,I063038,79.9,1,R21: 30% given vs 20% cap
L00988,DISCOUNT_ABUSE,O039522,I063157,154.9,1,R21: 35% given vs 25% cap
L00989,DISCOUNT_ABUSE,O039522,I063158,442.35,1,R21: 35% given vs 20% cap
L00990,DISCOUNT_ABUSE,O039522,I063159,590.7,1,R21: 35% given vs 25% cap
L00991,DISCOUNT_ABUSE,O039558,I063217,166.35,1,R21: 30% given vs 15% cap
L00992,DISCOUNT_ABUSE,O039639,I063354,87.8,1,R21: 35% given vs 15% cap
L00993,DISCOUNT_ABUSE,O039640,I063355,169.35,1,R14: 30% given vs 15% cap
L00994,DISCOUNT_ABUSE,O039651,I063369,509.8,1,R24: 45% given vs 25% cap
L00995,DISCOUNT_ABUSE,O039656,I063377,293.8,1,R19: 35% given vs 15% cap
L00996,DISCOUNT_ABUSE,O039674,I063409,597.8,1,R19: 45% given vs 25% cap
L00997,DISCOUNT_ABUSE,O039725,I063489,66.9,1,R24: 20% given vs 10% cap
L00998,DISCOUNT_ABUSE,O039754,I063530,73.9,1,R16: 25% given vs 15% cap
L00999,DISCOUNT_ABUSE,O039775,I063564,188.85,1,R14: 25% given vs 10% cap
L01000,DISCOUNT_ABUSE,O039796,I063604,179.85,1,R21: 30% given vs 15% cap
L01001,DISCOUNT_ABUSE,O039796,I063605,487.35,1,R21: 35% given vs 20% cap
L01002,DISCOUNT_ABUSE,O039806,I063620,43.8,1,R14: 35% given vs 15% cap
L01003,DISCOUNT_ABUSE,O039879,I063730,70.35,1,R14: 30% given vs 15% cap
L01004,DISCOUNT_ABUSE,O039928,I063804,326.7,1,R19: 35% given vs 25% cap
L01005,DISCOUNT_ABUSE,O039928,I063805,217.35,1,R19: 25% given vs 10% cap
L01006,DISCOUNT_ABUSE,O039928,I063806,137.8,1,R19: 45% given vs 25% cap
L01007,DISCOUNT_ABUSE,O039928,I063807,79.35,1,R19: 30% given vs 15% cap
L01008,DISCOUNT_ABUSE,O039948,I063835,190.9,1,R14: 35% given vs 25% cap
L01009,DISCOUNT_ABUSE,O040001,I063916,869.4,1,R24: 30% given vs 10% cap
L01010,DISCOUNT_ABUSE,O040199,I064229,42.9,1,R21: 20% given vs 10% cap
L01011,DISCOUNT_ABUSE,O040216,I064259,515.8,1,R14: 45% given vs 25% cap
L01012,DISCOUNT_ABUSE,O040262,I064330,106.9,1,R20: 25% given vs 15% cap
L01013,DISCOUNT_ABUSE,O040276,I064351,103.35,1,R21: 40% given vs 25% cap
L01014,DISCOUNT_ABUSE,O040428,I064606,145.35,1,R20: 40% given vs 25% cap
L01015,DISCOUNT_ABUSE,O040454,I064649,92.9,1,R14: 20% given vs 10% cap
L01016,DISCOUNT_ABUSE,O040454,I064650,59.85,1,R14: 40% given vs 25% cap
L01017,DISCOUNT_ABUSE,O040484,I064699,649.8,1,R20: 40% given vs 20% cap
L01018,DISCOUNT_ABUSE,O040600,I064885,98.9,1,R14: 35% given vs 25% cap
L01019,DISCOUNT_ABUSE,O040616,I064908,147.8,1,R21: 35% given vs 15% cap
L01020,DISCOUNT_ABUSE,O040616,I064909,452.7,1,R21: 35% given vs 20% cap
L01021,DISCOUNT_ABUSE,O040631,I064932,324.9,1,R16: 30% given vs 20% cap
L01022,DISCOUNT_ABUSE,O040647,I064955,1087.6,1,R19: 45% given vs 25% cap
L01023,DISCOUNT_ABUSE,O040647,I064956,178.35,1,R19: 30% given vs 15% cap
L01024,DISCOUNT_ABUSE,O040652,I064968,178.35,1,R16: 30% given vs 15% cap
L01025,DISCOUNT_ABUSE,O040714,I065065,35.9,1,R14: 25% given vs 15% cap
L01026,DISCOUNT_ABUSE,O040739,I065101,34.9,1,R16: 25% given vs 15% cap
L01027,DISCOUNT_ABUSE,O040797,I065188,92.9,1,R21: 20% given vs 10% cap
L01028,DISCOUNT_ABUSE,O040797,I065189,137.8,1,R21: 45% given vs 25% cap
L01029,DISCOUNT_ABUSE,O040814,I065210,121.8,1,R19: 45% given vs 25% cap
L01030,DISCOUNT_ABUSE,O040835,I065237,331.8,1,R19: 45% given vs 25% cap
L01031,DISCOUNT_ABUSE,O040859,I065273,188.85,1,R19: 40% given vs 25% cap
L01032,DISCOUNT_ABUSE,O040859,I065274,144.9,1,R19: 20% given vs 10% cap
L01033,DISCOUNT_ABUSE,O040931,I065394,191.85,1,R20: 35% given vs 20% cap
L01034,DISCOUNT_ABUSE,O040978,I065467,515.8,1,R24: 35% given vs 25% cap
L01035,DISCOUNT_ABUSE,O041047,I065568,69.9,1,R19: 20% given vs 10% cap
L01036,DISCOUNT_ABUSE,O041047,I065569,61.35,1,R19: 25% given vs 10% cap
L01037,DISCOUNT_ABUSE,O041108,I065667,386.85,1,R21: 40% given vs 25% cap
L01038,DISCOUNT_ABUSE,O041143,I065723,263.8,1,R19: 35% given vs 15% cap
L01039,DISCOUNT_ABUSE,O041209,I065822,291.8,1,R14: 25% given vs 15% cap
L01040,DISCOUNT_ABUSE,O041300,I065968,34.9,1,R16: 25% given vs 15% cap
L01041,DISCOUNT_ABUSE,O041363,I066072,257.8,1,R16: 20% given vs 10% cap
L01042,DISCOUNT_ABUSE,O041363,I066073,92.85,1,R16: 25% given vs 10% cap
L01043,DISCOUNT_ABUSE,O041377,I066096,483.8,1,R20: 40% given vs 20% cap
L01044,DISCOUNT_ABUSE,O041463,I066226,124.9,1,R16: 35% given vs 25% cap
L01045,DISCOUNT_ABUSE,O041477,I066247,271.9,1,R19: 30% given vs 20% cap
L01046,DISCOUNT_ABUSE,O041485,I066259,543.8,1,R14: 35% given vs 25% cap
L01047,DISCOUNT_ABUSE,O041501,I066285,83.9,1,R14: 30% given vs 20% cap
L01048,DISCOUNT_ABUSE,O041501,I066286,25.9,1,R14: 25% given vs 15% cap
L01049,DISCOUNT_ABUSE,O041540,I066355,52.9,1,R21: 25% given vs 15% cap
L01050,DISCOUNT_ABUSE,O041540,I066356,103.9,1,R21: 25% given vs 15% cap
L01051,DISCOUNT_ABUSE,O041683,I066573,332.85,1,R14: 40% given vs 25% cap
L01052,DISCOUNT_ABUSE,O041683,I066574,223.8,1,R14: 30% given vs 10% cap
L01053,DISCOUNT_ABUSE,O041764,I066707,283.8,1,R19: 40% given vs 20% cap
L01054,DISCOUNT_ABUSE,O041764,I066708,289.8,1,R19: 30% given vs 10% cap
L01055,DISCOUNT_ABUSE,O041841,I066842,137.8,1,R21: 45% given vs 25% cap
L01056,DISCOUNT_ABUSE,O041841,I066843,212.85,1,R21: 35% given vs 20% cap
L01057,DISCOUNT_ABUSE,O041864,I066884,73.9,1,R24: 25% given vs 15% cap
L01058,DISCOUNT_ABUSE,O041893,I066933,217.35,1,R21: 25% given vs 10% cap
L01059,DISCOUNT_ABUSE,O041936,I066995,66.9,1,R24: 20% given vs 10% cap
L01060,DISCOUNT_ABUSE,O042050,I067161,439.35,1,R19: 40% given vs 25% cap
L01061,DISCOUNT_ABUSE,O042097,I067237,209.85,1,R16: 40% given vs 25% cap
L01062,DISCOUNT_ABUSE,O042097,I067238,121.8,1,R16: 40% given vs 20% cap
L01063,DISCOUNT_ABUSE,O042152,I067315,289.8,1,R20: 35% given vs 25% cap
L01064,DISCOUNT_ABUSE,O042173,I067346,34.9,1,R19: 25% given vs 15% cap
L01065,DISCOUNT_ABUSE,O042173,I067347,440.7,1,R19: 30% given vs 15% cap
L01066,DISCOUNT_ABUSE,O042223,I067428,515.8,1,R21: 45% given vs 25% cap
L01067,DISCOUNT_ABUSE,O042223,I067431,103.35,1,R21: 40% given vs 25% cap
L01068,DISCOUNT_ABUSE,O042242,I067458,515.8,1,R19: 45% given vs 25% cap
L01069,DISCOUNT_ABUSE,O042302,I067563,92.85,1,R24: 30% given vs 15% cap
L01070,DISCOUNT_ABUSE,O042305,I067567,111.9,1,R19: 35% given vs 25% cap
L01071,DISCOUNT_ABUSE,O042372,I067662,163.9,1,R21: 35% given vs 25% cap
L01072,DISCOUNT_ABUSE,O042464,I067820,103.35,1,R16: 40% given vs 25% cap
L01073,DISCOUNT_ABUSE,O042518,I067902,115.35,1,R24: 35% given vs 20% cap
L01074,DISCOUNT_ABUSE,O042518,I067903,431.85,1,R24: 40% given vs 25% cap
L01075,DISCOUNT_ABUSE,O042555,I067965,167.8,1,R21: 25% given vs 15% cap
L01076,DISCOUNT_ABUSE,O042559,I067973,597.8,1,R16: 45% given vs 25% cap
L01077,DISCOUNT_ABUSE,O042559,I067974,110.85,1,R16: 30% given vs 15% cap
L01078,DISCOUNT_ABUSE,O042563,I067981,263.8,1,R24: 35% given vs 15% cap
L01079,DISCOUNT_ABUSE,O042563,I067982,87.8,1,R24: 35% given vs 15% cap
L01080,DISCOUNT_ABUSE,O042585,I068019,144.9,1,R14: 20% given vs 10% cap
L01081,DISCOUNT_ABUSE,O042669,I068153,68.9,1,R20: 35% given vs 25% cap
L01082,DISCOUNT_ABUSE,O042681,I068171,83.9,1,R20: 30% given vs 20% cap
L01083,DISCOUNT_ABUSE,O042766,I068299,115.8,1,R16: 25% given vs 15% cap
L01084,DISCOUNT_ABUSE,O042843,I068421,381.8,1,R16: 45% given vs 25% cap
L01085,DISCOUNT_ABUSE,O042909,I068537,133.8,1,R24: 25% given vs 15% cap
L01086,DISCOUNT_ABUSE,O042925,I068564,339.6,1,R21: 35% given vs 15% cap
L01087,DISCOUNT_ABUSE,O042925,I068565,386.85,1,R21: 40% given vs 25% cap
L01088,DISCOUNT_ABUSE,O042925,I068566,113.8,1,R21: 35% given vs 15% cap
L01089,DISCOUNT_ABUSE,O042925,I068567,386.85,1,R21: 40% given vs 25% cap
L01090,DISCOUNT_ABUSE,O042934,I068584,70.35,1,R21: 25% given vs 10% cap
L01091,DISCOUNT_ABUSE,O043075,I068811,527.6,1,R14: 35% given vs 15% cap
L01092,DISCOUNT_ABUSE,O043075,I068812,245.8,1,R14: 45% given vs 25% cap
L01093,DISCOUNT_ABUSE,O043145,I068933,71.9,1,R20: 30% given vs 20% cap
L01094,DISCOUNT_ABUSE,O043313,I069201,280.35,1,R24: 40% given vs 25% cap
L01095,DISCOUNT_ABUSE,O043313,I069202,73.9,1,R24: 25% given vs 15% cap
L01096,DISCOUNT_ABUSE,O043398,I069329,442.35,1,R21: 35% given vs 20% cap
L01097,DISCOUNT_ABUSE,O043400,I069333,139.9,1,R20: 35% given vs 25% cap
L01098,DISCOUNT_ABUSE,O043434,I069392,66.9,1,R21: 35% given vs 25% cap
L01099,DISCOUNT_ABUSE,O043505,I069498,483.8,1,R24: 30% given vs 20% cap
L01100,DISCOUNT_ABUSE,O043505,I069499,185.7,1,R24: 25% given vs 10% cap
L01101,DISCOUNT_ABUSE,O043505,I069500,379.8,1,R24: 35% given vs 25% cap
L01102,DISCOUNT_ABUSE,O043555,I069585,167.8,1,R19: 45% given vs 25% cap
L01103,DISCOUNT_ABUSE,O043555,I069586,112.9,1,R19: 25% given vs 15% cap
L01104,DISCOUNT_ABUSE,O043591,I069646,61.9,1,R20: 20% given vs 10% cap
L01105,DISCOUNT_ABUSE,O043645,I069733,223.8,1,R14: 35% given vs 25% cap
L01106,DISCOUNT_ABUSE,O043885,I070098,56.9,1,R20: 25% given vs 15% cap
L01107,DISCOUNT_ABUSE,O043885,I070099,114.9,1,R20: 30% given vs 20% cap
L01108,DISCOUNT_ABUSE,O043905,I070132,431.85,1,R14: 35% given vs 20% cap
L01109,DISCOUNT_ABUSE,O043949,I070197,332.85,1,R21: 40% given vs 25% cap
L01110,DISCOUNT_ABUSE,O043949,I070198,530.55,1,R21: 40% given vs 25% cap
L01111,DISCOUNT_ABUSE,O043949,I070199,79.35,1,R21: 30% given vs 15% cap
L01112,DISCOUNT_ABUSE,O043981,I070251,297.8,1,R14: 30% given vs 10% cap
L01113,DISCOUNT_ABUSE,O043983,I070254,123.8,1,R14: 25% given vs 15% cap
L01114,DISCOUNT_ABUSE,O044022,I070320,499.6,1,R24: 45% given vs 25% cap
L01115,DISCOUNT_ABUSE,O044180,I070591,155.85,1,R20: 30% given vs 15% cap
L01116,DISCOUNT_ABUSE,O044195,I070610,979.6,1,R21: 40% given vs 20% cap
L01117,DISCOUNT_ABUSE,O044325,I070804,147.8,1,R19: 35% given vs 15% cap
L01118,DISCOUNT_ABUSE,O044334,I070818,212.85,1,R20: 35% given vs 20% cap
L01119,DISCOUNT_ABUSE,O044385,I070893,218.85,1,R19: 30% given vs 15% cap
L01120,DISCOUNT_ABUSE,O044440,I070989,52.9,1,R14: 25% given vs 15% cap
L01121,DISCOUNT_ABUSE,O044504,I071098,98.9,1,R24: 35% given vs 25% cap
L01122,DISCOUNT_ABUSE,O044504,I071101,123.8,1,R24: 35% given vs 15% cap
L01123,DISCOUNT_ABUSE,O044583,I071231,96.9,1,R21: 35% given vs 25% cap
L01124,DISCOUNT_ABUSE,O044583,I071234,123.8,1,R21: 35% given vs 15% cap
L01125,DISCOUNT_ABUSE,O044600,I071259,103.35,1,R21: 40% given vs 25% cap
L01126,DISCOUNT_ABUSE,O044600,I071260,177.8,1,R21: 45% given vs 25% cap
L01127,DISCOUNT_ABUSE,O044600,I071262,131.8,1,R21: 45% given vs 25% cap
L01128,DISCOUNT_ABUSE,O044636,I071320,159.6,1,R20: 45% given vs 25% cap
L01129,DISCOUNT_ABUSE,O044636,I071322,386.85,1,R20: 40% given vs 25% cap
L01130,DISCOUNT_ABUSE,O044648,I071341,263.7,1,R20: 35% given vs 25% cap
L01131,DISCOUNT_ABUSE,O044687,I071395,163.9,1,R19: 35% given vs 25% cap
L01132,DISCOUNT_ABUSE,O044707,I071427,171.6,1,R24: 45% given vs 25% cap
L01133,DISCOUNT_ABUSE,O044739,I071486,52.35,1,R14: 30% given vs 15% cap
L01134,DISCOUNT_ABUSE,O044750,I071506,145.9,1,R19: 35% given vs 25% cap
L01135,DISCOUNT_ABUSE,O044801,I071582,163.35,1,R21: 35% given vs 20% cap
L01136,DISCOUNT_ABUSE,O044801,I071583,137.8,1,R21: 45% given vs 25% cap
L01137,DISCOUNT_ABUSE,O044801,I071584,71.8,1,R21: 35% given vs 15% cap
L01138,DISCOUNT_ABUSE,O044801,I071585,103.35,1,R21: 40% given vs 25% cap
L01139,DISCOUNT_ABUSE,O044861,I071686,167.8,1,R14: 35% given vs 15% cap
L01140,DISCOUNT_ABUSE,O044896,I071729,137.8,1,R14: 35% given vs 25% cap
L01141,DISCOUNT_ABUSE,O044944,I071805,175.8,1,R14: 45% given vs 25% cap
L01142,DISCOUNT_ABUSE,O044974,I071849,235.8,1,R14: 45% given vs 25% cap
L01143,DISCOUNT_ABUSE,O044974,I071850,393.8,1,R14: 45% given vs 25% cap
L01144,DISCOUNT_ABUSE,O044998,I071886,97.35,1,R14: 40% given vs 25% cap
L01145,DISCOUNT_ABUSE,O045015,I071913,226.35,1,R24: 35% given vs 20% cap
L01146,DISCOUNT_ABUSE,O045027,I071934,279.8,1,R14: 20% given vs 10% cap
L01147,DISCOUNT_ABUSE,O045033,I071942,68.9,1,R24: 35% given vs 25% cap
L01148,DISCOUNT_ABUSE,O045194,I072189,69.8,1,R16: 35% given vs 15% cap
L01149,DISCOUNT_ABUSE,O045384,I072500,249.8,1,R16: 45% given vs 25% cap
L01150,DISCOUNT_ABUSE,O045629,I072871,133.8,1,R21: 30% given vs 10% cap
L01151,DISCOUNT_ABUSE,O045653,I072909,295.35,1,R21: 40% given vs 25% cap
L01152,DISCOUNT_ABUSE,O045691,I072964,137.8,1,R20: 45% given vs 25% cap
L01153,DISCOUNT_ABUSE,O045693,I072966,61.9,1,R20: 25% given vs 15% cap
L01154,DISCOUNT_ABUSE,O045783,I073108,215.85,1,R24: 40% given vs 25% cap
L01155,DISCOUNT_ABUSE,O045808,I073140,201.8,1,R16: 35% given vs 15% cap
L01156,DISCOUNT_ABUSE,O045881,I073251,137.8,1,R19: 45% given vs 25% cap
L01157,DISCOUNT_ABUSE,O045897,I073277,86.85,1,R20: 30% given vs 15% cap
L01158,DISCOUNT_ABUSE,O045897,I073279,575.8,1,R20: 45% given vs 25% cap
L01159,DISCOUNT_ABUSE,O045897,I073280,137.8,1,R20: 45% given vs 25% cap
L01160,DISCOUNT_ABUSE,O045924,I073325,122.9,1,R21: 35% given vs 25% cap
L01161,DISCOUNT_ABUSE,O045963,I073381,299.7,1,R19: 30% given vs 15% cap
L01162,DISCOUNT_ABUSE,O046023,I073493,81.8,1,R21: 30% given vs 10% cap
L01163,DISCOUNT_ABUSE,O046040,I073517,148.9,1,R20: 20% given vs 10% cap
L01164,DISCOUNT_ABUSE,O046052,I073538,164.85,1,R16: 30% given vs 15% cap
L01165,DISCOUNT_ABUSE,O046107,I073632,145.35,1,R24: 30% given vs 15% cap
L01166,DISCOUNT_ABUSE,O046122,I073654,116.55,1,R19: 30% given vs 15% cap
L01167,DISCOUNT_ABUSE,O046198,I073761,206.7,1,R20: 40% given vs 25% cap
L01168,DISCOUNT_ABUSE,O046205,I073771,140.85,1,R20: 25% given vs 10% cap
L01169,DISCOUNT_ABUSE,O046205,I073772,543.8,1,R20: 40% given vs 20% cap
L01170,DISCOUNT_ABUSE,O046233,I073817,92.85,1,R19: 30% given vs 15% cap
L01171,DISCOUNT_ABUSE,O046338,I073987,1147.05,1,R19: 40% given vs 25% cap
L01172,DISCOUNT_ABUSE,O046375,I074046,187.8,1,R16: 35% given vs 15% cap
L01173,DISCOUNT_ABUSE,O046375,I074047,178.35,1,R16: 30% given vs 15% cap
L01174,DISCOUNT_ABUSE,O046387,I074064,40.9,1,R24: 20% given vs 10% cap
L01175,DISCOUNT_ABUSE,O046387,I074065,42.9,1,R24: 20% given vs 10% cap
L01176,DISCOUNT_ABUSE,O046393,I074072,32.9,1,R20: 35% given vs 25% cap
L01177,DISCOUNT_ABUSE,O046416,I074118,51.8,1,R19: 35% given vs 15% cap
L01178,DISCOUNT_ABUSE,O046429,I074141,291.8,1,R24: 35% given vs 15% cap
L01179,DISCOUNT_ABUSE,O046429,I074142,386.85,1,R24: 40% given vs 25% cap
L01180,DISCOUNT_ABUSE,O046430,I074144,387.6,1,R21: 45% given vs 25% cap
L01181,DISCOUNT_ABUSE,O046470,I074199,110.85,1,R14: 30% given vs 15% cap
L01182,DISCOUNT_ABUSE,O046473,I074205,123.8,1,R21: 35% given vs 15% cap
L01183,DISCOUNT_ABUSE,O046496,I074250,64.35,1,R21: 40% given vs 25% cap
L01184,DISCOUNT_ABUSE,O046593,I074408,51.8,1,R19: 25% given vs 15% cap
L01185,DISCOUNT_ABUSE,O046654,I074499,223.35,1,R14: 25% given vs 10% cap
L01186,DISCOUNT_ABUSE,O046663,I074511,249.8,1,R24: 45% given vs 25% cap
L01187,DISCOUNT_ABUSE,O046667,I074517,513.8,1,R20: 45% given vs 25% cap
L01188,DISCOUNT_ABUSE,O046759,I074652,110.85,1,R14: 30% given vs 15% cap
L01189,DISCOUNT_ABUSE,O046759,I074653,103.35,1,R14: 40% given vs 25% cap
L01190,DISCOUNT_ABUSE,O046813,I074742,255.8,1,R14: 35% given vs 15% cap
L01191,DISCOUNT_ABUSE,O046854,I074801,115.35,1,R24: 35% given vs 20% cap
L01192,DISCOUNT_ABUSE,O046927,I074912,291.8,1,R16: 35% given vs 15% cap
L01193,DISCOUNT_ABUSE,O047073,I075147,145.35,1,R16: 40% given vs 25% cap
L01194,DISCOUNT_ABUSE,O047091,I075174,440.7,1,R16: 30% given vs 15% cap
L01195,DISCOUNT_ABUSE,O047134,I075239,175.8,1,R16: 45% given vs 25% cap
L01196,DISCOUNT_ABUSE,O047296,I075478,115.8,1,R20: 30% given vs 10% cap
L01197,DISCOUNT_ABUSE,O047443,I075716,92.9,1,R16: 20% given vs 10% cap
L01198,DISCOUNT_ABUSE,O047443,I075717,125.85,1,R16: 30% given vs 15% cap
L01199,DISCOUNT_ABUSE,O047490,I075802,237.8,1,R24: 35% given vs 15% cap
L01200,DISCOUNT_ABUSE,O047555,I075915,100.35,1,R21: 25% given vs 10% cap
L01201,DISCOUNT_ABUSE,O047583,I075961,291.8,1,R19: 35% given vs 15% cap
L01202,DISCOUNT_ABUSE,O047594,I075976,139.8,1,R24: 30% given vs 10% cap
L01203,DISCOUNT_ABUSE,O047597,I075983,67.8,1,R19: 35% given vs 15% cap
L01204,DISCOUNT_ABUSE,O047675,I076103,129.8,1,R14: 45% given vs 25% cap
L01205,DISCOUNT_ABUSE,O047732,I076201,278.55,1,R19: 30% given vs 15% cap
L01206,DISCOUNT_ABUSE,O047732,I076202,79.35,1,R19: 30% given vs 15% cap
L01207,DISCOUNT_ABUSE,O047745,I076218,106.9,1,R19: 25% given vs 15% cap
L01208,DISCOUNT_ABUSE,O047758,I076244,287.9,1,R21: 30% given vs 20% cap
L01209,DISCOUNT_ABUSE,O047816,I076324,475.6,1,R21: 35% given vs 15% cap
L01210,DISCOUNT_ABUSE,O047840,I076366,164.85,1,R24: 25% given vs 10% cap
L01211,DISCOUNT_ABUSE,O047849,I076385,73.9,1,R19: 25% given vs 15% cap
L01212,DISCOUNT_ABUSE,O048007,I076639,200.7,1,R24: 25% given vs 10% cap
L01213,DISCOUNT_ABUSE,O048022,I076669,113.8,1,R21: 35% given vs 15% cap
L01214,DISCOUNT_ABUSE,O048026,I076679,100.35,1,R24: 25% given vs 10% cap
L01215,DISCOUNT_ABUSE,O048056,I076723,64.9,1,R19: 35% given vs 25% cap
L01216,DISCOUNT_ABUSE,O048062,I076735,178.35,1,R16: 30% given vs 15% cap
L01217,DISCOUNT_ABUSE,O048164,I076919,149.8,1,R19: 35% given vs 15% cap
L01218,DISCOUNT_ABUSE,O048210,I076981,79.35,1,R14: 30% given vs 15% cap
L01219,DISCOUNT_ABUSE,O048235,I077028,69.9,1,R21: 20% given vs 10% cap
L01220,DISCOUNT_ABUSE,O048250,I077051,129.8,1,R16: 45% given vs 25% cap
L01221,DISCOUNT_ABUSE,O048250,I077053,323.8,1,R16: 20% given vs 10% cap
L01222,DISCOUNT_ABUSE,O048250,I077054,103.9,1,R16: 25% given vs 15% cap
L01223,DISCOUNT_ABUSE,O048298,I077130,127.35,1,R16: 30% given vs 15% cap
L01224,DISCOUNT_ABUSE,O048448,I077376,50.85,1,R14: 30% given vs 15% cap
L01225,DISCOUNT_ABUSE,O048448,I077377,386.85,1,R14: 40% given vs 25% cap
L01226,DISCOUNT_ABUSE,O048454,I077385,226.35,1,R14: 35% given vs 20% cap
L01227,DISCOUNT_ABUSE,O048454,I077386,155.85,1,R14: 30% given vs 15% cap
L01228,DISCOUNT_ABUSE,O048560,I077551,189.9,1,R19: 35% given vs 25% cap
L01229,DISCOUNT_ABUSE,O048588,I077595,25.9,1,R16: 25% given vs 15% cap
L01230,DISCOUNT_ABUSE,O048614,I077646,295.35,1,R14: 40% given vs 25% cap
L01231,DISCOUNT_ABUSE,O048651,I077711,237.8,1,R24: 25% given vs 15% cap
L01232,DISCOUNT_ABUSE,O048656,I077718,42.9,1,R19: 20% given vs 10% cap
L01233,DISCOUNT_ABUSE,O048673,I077740,323.8,1,R19: 30% given vs 10% cap
L01234,DISCOUNT_ABUSE,O048694,I077771,83.9,1,R16: 35% given vs 25% cap
L01235,DISCOUNT_ABUSE,O048733,I077855,284.85,1,R24: 40% given vs 25% cap
L01236,DISCOUNT_ABUSE,O048789,I077948,60.9,1,R19: 35% given vs 25% cap
L01237,DISCOUNT_ABUSE,O048799,I077961,815.7,1,R20: 40% given vs 25% cap
L01238,DISCOUNT_ABUSE,O048807,I077977,127.9,1,R19: 30% given vs 20% cap
L01239,DISCOUNT_ABUSE,O048914,I078145,143.8,1,R14: 35% given vs 15% cap
L01240,DISCOUNT_ABUSE,O048914,I078146,145.9,1,R14: 25% given vs 15% cap
L01241,DISCOUNT_ABUSE,O049033,I078324,225.8,1,R20: 35% given vs 15% cap
L01242,DISCOUNT_ABUSE,O049053,I078362,137.8,1,R21: 45% given vs 25% cap
L01243,DISCOUNT_ABUSE,O049181,I078559,97.9,1,R24: 25% given vs 15% cap
L01244,DISCOUNT_ABUSE,O049263,I078694,135.9,1,R21: 20% given vs 10% cap
L01245,DISCOUNT_ABUSE,O049283,I078727,597.8,1,R16: 45% given vs 25% cap
L01246,DISCOUNT_ABUSE,O049283,I078728,301.8,1,R16: 30% given vs 20% cap
L01247,DISCOUNT_ABUSE,O049283,I078729,491.6,1,R16: 45% given vs 25% cap
L01248,DISCOUNT_ABUSE,O049346,I078829,223.8,1,R14: 35% given vs 25% cap
L01249,DISCOUNT_ABUSE,O049346,I078830,723.6,1,R14: 45% given vs 25% cap
L01250,DISCOUNT_ABUSE,O049370,I078863,147.8,1,R24: 35% given vs 15% cap
L01251,DISCOUNT_ABUSE,O049398,I078912,140.85,1,R16: 25% given vs 10% cap
L01252,DISCOUNT_ABUSE,O049414,I078937,98.9,1,R19: 35% given vs 25% cap
L01253,DISCOUNT_ABUSE,O049436,I078965,293.8,1,R19: 35% given vs 15% cap
L01254,DISCOUNT_ABUSE,O049438,I078968,61.9,1,R20: 25% given vs 15% cap
L01255,DISCOUNT_ABUSE,O049440,I078970,178.35,1,R24: 25% given vs 10% cap
L01256,DISCOUNT_ABUSE,O049568,I079166,543.6,1,R14: 30% given vs 10% cap
L01257,DISCOUNT_ABUSE,O049603,I079216,119.8,1,R20: 35% given vs 15% cap
L01258,DISCOUNT_ABUSE,O049631,I079254,81.8,1,R21: 30% given vs 10% cap
L01259,DISCOUNT_ABUSE,O049631,I079256,79.35,1,R21: 30% given vs 15% cap
L01260,DISCOUNT_ABUSE,O049733,I079407,491.6,1,R21: 45% given vs 25% cap
L01261,DISCOUNT_ABUSE,O049971,I079782,217.8,1,R16: 45% given vs 25% cap
L01262,STALE_PRICE,O011822,I018943,295.35,1,P143 sold 15% below MRP on Marketplace
L01263,STALE_PRICE,O011842,I018980,221.51,1,P143 sold 15% below MRP on Marketplace
L01264,STALE_PRICE,O011905,I019079,169.43,1,P103 sold 15% below MRP on Marketplace
L01265,STALE_PRICE,O011991,I019216,338.86,1,P103 sold 15% below MRP on Marketplace
L01266,STALE_PRICE,O012019,I019259,236.28,1,P143 sold 15% below MRP on Marketplace
L01267,STALE_PRICE,O012095,I019375,143.95,1,P086 sold 15% below MRP on Marketplace
L01268,STALE_PRICE,O012276,I019653,221.51,1,P143 sold 15% below MRP on Marketplace
L01269,STALE_PRICE,O012420,I019877,489.22,1,P097 sold 15% below MRP on Marketplace
L01270,STALE_PRICE,O012495,I020001,173.57,1,P046 sold 15% below MRP on Marketplace
L01271,STALE_PRICE,O012504,I020016,280.58,1,P143 sold 15% below MRP on Marketplace
L01272,STALE_PRICE,O012522,I020045,149.85,1,P127 sold 15% below MRP on Marketplace
L01273,STALE_PRICE,O012529,I020057,86.78,1,P046 sold 15% below MRP on Marketplace
L01274,STALE_PRICE,O012751,I020405,73.08,1,P046 sold 15% below MRP on Marketplace
L01275,STALE_PRICE,O012914,I020654,143.95,1,P086 sold 15% below MRP on Marketplace
L01276,STALE_PRICE,O012921,I020671,280.58,1,P143 sold 15% below MRP on Marketplace
L01277,STALE_PRICE,O012981,I020771,265.82,1,P143 sold 15% below MRP on Marketplace
L01278,STALE_PRICE,O012982,I020772,149.85,1,P127 sold 15% below MRP on Marketplace
L01279,STALE_PRICE,O013070,I020928,539.55,1,P067 sold 15% below MRP on Marketplace
L01280,STALE_PRICE,O013206,I021153,284.72,1,P127 sold 15% below MRP on Marketplace
L01281,STALE_PRICE,O013211,I021163,169.35,1,P086 sold 15% below MRP on Marketplace
L01282,STALE_PRICE,O013254,I021231,160.88,1,P086 sold 15% below MRP on Marketplace
L01283,STALE_PRICE,O013367,I021398,221.51,1,P143 sold 15% below MRP on Marketplace
L01284,STALE_PRICE,O013483,I021591,169.35,1,P086 sold 15% below MRP on Marketplace
L01285,STALE_PRICE,O013513,I021640,169.35,1,P086 sold 15% below MRP on Marketplace
L01286,STALE_PRICE,O013808,I022102,149.85,1,P127 sold 15% below MRP on Marketplace
L01287,STALE_PRICE,O014146,I022624,152.42,1,P086 sold 15% below MRP on Marketplace
L01288,STALE_PRICE,O014272,I022834,236.28,1,P143 sold 15% below MRP on Marketplace
L01289,STALE_PRICE,O014279,I022846,178.35,1,P103 sold 15% below MRP on Marketplace
L01290,STALE_PRICE,O014649,I023436,295.35,1,P143 sold 15% below MRP on Marketplace
L01291,STALE_PRICE,O014963,I023944,265.82,1,P143 sold 15% below MRP on Marketplace
L01292,STALE_PRICE,O015052,I024085,160.88,1,P086 sold 15% below MRP on Marketplace
L01293,STALE_PRICE,O015148,I024228,531.63,1,P143 sold 15% below MRP on Marketplace
L01294,STALE_PRICE,O015183,I024283,152.42,1,P086 sold 15% below MRP on Marketplace
L01295,STALE_PRICE,O015231,I024370,149.85,1,P127 sold 15% below MRP on Marketplace
L01296,STALE_PRICE,O015398,I024626,590.7,1,P143 sold 15% below MRP on Marketplace
L01297,STALE_PRICE,O015420,I024665,172.66,1,P097 sold 15% below MRP on Marketplace
L01298,STALE_PRICE,O015525,I024826,152.42,1,P086 sold 15% below MRP on Marketplace
L01299,STALE_PRICE,O015632,I024988,179.41,1,P048 sold 15% below MRP on Marketplace
L01300,STALE_PRICE,O015669,I025050,169.35,1,P086 sold 15% below MRP on Marketplace
L01301,STALE_PRICE,O015683,I025070,512.57,1,P067 sold 15% below MRP on Marketplace
L01302,STALE_PRICE,O015879,I025371,143.95,1,P086 sold 15% below MRP on Marketplace
L01303,STALE_PRICE,O015932,I025458,169.35,1,P086 sold 15% below MRP on Marketplace
L01304,STALE_PRICE,O015982,I025538,160.52,1,P103 sold 15% below MRP on Marketplace
L01305,STALE_PRICE,O016251,I025979,169.35,1,P086 sold 15% below MRP on Marketplace
L01306,STALE_PRICE,O016258,I025991,280.58,1,P143 sold 15% below MRP on Marketplace
L01307,STALE_PRICE,O016264,I026000,753.14,1,P143 sold 15% below MRP on Marketplace
L01308,STALE_PRICE,O016326,I026105,143.95,1,P086 sold 15% below MRP on Marketplace
L01309,STALE_PRICE,O016413,I026252,86.78,1,P046 sold 15% below MRP on Marketplace
L01310,STALE_PRICE,O016436,I026283,251.05,1,P143 sold 15% below MRP on Marketplace
L01311,STALE_PRICE,O016475,I026340,73.08,1,P046 sold 15% below MRP on Marketplace
L01312,STALE_PRICE,O016493,I026371,265.82,1,P143 sold 15% below MRP on Marketplace
L01313,STALE_PRICE,O016613,I026544,251.05,1,P143 sold 15% below MRP on Marketplace
L01314,STALE_PRICE,O016674,I026638,149.85,1,P127 sold 15% below MRP on Marketplace
L01315,STALE_PRICE,O016676,I026640,142.36,1,P127 sold 15% below MRP on Marketplace
L01316,STALE_PRICE,O016698,I026673,134.86,1,P127 sold 15% below MRP on Marketplace
L01317,STALE_PRICE,O016698,I026674,149.85,1,P127 sold 15% below MRP on Marketplace
L01318,STALE_PRICE,O016777,I026793,251.05,1,P143 sold 15% below MRP on Marketplace
L01319,STALE_PRICE,O016968,I027098,535.05,1,P103 sold 15% below MRP on Marketplace
L01320,STALE_PRICE,O016991,I027133,338.7,1,P086 sold 15% below MRP on Marketplace
L01321,STALE_PRICE,O017040,I027216,149.85,1,P127 sold 15% below MRP on Marketplace
L01322,STALE_PRICE,O017163,I027422,221.51,1,P143 sold 15% below MRP on Marketplace
L01323,STALE_PRICE,O017199,I027484,169.35,1,P086 sold 15% below MRP on Marketplace
L01324,STALE_PRICE,O017271,I027604,295.35,1,P143 sold 15% below MRP on Marketplace
L01325,STALE_PRICE,O017345,I027720,151.6,1,P103 sold 15% below MRP on Marketplace
L01326,STALE_PRICE,O017430,I027848,91.35,1,P046 sold 15% below MRP on Marketplace
L01327,STALE_PRICE,O017573,I028080,295.35,1,P143 sold 15% below MRP on Marketplace
L01328,STALE_PRICE,O017886,I028565,254.02,1,P086 sold 15% below MRP on Marketplace
L01329,STALE_PRICE,O017991,I028727,304.83,1,P086 sold 15% below MRP on Marketplace
L01330,STALE_PRICE,O018368,I029331,160.88,1,P086 sold 15% below MRP on Marketplace
L01331,STALE_PRICE,O018550,I029619,77.65,1,P046 sold 15% below MRP on Marketplace
L01332,STALE_PRICE,O018733,I029903,127.01,1,P086 sold 15% below MRP on Marketplace
L01333,STALE_PRICE,O018756,I029939,251.05,1,P143 sold 15% below MRP on Marketplace
L01334,STALE_PRICE,O018875,I030122,221.51,1,P143 sold 15% below MRP on Marketplace
L01335,STALE_PRICE,O018943,I030240,160.88,1,P086 sold 15% below MRP on Marketplace
L01336,STALE_PRICE,O019116,I030517,221.51,1,P143 sold 15% below MRP on Marketplace
L01337,STALE_PRICE,O019189,I030628,191.98,1,P143 sold 15% below MRP on Marketplace
L01338,STALE_PRICE,O019229,I030691,152.42,1,P086 sold 15% below MRP on Marketplace
L01339,STALE_PRICE,O019785,I031573,338.7,1,P086 sold 15% below MRP on Marketplace
L01340,STALE_PRICE,O019796,I031592,206.74,1,P143 sold 15% below MRP on Marketplace
L01341,STALE_PRICE,O019887,I031745,169.35,1,P086 sold 15% below MRP on Marketplace
L01342,STALE_PRICE,O019939,I031819,326.14,1,P097 sold 15% below MRP on Marketplace
L01343,STALE_PRICE,O020081,I032050,191.98,1,P143 sold 15% below MRP on Marketplace
L01344,STALE_PRICE,O020092,I032064,251.05,1,P143 sold 15% below MRP on Marketplace
L01345,STALE_PRICE,O020266,I032346,112.39,1,P127 sold 15% below MRP on Marketplace
L01346,STALE_PRICE,O020266,I032347,472.56,1,P143 sold 15% below MRP on Marketplace
L01347,STALE_PRICE,O020297,I032398,169.35,1,P086 sold 15% below MRP on Marketplace
L01348,STALE_PRICE,O020350,I032488,254.75,1,P127 sold 15% below MRP on Marketplace
L01349,STALE_PRICE,O020354,I032496,169.35,1,P086 sold 15% below MRP on Marketplace
L01350,STALE_PRICE,O020403,I032583,206.74,1,P143 sold 15% below MRP on Marketplace
L01351,STALE_PRICE,O020422,I032617,206.74,1,P143 sold 15% below MRP on Marketplace
L01352,STALE_PRICE,O020520,I032776,358.82,1,P048 sold 15% below MRP on Marketplace
L01353,STALE_PRICE,O020577,I032867,178.35,1,P103 sold 15% below MRP on Marketplace
L01354,STALE_PRICE,O020584,I032879,160.88,1,P086 sold 15% below MRP on Marketplace
L01355,STALE_PRICE,O020718,I033107,91.35,1,P046 sold 15% below MRP on Marketplace
L01356,STALE_PRICE,O020858,I033336,135.48,1,P086 sold 15% below MRP on Marketplace
L01357,STALE_PRICE,O020944,I033485,169.35,1,P086 sold 15% below MRP on Marketplace
L01358,STALE_PRICE,O020979,I033547,169.96,1,P048 sold 15% below MRP on Marketplace
L01359,STALE_PRICE,O021049,I033655,251.05,1,P143 sold 15% below MRP on Marketplace
L01360,STALE_PRICE,O021066,I033679,236.28,1,P143 sold 15% below MRP on Marketplace
L01361,STALE_PRICE,O021240,I033941,142.68,1,P103 sold 15% below MRP on Marketplace
L01362,STALE_PRICE,O021317,I034069,236.28,1,P143 sold 15% below MRP on Marketplace
L01363,STALE_PRICE,O021443,I034264,428.04,1,P103 sold 15% below MRP on Marketplace
L01364,STALE_PRICE,O022013,I035163,169.96,1,P048 sold 15% below MRP on Marketplace
L01365,STALE_PRICE,O022035,I035206,135.48,1,P086 sold 15% below MRP on Marketplace
L01366,STALE_PRICE,O022113,I035332,143.95,1,P086 sold 15% below MRP on Marketplace
L01367,STALE_PRICE,O022214,I035490,133.76,1,P103 sold 15% below MRP on Marketplace
L01368,STALE_PRICE,O022546,I036046,251.05,1,P143 sold 15% below MRP on Marketplace
L01369,STALE_PRICE,O022624,I036164,127.01,1,P086 sold 15% below MRP on Marketplace
L01370,STALE_PRICE,O022771,I036410,269.73,1,P127 sold 15% below MRP on Marketplace
L01371,STALE_PRICE,O022878,I036570,321.77,1,P086 sold 15% below MRP on Marketplace
L01372,STALE_PRICE,O022887,I036590,254.02,1,P086 sold 15% below MRP on Marketplace
L01373,STALE_PRICE,O022910,I036624,270.96,1,P086 sold 15% below MRP on Marketplace
L01374,STALE_PRICE,O022952,I036687,152.42,1,P086 sold 15% below MRP on Marketplace
L01375,STALE_PRICE,O022953,I036688,142.36,1,P127 sold 15% below MRP on Marketplace
L01376,STALE_PRICE,O022967,I036703,134.86,1,P127 sold 15% below MRP on Marketplace
L01377,STALE_PRICE,O023109,I036898,251.05,1,P143 sold 15% below MRP on Marketplace
L01378,STALE_PRICE,O023191,I037030,172.66,1,P097 sold 15% below MRP on Marketplace
L01379,STALE_PRICE,O023281,I037179,404.6,1,P127 sold 15% below MRP on Marketplace
L01380,STALE_PRICE,O023752,I037949,169.35,1,P086 sold 15% below MRP on Marketplace
L01381,STALE_PRICE,O023791,I038009,149.85,1,P127 sold 15% below MRP on Marketplace
L01382,STALE_PRICE,O024059,I038408,151.08,1,P048 sold 15% below MRP on Marketplace
L01383,STALE_PRICE,O024069,I038423,267.52,1,P103 sold 15% below MRP on Marketplace
L01384,STALE_PRICE,O024194,I038613,160.52,1,P103 sold 15% below MRP on Marketplace
L01385,STALE_PRICE,O024315,I038796,472.56,1,P143 sold 15% below MRP on Marketplace
L01386,STALE_PRICE,O024459,I039008,265.82,1,P143 sold 15% below MRP on Marketplace
L01387,STALE_PRICE,O024505,I039079,457.25,1,P086 sold 15% below MRP on Marketplace
L01388,STALE_PRICE,O024505,I039081,134.86,1,P127 sold 15% below MRP on Marketplace
L01389,STALE_PRICE,O024548,I039152,127.01,1,P086 sold 15% below MRP on Marketplace
L01390,STALE_PRICE,O024549,I039153,221.51,1,P143 sold 15% below MRP on Marketplace
L01391,STALE_PRICE,O024616,I039260,265.82,1,P143 sold 15% below MRP on Marketplace
L01392,STALE_PRICE,O024630,I039284,169.35,1,P086 sold 15% below MRP on Marketplace
L01393,STALE_PRICE,O024983,I039831,339.93,1,P048 sold 15% below MRP on Marketplace
L01394,STALE_PRICE,O025206,I040178,265.82,1,P143 sold 15% below MRP on Marketplace
L01395,STALE_PRICE,O025257,I040257,134.86,1,P127 sold 15% below MRP on Marketplace
L01396,STALE_PRICE,O025380,I040473,172.66,1,P097 sold 15% below MRP on Marketplace
L01397,STALE_PRICE,O025610,I040840,127.37,1,P127 sold 15% below MRP on Marketplace
L01398,STALE_PRICE,O025738,I041042,149.85,1,P127 sold 15% below MRP on Marketplace
L01399,STALE_PRICE,O025792,I041143,142.36,1,P127 sold 15% below MRP on Marketplace
L01400,STALE_PRICE,O025792,I041144,169.96,1,P048 sold 15% below MRP on Marketplace
L01401,STALE_PRICE,O025853,I041249,179.85,1,P067 sold 15% below MRP on Marketplace
L01402,STALE_PRICE,O025923,I041370,502.1,1,P143 sold 15% below MRP on Marketplace
L01403,STALE_PRICE,O026080,I041629,160.88,1,P086 sold 15% below MRP on Marketplace
L01404,STALE_PRICE,O026178,I041784,151.08,1,P048 sold 15% below MRP on Marketplace
L01405,STALE_PRICE,O026288,I041962,151.6,1,P103 sold 15% below MRP on Marketplace
L01406,STALE_PRICE,O026311,I041995,127.37,1,P127 sold 15% below MRP on Marketplace
L01407,STALE_PRICE,O026498,I042306,169.43,1,P103 sold 15% below MRP on Marketplace
L01408,STALE_PRICE,O026502,I042313,221.51,1,P143 sold 15% below MRP on Marketplace
L01409,STALE_PRICE,O026659,I042561,295.35,1,P143 sold 15% below MRP on Marketplace
L01410,STALE_PRICE,O026660,I042563,143.95,1,P086 sold 15% below MRP on Marketplace
L01411,STALE_PRICE,O026731,I042681,142.36,1,P127 sold 15% below MRP on Marketplace
L01412,STALE_PRICE,O026820,I042816,265.82,1,P143 sold 15% below MRP on Marketplace
L01413,STALE_PRICE,O026948,I043018,304.83,1,P086 sold 15% below MRP on Marketplace
L01414,STALE_PRICE,O027030,I043151,143.95,1,P086 sold 15% below MRP on Marketplace
L01415,STALE_PRICE,O027096,I043257,188.85,1,P048 sold 15% below MRP on Marketplace
L01416,STALE_PRICE,O027145,I043333,377.7,1,P048 sold 15% below MRP on Marketplace
L01417,STALE_PRICE,O027336,I043645,169.43,1,P103 sold 15% below MRP on Marketplace
L01418,STALE_PRICE,O027422,I043782,134.86,1,P127 sold 15% below MRP on Marketplace
L01419,STALE_PRICE,O027456,I043834,178.35,1,P103 sold 15% below MRP on Marketplace
L01420,STALE_PRICE,O027747,I044266,170.86,1,P067 sold 15% below MRP on Marketplace
L01421,STALE_PRICE,O027813,I044365,160.52,1,P103 sold 15% below MRP on Marketplace
L01422,STALE_PRICE,O027971,I044627,221.51,1,P143 sold 15% below MRP on Marketplace
L01423,STALE_PRICE,O028085,I044813,338.7,1,P086 sold 15% below MRP on Marketplace
L01424,STALE_PRICE,O028184,I044980,265.82,1,P143 sold 15% below MRP on Marketplace
L01425,STALE_PRICE,O028245,I045073,149.85,1,P127 sold 15% below MRP on Marketplace
L01426,STALE_PRICE,O028512,I045480,304.83,1,P086 sold 15% below MRP on Marketplace
L01427,STALE_PRICE,O028674,I045746,295.35,1,P143 sold 15% below MRP on Marketplace
L01428,STALE_PRICE,O028740,I045854,169.35,1,P086 sold 15% below MRP on Marketplace
L01429,STALE_PRICE,O028770,I045901,149.85,1,P127 sold 15% below MRP on Marketplace
L01430,STALE_PRICE,O028970,I046217,449.55,1,P127 sold 15% below MRP on Marketplace
L01431,STALE_PRICE,O029000,I046268,152.42,1,P086 sold 15% below MRP on Marketplace
L01432,STALE_PRICE,O029157,I046526,531.63,1,P143 sold 15% below MRP on Marketplace
L01433,STALE_PRICE,O029227,I046628,169.35,1,P086 sold 15% below MRP on Marketplace
L01434,STALE_PRICE,O029339,I046802,182.26,1,P097 sold 15% below MRP on Marketplace
L01435,STALE_PRICE,O029358,I046832,179.41,1,P048 sold 15% below MRP on Marketplace
L01436,STALE_PRICE,O029375,I046863,539.55,1,P067 sold 15% below MRP on Marketplace
L01437,STALE_PRICE,O029606,I047241,172.66,1,P097 sold 15% below MRP on Marketplace
L01438,STALE_PRICE,O029632,I047278,160.88,1,P086 sold 15% below MRP on Marketplace
L01439,STALE_PRICE,O029632,I047279,169.35,1,P086 sold 15% below MRP on Marketplace
L01440,STALE_PRICE,O029759,I047482,265.82,1,P143 sold 15% below MRP on Marketplace
L01441,STALE_PRICE,O029925,I047744,295.35,1,P143 sold 15% below MRP on Marketplace
L01442,STALE_PRICE,O029996,I047853,142.36,1,P127 sold 15% below MRP on Marketplace
L01443,STALE_PRICE,O030061,I047959,143.95,1,P086 sold 15% below MRP on Marketplace
L01444,STALE_PRICE,O030182,I048152,169.35,1,P086 sold 15% below MRP on Marketplace
L01445,STALE_PRICE,O030363,I048442,161.86,1,P067 sold 15% below MRP on Marketplace
L01446,STALE_PRICE,O030376,I048458,169.35,1,P086 sold 15% below MRP on Marketplace
L01447,STALE_PRICE,O030404,I048502,143.95,1,P086 sold 15% below MRP on Marketplace
L01448,STALE_PRICE,O030769,I049077,178.35,1,P103 sold 15% below MRP on Marketplace
L01449,STALE_PRICE,O030879,I049254,338.7,1,P086 sold 15% below MRP on Marketplace
L01450,STALE_PRICE,O031013,I049473,280.58,1,P143 sold 15% below MRP on Marketplace
L01451,STALE_PRICE,O031226,I049811,149.85,1,P127 sold 15% below MRP on Marketplace
L01452,STALE_PRICE,O031281,I049898,169.35,1,P086 sold 15% below MRP on Marketplace
L01453,STALE_PRICE,O031333,I049980,295.35,1,P143 sold 15% below MRP on Marketplace
L01454,STALE_PRICE,O031520,I050272,295.35,1,P143 sold 15% below MRP on Marketplace
L01455,STALE_PRICE,O031520,I050273,295.35,1,P143 sold 15% below MRP on Marketplace
L01456,STALE_PRICE,O031689,I050552,178.35,1,P103 sold 15% below MRP on Marketplace
L01457,STALE_PRICE,O032020,I051062,179.41,1,P048 sold 15% below MRP on Marketplace
L01458,STALE_PRICE,O032084,I051182,191.85,1,P097 sold 15% below MRP on Marketplace
L01459,STALE_PRICE,O032219,I051386,172.66,1,P097 sold 15% below MRP on Marketplace
L01460,STALE_PRICE,O032267,I051462,280.58,1,P143 sold 15% below MRP on Marketplace
L01461,STALE_PRICE,O032639,I052065,169.35,1,P086 sold 15% below MRP on Marketplace
L01462,STALE_PRICE,O032691,I052147,191.85,1,P097 sold 15% below MRP on Marketplace
L01463,STALE_PRICE,O033019,I052672,142.36,1,P127 sold 15% below MRP on Marketplace
L01464,STALE_PRICE,O033020,I052675,142.36,1,P127 sold 15% below MRP on Marketplace
L01465,STALE_PRICE,O033121,I052838,188.85,1,P048 sold 15% below MRP on Marketplace
L01466,STALE_PRICE,O033371,I053252,160.52,1,P103 sold 15% below MRP on Marketplace
L01467,STALE_PRICE,O033563,I053561,265.82,1,P143 sold 15% below MRP on Marketplace
L01468,STALE_PRICE,O033730,I053830,143.95,1,P086 sold 15% below MRP on Marketplace
L01469,STALE_PRICE,O033768,I053897,251.05,1,P143 sold 15% below MRP on Marketplace
L01470,STALE_PRICE,O033935,I054159,119.88,1,P127 sold 15% below MRP on Marketplace
L01471,STALE_PRICE,O033947,I054176,413.49,1,P143 sold 15% below MRP on Marketplace
L01472,STALE_PRICE,O034030,I054311,443.02,1,P143 sold 15% below MRP on Marketplace
L01473,STALE_PRICE,O034059,I054357,169.35,1,P086 sold 15% below MRP on Marketplace
L01474,STALE_PRICE,O034168,I054532,531.63,1,P143 sold 15% below MRP on Marketplace
L01475,STALE_PRICE,O034279,I054705,254.75,1,P127 sold 15% below MRP on Marketplace
L01476,STALE_PRICE,O034318,I054770,142.68,1,P103 sold 15% below MRP on Marketplace
L01477,STALE_PRICE,O034389,I054888,169.35,1,P086 sold 15% below MRP on Marketplace
L01478,STALE_PRICE,O034402,I054910,112.39,1,P127 sold 15% below MRP on Marketplace
L01479,STALE_PRICE,O034438,I054972,143.95,1,P086 sold 15% below MRP on Marketplace
L01480,STALE_PRICE,O034494,I055068,127.01,1,P086 sold 15% below MRP on Marketplace
L01481,STALE_PRICE,O034541,I055156,443.02,1,P143 sold 15% below MRP on Marketplace
L01482,STALE_PRICE,O034555,I055176,133.76,1,P103 sold 15% below MRP on Marketplace
L01483,STALE_PRICE,O034589,I055238,160.52,1,P103 sold 15% below MRP on Marketplace
L01484,STALE_PRICE,O034811,I055609,265.82,1,P143 sold 15% below MRP on Marketplace
L01485,STALE_PRICE,O034884,I055724,538.22,1,P048 sold 15% below MRP on Marketplace
L01486,STALE_PRICE,O034977,I055874,127.01,1,P086 sold 15% below MRP on Marketplace
L01487,STALE_PRICE,O035139,I056146,178.35,1,P103 sold 15% below MRP on Marketplace
L01488,STALE_PRICE,O035167,I056184,443.02,1,P143 sold 15% below MRP on Marketplace
L01489,STALE_PRICE,O035171,I056189,149.85,1,P127 sold 15% below MRP on Marketplace
L01490,STALE_PRICE,O035245,I056328,295.35,1,P143 sold 15% below MRP on Marketplace
L01491,STALE_PRICE,O035353,I056500,169.35,1,P086 sold 15% below MRP on Marketplace
L01492,STALE_PRICE,O035359,I056513,179.85,1,P067 sold 15% below MRP on Marketplace
L01493,STALE_PRICE,O035367,I056525,152.42,1,P086 sold 15% below MRP on Marketplace
L01494,STALE_PRICE,O035416,I056598,326.14,1,P097 sold 15% below MRP on Marketplace
L01495,STALE_PRICE,O035469,I056677,179.41,1,P048 sold 15% below MRP on Marketplace
L01496,STALE_PRICE,O035564,I056832,251.05,1,P143 sold 15% below MRP on Marketplace
L01497,STALE_PRICE,O035564,I056833,179.85,1,P067 sold 15% below MRP on Marketplace
L01498,STALE_PRICE,O035717,I057087,172.66,1,P097 sold 15% below MRP on Marketplace
L01499,STALE_PRICE,O035760,I057144,188.85,1,P048 sold 15% below MRP on Marketplace
L01500,STALE_PRICE,O035848,I057288,295.35,1,P143 sold 15% below MRP on Marketplace
L01501,STALE_PRICE,O035869,I057325,160.88,1,P086 sold 15% below MRP on Marketplace
L01502,STALE_PRICE,O036002,I057529,160.88,1,P086 sold 15% below MRP on Marketplace
L01503,STALE_PRICE,O036211,I057868,178.35,1,P103 sold 15% below MRP on Marketplace
L01504,STALE_PRICE,O036243,I057919,236.28,1,P143 sold 15% below MRP on Marketplace
L01505,STALE_PRICE,O036274,I057970,160.88,1,P086 sold 15% below MRP on Marketplace
L01506,STALE_PRICE,O036300,I058009,280.58,1,P143 sold 15% below MRP on Marketplace
L01507,STALE_PRICE,O036534,I058387,299.7,1,P127 sold 15% below MRP on Marketplace
L01508,STALE_PRICE,O036552,I058421,163.07,1,P097 sold 15% below MRP on Marketplace
L01509,STALE_PRICE,O036819,I058843,321.77,1,P086 sold 15% below MRP on Marketplace
L01510,STALE_PRICE,O036974,I059102,172.66,1,P097 sold 15% below MRP on Marketplace
L01511,STALE_PRICE,O037021,I059170,179.41,1,P048 sold 15% below MRP on Marketplace
L01512,STALE_PRICE,O037132,I059352,295.35,1,P143 sold 15% below MRP on Marketplace
L01513,STALE_PRICE,O037151,I059389,359.7,1,P067 sold 15% below MRP on Marketplace
L01514,STALE_PRICE,O037177,I059434,172.66,1,P097 sold 15% below MRP on Marketplace
L01515,STALE_PRICE,O037286,I059594,82.22,1,P046 sold 15% below MRP on Marketplace
L01516,STALE_PRICE,O037320,I059641,169.43,1,P103 sold 15% below MRP on Marketplace
L01517,STALE_PRICE,O037346,I059681,265.82,1,P143 sold 15% below MRP on Marketplace
L01518,STALE_PRICE,O037498,I059910,188.85,1,P048 sold 15% below MRP on Marketplace
L01519,STALE_PRICE,O037531,I059964,149.85,1,P127 sold 15% below MRP on Marketplace
L01520,STALE_PRICE,O037554,I059996,160.88,1,P086 sold 15% below MRP on Marketplace
L01521,STALE_PRICE,O037619,I060102,169.35,1,P086 sold 15% below MRP on Marketplace
L01522,STALE_PRICE,O037728,I060286,143.95,1,P086 sold 15% below MRP on Marketplace
L01523,STALE_PRICE,O037797,I060396,149.85,1,P127 sold 15% below MRP on Marketplace
L01524,STALE_PRICE,O037828,I060446,265.82,1,P143 sold 15% below MRP on Marketplace
L01525,STALE_PRICE,O037982,I060682,295.35,1,P143 sold 15% below MRP on Marketplace
L01526,STALE_PRICE,O038095,I060851,134.86,1,P127 sold 15% below MRP on Marketplace
L01527,UNBILLED_ORDER,O017265,O017265,1698.25,1,delivered order never invoiced
L01528,UNBILLED_ORDER,O047819,O047819,3827.0,1,delivered order never invoiced
L01529,UNBILLED_ORDER,O004108,O004108,4078.95,1,delivered order never invoiced
L01530,UNBILLED_ORDER,O020525,O020525,2853.45,1,delivered order never invoiced
L01531,UNBILLED_ORDER,O040809,O040809,611.15,1,delivered order never invoiced
L01532,UNBILLED_ORDER,O011862,O011862,2591.1,1,delivered order never invoiced
L01533,UNBILLED_ORDER,O039236,O039236,936.75,1,delivered order never invoiced
L01534,UNBILLED_ORDER,O025339,O025339,754.2,1,delivered order never invoiced
L01535,UNBILLED_ORDER,O011625,O011625,1752.3,1,delivered order never invoiced
L01536,UNBILLED_ORDER,O031969,O031969,1500.2,1,delivered order never invoiced
L01537,UNBILLED_ORDER,O037928,O037928,647.1,1,delivered order never invoiced
L01538,UNBILLED_ORDER,O040019,O040019,3973.25,1,delivered order never invoiced
L01539,UNBILLED_ORDER,O010543,O010543,939.55,1,delivered order never invoiced
L01540,UNBILLED_ORDER,O049979,O049979,1988.85,1,delivered order never invoiced
L01541,UNBILLED_ORDER,O030647,O030647,2089.3,1,delivered order never invoiced
L01542,UNBILLED_ORDER,O034986,O034986,1309.1,1,delivered order never invoiced
L01543,UNBILLED_ORDER,O020027,O020027,535.2,1,delivered order never invoiced
L01544,UNBILLED_ORDER,O011849,O011849,5093.15,1,delivered order never invoiced
L01545,UNBILLED_ORDER,O007949,O007949,3303.4,1,delivered order never invoiced
L01546,UNBILLED_ORDER,O008488,O008488,2449.0,1,delivered order never invoiced
L01547,UNBILLED_ORDER,O008583,O008583,429.0,1,delivered order never invoiced
L01548,UNBILLED_ORDER,O046145,O046145,1549.0,1,delivered order never invoiced
L01549,UNBILLED_ORDER,O017156,O017156,1438.0,1,delivered order never invoiced
L01550,UNBILLED_ORDER,O044751,O044751,3117.0,1,delivered order never invoiced
L01551,UNBILLED_ORDER,O045113,O045113,669.0,1,delivered order never invoiced
L01552,UNBILLED_ORDER,O005479,O005479,845.1,1,delivered order never invoiced
L01553,UNBILLED_ORDER,O011190,O011190,1963.55,1,delivered order never invoiced
L01554,UNBILLED_ORDER,O028754,O028754,1330.05,1,delivered order never invoiced
L01555,UNBILLED_ORDER,O015119,O015119,2248.15,1,delivered order never invoiced
L01556,UNBILLED_ORDER,O030681,O030681,3066.6,1,delivered order never invoiced
L01557,UNBILLED_ORDER,O014640,O014640,3351.1,1,delivered order never invoiced
L01558,UNBILLED_ORDER,O022944,O022944,2188.5,1,delivered order never invoiced
L01559,UNBILLED_ORDER,O003507,O003507,1638.0,1,delivered order never invoiced
L01560,UNBILLED_ORDER,O008678,O008678,1934.25,1,delivered order never invoiced
L01561,UNBILLED_ORDER,O033279,O033279,2204.1,1,delivered order never invoiced
L01562,UNBILLED_ORDER,O002776,O002776,1039.0,1,delivered order never invoiced
L01563,UNBILLED_ORDER,O041729,O041729,656.1,1,delivered order never invoiced
L01564,UNBILLED_ORDER,O028632,O028632,2290.7,1,delivered order never invoiced
L01565,UNBILLED_ORDER,O033737,O033737,578.55,1,delivered order never invoiced
L01566,UNBILLED_ORDER,O033591,O033591,1575.2,1,delivered order never invoiced
L01567,UNBILLED_ORDER,O021498,O021498,2611.45,1,delivered order never invoiced
L01568,UNBILLED_ORDER,O044326,O044326,2378.0,1,delivered order never invoiced
L01569,UNBILLED_ORDER,O043389,O043389,1133.1,1,delivered order never invoiced
L01570,UNBILLED_ORDER,O034046,O034046,1147.3,1,delivered order never invoiced
L01571,UNBILLED_ORDER,O028668,O028668,1616.85,1,delivered order never invoiced
L01572,UNBILLED_ORDER,O018848,O018848,1240.15,1,delivered order never invoiced
L01573,UNBILLED_ORDER,O041979,O041979,569.0,1,delivered order never invoiced
L01574,UNBILLED_ORDER,O022413,O022413,1817.15,1,delivered order never invoiced
L01575,UNBILLED_ORDER,O023593,O023593,6965.0,1,delivered order never invoiced
L01576,UNBILLED_ORDER,O008272,O008272,3520.2,1,delivered order never invoiced
L01577,UNBILLED_ORDER,O043368,O043368,3018.0,1,delivered order never invoiced
L01578,UNBILLED_ORDER,O049172,O049172,5047.8,1,delivered order never invoiced
L01579,UNBILLED_ORDER,O042992,O042992,3821.6,1,delivered order never invoiced
L01580,UNBILLED_ORDER,O011747,O011747,653.65,1,delivered order never invoiced
L01581,UNBILLED_ORDER,O018956,O018956,2654.65,1,delivered order never invoiced
L01582,UNBILLED_ORDER,O023921,O023921,2458.5,1,delivered order never invoiced
L01583,UNBILLED_ORDER,O047489,O047489,3398.3,1,delivered order never invoiced
L01584,UNBILLED_ORDER,O019459,O019459,2476.35,1,delivered order never invoiced
L01585,UNBILLED_ORDER,O013901,O013901,2032.05,1,delivered order never invoiced
L01586,UNBILLED_ORDER,O029743,O029743,1899.0,1,delivered order never invoiced
L01587,UNBILLED_ORDER,O019751,O019751,2758.3,1,delivered order never invoiced
L01588,UNBILLED_ORDER,O009616,O009616,1044.05,1,delivered order never invoiced
L01589,UNBILLED_ORDER,O009853,O009853,1099.0,1,delivered order never invoiced
L01590,UNBILLED_ORDER,O032632,O032632,729.0,1,delivered order never invoiced
L01591,UNBILLED_ORDER,O008579,O008579,890.1,1,delivered order never invoiced
L01592,UNBILLED_ORDER,O036765,O036765,3860.1,1,delivered order never invoiced
L01593,UNBILLED_ORDER,O010836,O010836,1404.1,1,delivered order never invoiced
L01594,UNBILLED_ORDER,O047148,O047148,879.0,1,delivered order never invoiced
L01595,UNBILLED_ORDER,O025011,O025011,2599.2,1,delivered order never invoiced
L01596,UNBILLED_ORDER,O001442,O001442,1181.15,1,delivered order never invoiced
L01597,UNBILLED_ORDER,O047514,O047514,2412.3,1,delivered order never invoiced
L01598,UNBILLED_ORDER,O032421,O032421,1321.05,1,delivered order never invoiced
L01599,UNBILLED_ORDER,O044895,O044895,2321.1,1,delivered order never invoiced
L01600,UNBILLED_ORDER,O025744,O025744,9319.25,1,delivered order never invoiced
L01601,UNBILLED_ORDER,O016126,O016126,1104.8,1,delivered order never invoiced
L01602,UNBILLED_ORDER,O018443,O018443,1453.5,1,delivered order never invoiced
L01603,UNBILLED_ORDER,O031758,O031758,492.15,1,delivered order never invoiced
L01604,UNBILLED_ORDER,O018521,O018521,2248.5,1,delivered order never invoiced
L01605,UNBILLED_ORDER,O009975,O009975,3461.25,1,delivered order never invoiced
L01606,UNBILLED_ORDER,O028848,O028848,890.1,1,delivered order never invoiced
L01607,UNBILLED_ORDER,O019802,O019802,3018.0,1,delivered order never invoiced
L01608,UNBILLED_ORDER,O031172,O031172,1104.2,1,delivered order never invoiced
L01609,UNBILLED_ORDER,O005520,O005520,1707.0,1,delivered order never invoiced
L01610,UNBILLED_ORDER,O016508,O016508,1728.0,1,delivered order never invoiced
L01611,UNBILLED_ORDER,O041168,O041168,665.1,1,delivered order never invoiced
L01612,UNBILLED_ORDER,O044547,O044547,4686.4,1,delivered order never invoiced
L01613,UNBILLED_ORDER,O019463,O019463,1159.2,1,delivered order never invoiced
L01614,UNBILLED_ORDER,O033079,O033079,6668.8,1,delivered order never invoiced
L01615,UNBILLED_ORDER,O012642,O012642,1870.55,1,delivered order never invoiced
L01616,UNBILLED_ORDER,O043195,O043195,602.1,1,delivered order never invoiced
L01617,UNBILLED_ORDER,O003706,O003706,1672.2,1,delivered order never invoiced
L01618,UNBILLED_ORDER,O017046,O017046,1259.1,1,delivered order never invoiced
L01619,UNBILLED_ORDER,O031428,O031428,649.0,1,delivered order never invoiced
L01620,UNBILLED_ORDER,O024933,O024933,2879.0,1,delivered order never invoiced
L01621,UNBILLED_ORDER,O020206,O020206,846.75,1,delivered order never invoiced
L01622,UNBILLED_ORDER,O040388,O040388,3036.0,1,delivered order never invoiced
L01623,UNBILLED_ORDER,O008782,O008782,4656.0,1,delivered order never invoiced
L01624,UNBILLED_ORDER,O000044,O000044,654.55,1,delivered order never invoiced
L01625,UNBILLED_ORDER,O022487,O022487,1918.5,1,delivered order never invoiced
L01626,UNBILLED_ORDER,O049844,O049844,683.05,1,delivered order never invoiced
L01627,UNBILLED_ORDER,O012359,O012359,4291.7,1,delivered order never invoiced
L01628,UNBILLED_ORDER,O001081,O001081,1459.0,1,delivered order never invoiced
L01629,UNBILLED_ORDER,O022898,O022898,719.0,1,delivered order never invoiced
L01630,UNBILLED_ORDER,O012220,O012220,1576.2,1,delivered order never invoiced
L01631,UNBILLED_ORDER,O013837,O013837,929.0,1,delivered order never invoiced
L01632,UNBILLED_ORDER,O036785,O036785,3686.05,1,delivered order never invoiced
L01633,UNBILLED_ORDER,O013125,O013125,1651.55,1,delivered order never invoiced
L01634,UNBILLED_ORDER,O006338,O006338,2528.3,1,delivered order never invoiced
L01635,UNBILLED_ORDER,O032330,O032330,989.1,1,delivered order never invoiced
L01636,UNBILLED_ORDER,O020360,O020360,2318.4,1,delivered order never invoiced
L01637,UNBILLED_ORDER,O019220,O019220,1584.1,1,delivered order never invoiced
L01638,UNBILLED_ORDER,O018595,O018595,615.2,1,delivered order never invoiced
L01639,UNBILLED_ORDER,O014207,O014207,2750.65,1,delivered order never invoiced
L01640,UNBILLED_ORDER,O038692,O038692,611.15,1,delivered order never invoiced
L01641,UNBILLED_ORDER,O048060,O048060,4262.15,1,delivered order never invoiced
L01642,UNBILLED_ORDER,O019824,O019824,1478.0,1,delivered order never invoiced
L01643,UNBILLED_ORDER,O033496,O033496,4650.0,1,delivered order never invoiced
L01644,UNBILLED_ORDER,O011586,O011586,11005.0,1,delivered order never invoiced
L01645,UNBILLED_ORDER,O002861,O002861,1189.0,1,delivered order never invoiced
L01646,UNBILLED_ORDER,O037420,O037420,3741.1,1,delivered order never invoiced
L01647,UNBILLED_ORDER,O021743,O021743,2861.95,1,delivered order never invoiced
L01648,UNBILLED_ORDER,O028147,O028147,259.0,1,delivered order never invoiced
L01649,UNBILLED_ORDER,O033800,O033800,849.15,1,delivered order never invoiced
L01650,UNBILLED_ORDER,O008148,O008148,1958.0,1,delivered order never invoiced
L01651,UNBILLED_ORDER,O037524,O037524,2437.3,1,delivered order never invoiced
L01652,UNBILLED_ORDER,O033792,O033792,689.0,1,delivered order never invoiced
L01653,UNBILLED_ORDER,O005025,O005025,1348.05,1,delivered order never invoiced
L01654,UNBILLED_ORDER,O001949,O001949,2549.0,1,delivered order never invoiced
L01655,UNBILLED_ORDER,O024288,O024288,1619.0,1,delivered order never invoiced
L01656,UNBILLED_ORDER,O044847,O044847,573.1,1,delivered order never invoiced
L01657,UNBILLED_ORDER,O016291,O016291,588.05,1,delivered order never invoiced
L01658,UNBILLED_ORDER,O027038,O027038,989.1,1,delivered order never invoiced
L01659,UNBILLED_ORDER,O007798,O007798,1807.2,1,delivered order never invoiced
L01660,UNBILLED_ORDER,O037715,O037715,1747.2,1,delivered order never invoiced
L01661,UNBILLED_ORDER,O002340,O002340,3426.7,1,delivered order never invoiced
L01662,UNBILLED_ORDER,O026008,O026008,983.2,1,delivered order never invoiced
L01663,UNBILLED_ORDER,O015921,O015921,1399.0,1,delivered order never invoiced
L01664,UNBILLED_ORDER,O043492,O043492,476.1,1,delivered order never invoiced
L01665,UNBILLED_ORDER,O049465,O049465,4487.75,1,delivered order never invoiced
L01666,UNBILLED_ORDER,O006504,O006504,5709.1,1,delivered order never invoiced
L01667,UNBILLED_ORDER,O040919,O040919,2736.2,1,delivered order never invoiced
L01668,UNBILLED_ORDER,O010046,O010046,671.2,1,delivered order never invoiced
L01669,UNBILLED_ORDER,O016086,O016086,9056.0,1,delivered order never invoiced
L01670,UNBILLED_ORDER,O009061,O009061,635.55,1,delivered order never invoiced
L01671,UNBILLED_ORDER,O018156,O018156,6119.45,1,delivered order never invoiced
L01672,UNBILLED_ORDER,O032519,O032519,1209.55,1,delivered order never invoiced
L01673,UNBILLED_ORDER,O010381,O010381,1359.0,1,delivered order never invoiced
L01674,UNBILLED_ORDER,O019558,O019558,1910.4,1,delivered order never invoiced
L01675,UNBILLED_ORDER,O031553,O031553,979.0,1,delivered order never invoiced
L01676,UNBILLED_ORDER,O023227,O023227,2719.0,1,delivered order never invoiced
L01677,UNBILLED_ORDER,O004408,O004408,445.55,1,delivered order never invoiced
L01678,UNBILLED_ORDER,O034288,O034288,2515.2,1,delivered order never invoiced
L01679,UNBILLED_ORDER,O046589,O046589,928.0,1,delivered order never invoiced
L01680,UNBILLED_ORDER,O007251,O007251,2558.0,1,delivered order never invoiced
L01681,UNBILLED_ORDER,O017889,O017889,3742.7,1,delivered order never invoiced
L01682,UNBILLED_ORDER,O042787,O042787,579.0,1,delivered order never invoiced
L01683,UNBILLED_ORDER,O008188,O008188,5226.3,1,delivered order never invoiced
L01684,UNBILLED_ORDER,O037133,O037133,2444.25,1,delivered order never invoiced
L01685,UNBILLED_ORDER,O044095,O044095,1476.75,1,delivered order never invoiced
L01686,UNBILLED_ORDER,O004483,O004483,2879.0,1,delivered order never invoiced
L01687,UNBILLED_ORDER,O001038,O001038,1189.0,1,delivered order never invoiced
L01688,UNBILLED_ORDER,O045200,O045200,1235.85,1,delivered order never invoiced
L01689,UNBILLED_ORDER,O030819,O030819,1358.1,1,delivered order never invoiced
L01690,UNBILLED_ORDER,O032912,O032912,4718.65,1,delivered order never invoiced
L01691,UNBILLED_ORDER,O045378,O045378,1386.05,1,delivered order never invoiced
L01692,UNBILLED_ORDER,O047643,O047643,1977.0,1,delivered order never invoiced
L01693,UNBILLED_ORDER,O000744,O000744,1282.65,1,delivered order never invoiced
L01694,UNBILLED_ORDER,O037097,O037097,1424.05,1,delivered order never invoiced
L01695,UNBILLED_ORDER,O017122,O017122,2636.3,1,delivered order never invoiced
L01696,UNBILLED_ORDER,O007470,O007470,11281.95,1,delivered order never invoiced
L01697,UNBILLED_ORDER,O005547,O005547,1151.1,1,delivered order never invoiced
L01698,UNBILLED_ORDER,O016139,O016139,1404.1,1,delivered order never invoiced
L01699,UNBILLED_ORDER,O016515,O016515,579.0,1,delivered order never invoiced
L01700,UNBILLED_ORDER,O041897,O041897,2089.3,1,delivered order never invoiced
L01701,UNBILLED_ORDER,O043080,O043080,4420.3,1,delivered order never invoiced
L01702,UNBILLED_ORDER,O000943,O000943,2438.0,1,delivered order never invoiced
L01703,UNBILLED_ORDER,O027690,O027690,585.65,1,delivered order never invoiced
L01704,UNBILLED_ORDER,O011221,O011221,2858.0,1,delivered order never invoiced
L01705,UNBILLED_ORDER,O022831,O022831,860.3,1,delivered order never invoiced
L01706,UNBILLED_ORDER,O041641,O041641,1983.55,1,delivered order never invoiced
L01707,UNBILLED_ORDER,O019561,O019561,2556.05,1,delivered order never invoiced
L01708,UNBILLED_ORDER,O025959,O025959,1289.0,1,delivered order never invoiced
L01709,UNBILLED_ORDER,O008967,O008967,1010.65,1,delivered order never invoiced
L01710,UNBILLED_ORDER,O024663,O024663,951.2,1,delivered order never invoiced
L01711,UNBILLED_ORDER,O005863,O005863,606.25,1,delivered order never invoiced
L01712,UNBILLED_ORDER,O018657,O018657,2761.65,1,delivered order never invoiced
L01713,UNBILLED_ORDER,O041648,O041648,359.0,1,delivered order never invoiced
L01714,UNBILLED_ORDER,O047317,O047317,5907.0,1,delivered order never invoiced
L01715,UNBILLED_ORDER,O030180,O030180,1044.05,1,delivered order never invoiced
L01716,UNBILLED_ORDER,O049636,O049636,2798.2,1,delivered order never invoiced
L01717,UNBILLED_ORDER,O041007,O041007,1304.1,1,delivered order never invoiced
L01718,UNBILLED_ORDER,O002856,O002856,4225.15,1,delivered order never invoiced
L01719,UNBILLED_ORDER,O047477,O047477,1142.2,1,delivered order never invoiced
L01720,UNBILLED_ORDER,O018927,O018927,1279.0,1,delivered order never invoiced
L01721,UNBILLED_ORDER,O023055,O023055,551.2,1,delivered order never invoiced
L01722,UNBILLED_ORDER,O022393,O022393,1617.65,1,delivered order never invoiced
L01723,UNBILLED_ORDER,O027468,O027468,399.0,1,delivered order never invoiced
L01724,UNBILLED_ORDER,O030537,O030537,548.1,1,delivered order never invoiced
L01725,UNBILLED_ORDER,O014889,O014889,5458.0,1,delivered order never invoiced
L01726,UNBILLED_ORDER,O042757,O042757,3086.55,1,delivered order never invoiced
L01727,UNBILLED_ORDER,O010202,O010202,1244.1,1,delivered order never invoiced
L01728,UNBILLED_ORDER,O042001,O042001,2378.0,1,delivered order never invoiced
L01729,UNBILLED_ORDER,O016465,O016465,7109.1,1,delivered order never invoiced
L01730,UNBILLED_ORDER,O020414,O020414,1124.1,1,delivered order never invoiced
L01731,UNBILLED_ORDER,O016162,O016162,2298.05,1,delivered order never invoiced
L01732,UNBILLED_ORDER,O000960,O000960,1342.4,1,delivered order never invoiced
L01733,UNBILLED_ORDER,O044206,O044206,1423.2,1,delivered order never invoiced
L01734,UNBILLED_ORDER,O013840,O013840,1969.0,1,delivered order never invoiced
L01735,UNBILLED_ORDER,O008104,O008104,476.1,1,delivered order never invoiced
L01736,UNBILLED_ORDER,O038068,O038068,557.1,1,delivered order never invoiced
L01737,UNBILLED_ORDER,O021748,O021748,2677.25,1,delivered order never invoiced
L01738,UNBILLED_ORDER,O013613,O013613,2374.2,1,delivered order never invoiced
L01739,UNBILLED_ORDER,O003928,O003928,689.0,1,delivered order never invoiced
L01740,UNBILLED_ORDER,O029148,O029148,1227.0,1,delivered order never invoiced
L01741,UNBILLED_ORDER,O010824,O010824,220.15,1,delivered order never invoiced
L01742,UNBILLED_ORDER,O000331,O000331,635.55,1,delivered order never invoiced
L01743,UNBILLED_ORDER,O011093,O011093,1906.65,1,delivered order never invoiced
L01744,UNBILLED_ORDER,O004748,O004748,483.65,1,delivered order never invoiced
L01745,UNBILLED_ORDER,O015935,O015935,656.1,1,delivered order never invoiced
L01746,UNBILLED_ORDER,O027263,O027263,1319.0,1,delivered order never invoiced
L01747,UNBILLED_ORDER,O048587,O048587,1709.0,1,delivered order never invoiced
L01748,UNBILLED_ORDER,O045927,O045927,4927.55,1,delivered order never invoiced
L01749,UNBILLED_ORDER,O002459,O002459,647.1,1,delivered order never invoiced
L01750,UNBILLED_ORDER,O036693,O036693,1915.85,1,delivered order never invoiced
L01751,UNBILLED_ORDER,O030889,O030889,476.1,1,delivered order never invoiced
L01752,UNBILLED_ORDER,O029823,O029823,1664.25,1,delivered order never invoiced
L01753,UNBILLED_ORDER,O013803,O013803,3926.0,1,delivered order never invoiced
L01754,UNBILLED_ORDER,O003178,O003178,1102.4,1,delivered order never invoiced
L01755,UNBILLED_ORDER,O017667,O017667,702.05,1,delivered order never invoiced
L01756,UNBILLED_ORDER,O003416,O003416,881.1,1,delivered order never invoiced
L01757,UNBILLED_ORDER,O014212,O014212,1304.1,1,delivered order never invoiced
L01758,UNBILLED_ORDER,O002034,O002034,949.05,1,delivered order never invoiced
L01759,UNBILLED_ORDER,O043928,O043928,1969.0,1,delivered order never invoiced
L01760,UNBILLED_ORDER,O041232,O041232,747.15,1,delivered order never invoiced
L01761,UNBILLED_ORDER,O010654,O010654,881.1,1,delivered order never invoiced
L01762,UNBILLED_ORDER,O039720,O039720,593.3,1,delivered order never invoiced
L01763,UNBILLED_ORDER,O009734,O009734,609.0,1,delivered order never invoiced
L01764,UNBILLED_ORDER,O033903,O033903,665.1,1,delivered order never invoiced
L01765,UNBILLED_ORDER,O000425,O000425,3764.3,1,delivered order never invoiced
L01766,UNBILLED_ORDER,O003947,O003947,2802.45,1,delivered order never invoiced
L01767,UNBILLED_ORDER,O016042,O016042,2511.7,1,delivered order never invoiced
L01768,UNBILLED_ORDER,O047734,O047734,3795.1,1,delivered order never invoiced
L01769,UNBILLED_ORDER,O019972,O019972,3915.6,1,delivered order never invoiced
L01770,UNBILLED_ORDER,O031383,O031383,892.05,1,delivered order never invoiced
L01771,UNBILLED_ORDER,O022073,O022073,642.85,1,delivered order never invoiced
L01772,UNBILLED_ORDER,O046570,O046570,3085.6,1,delivered order never invoiced
L01773,UNBILLED_ORDER,O033599,O033599,2391.2,1,delivered order never invoiced
L01774,UNBILLED_ORDER,O014669,O014669,3144.1,1,delivered order never invoiced
L01775,UNBILLED_ORDER,O012842,O012842,669.0,1,delivered order never invoiced
L01776,UNBILLED_ORDER,O044926,O044926,929.0,1,delivered order never invoiced
L01777,UNBILLED_ORDER,O033744,O033744,4019.6,1,delivered order never invoiced
L01778,UNBILLED_ORDER,O035742,O035742,279.65,1,delivered order never invoiced
L01779,UNBILLED_ORDER,O043225,O043225,1319.0,1,delivered order never invoiced
L01780,UNBILLED_ORDER,O007994,O007994,739.0,1,delivered order never invoiced
L01781,UNBILLED_ORDER,O043576,O043576,3863.0,1,delivered order never invoiced
L01782,UNBILLED_ORDER,O006696,O006696,305.15,1,delivered order never invoiced
L01783,UNBILLED_ORDER,O017575,O017575,2419.0,1,delivered order never invoiced
L01784,UNBILLED_ORDER,O005312,O005312,3940.75,1,delivered order never invoiced
L01785,UNBILLED_ORDER,O032369,O032369,3508.0,1,delivered order never invoiced
L01786,UNBILLED_ORDER,O001542,O001542,2446.2,1,delivered order never invoiced
L01787,UNBILLED_ORDER,O002391,O002391,557.1,1,delivered order never invoiced
L01788,UNBILLED_ORDER,O006658,O006658,989.1,1,delivered order never invoiced
L01789,UNBILLED_ORDER,O019423,O019423,840.65,1,delivered order never invoiced
L01790,UNBILLED_ORDER,O047567,O047567,1165.1,1,delivered order never invoiced
L01791,UNBILLED_ORDER,O021391,O021391,798.15,1,delivered order never invoiced
L01792,UNBILLED_ORDER,O034485,O034485,587.3,1,delivered order never invoiced
L01793,UNBILLED_ORDER,O002027,O002027,1414.2,1,delivered order never invoiced
L01794,UNBILLED_ORDER,O023263,O023263,1167.2,1,delivered order never invoiced
L01795,UNBILLED_ORDER,O011909,O011909,839.0,1,delivered order never invoiced
L01796,UNBILLED_ORDER,O040817,O040817,2719.0,1,delivered order never invoiced
L01797,UNBILLED_ORDER,O032543,O032543,2924.1,1,delivered order never invoiced
L01798,UNBILLED_ORDER,O024997,O024997,2216.9,1,delivered order never invoiced
L01799,UNBILLED_ORDER,O031297,O031297,1169.65,1,delivered order never invoiced
L01800,UNBILLED_ORDER,O028972,O028972,3314.7,1,delivered order never invoiced
L01801,UNBILLED_ORDER,O045876,O045876,609.0,1,delivered order never invoiced
L01802,UNBILLED_ORDER,O000327,O000327,628.15,1,delivered order never invoiced
L01803,UNBILLED_ORDER,O029290,O029290,3249.0,1,delivered order never invoiced
L01804,UNBILLED_ORDER,O011415,O011415,619.0,1,delivered order never invoiced
L01805,UNBILLED_ORDER,O005572,O005572,719.0,1,delivered order never invoiced
L01806,UNBILLED_ORDER,O034638,O034638,1749.05,1,delivered order never invoiced
L01807,UNBILLED_ORDER,O005671,O005671,1771.3,1,delivered order never invoiced
L01808,UNBILLED_ORDER,O014324,O014324,529.0,1,delivered order never invoiced
L01809,UNBILLED_ORDER,O040883,O040883,4220.1,1,delivered order never invoiced
L01810,UNBILLED_ORDER,O049264,O049264,1231.65,1,delivered order never invoiced
L01811,UNBILLED_ORDER,O013991,O013991,892.05,1,delivered order never invoiced
L01812,UNBILLED_ORDER,O001040,O001040,3268.35,1,delivered order never invoiced
L01813,UNBILLED_ORDER,O021394,O021394,1095.65,1,delivered order never invoiced
L01814,UNBILLED_ORDER,O001821,O001821,557.1,1,delivered order never invoiced
L01815,UNBILLED_ORDER,O013475,O013475,679.0,1,delivered order never invoiced
L01816,UNBILLED_ORDER,O002499,O002499,2782.2,1,delivered order never invoiced
L01817,UNBILLED_ORDER,O002250,O002250,2639.0,1,delivered order never invoiced
L01818,UNBILLED_ORDER,O011756,O011756,844.55,1,delivered order never invoiced
L01819,UNBILLED_ORDER,O026300,O026300,2690.1,1,delivered order never invoiced
L01820,UNBILLED_ORDER,O030609,O030609,1733.65,1,delivered order never invoiced
L01821,UNBILLED_ORDER,O024680,O024680,2931.3,1,delivered order never invoiced
L01822,UNBILLED_ORDER,O000984,O000984,535.2,1,delivered order never invoiced
L01823,UNBILLED_ORDER,O040880,O040880,2257.0,1,delivered order never invoiced
L01824,UNBILLED_ORDER,O044089,O044089,3849.15,1,delivered order never invoiced
L01825,UNBILLED_ORDER,O017498,O017498,1058.0,1,delivered order never invoiced
L01826,UNBILLED_ORDER,O016931,O016931,466.2,1,delivered order never invoiced
L01827,UNBILLED_ORDER,O043526,O043526,3061.75,1,delivered order never invoiced
L01828,UNBILLED_ORDER,O043366,O043366,529.0,1,delivered order never invoiced
L01829,UNBILLED_ORDER,O010093,O010093,2882.55,1,delivered order never invoiced
L01830,UNBILLED_ORDER,O012632,O012632,2347.0,1,delivered order never invoiced
L01831,UNBILLED_ORDER,O015164,O015164,259.0,1,delivered order never invoiced
L01832,UNBILLED_ORDER,O044234,O044234,1039.0,1,delivered order never invoiced
L01833,UNBILLED_ORDER,O022902,O022902,671.2,1,delivered order never invoiced
L01834,UNBILLED_ORDER,O008444,O008444,1002.15,1,delivered order never invoiced
L01835,UNBILLED_ORDER,O040737,O040737,1796.05,1,delivered order never invoiced
L01836,UNBILLED_ORDER,O046768,O046768,719.0,1,delivered order never invoiced
L01837,UNBILLED_ORDER,O016750,O016750,620.1,1,delivered order never invoiced
L01838,UNBILLED_ORDER,O042416,O042416,1918.55,1,delivered order never invoiced
L01839,UNBILLED_ORDER,O014752,O014752,609.0,1,delivered order never invoiced
L01840,UNBILLED_ORDER,O000671,O000671,2325.9,1,delivered order never invoiced
L01841,UNBILLED_ORDER,O015772,O015772,1484.95,1,delivered order never invoiced
L01842,UNBILLED_ORDER,O023826,O023826,1303.25,1,delivered order never invoiced
L01843,UNBILLED_ORDER,O018447,O018447,1282.65,1,delivered order never invoiced
L01844,UNBILLED_ORDER,O005583,O005583,4374.6,1,delivered order never invoiced
L01845,UNBILLED_ORDER,O023400,O023400,3042.85,1,delivered order never invoiced
L01846,UNBILLED_ORDER,O008626,O008626,3302.15,1,delivered order never invoiced
L01847,UNBILLED_ORDER,O000918,O000918,628.15,1,delivered order never invoiced
L01848,UNBILLED_ORDER,O023948,O023948,683.05,1,delivered order never invoiced
L01849,UNBILLED_ORDER,O033754,O033754,2152.25,1,delivered order never invoiced
L01850,UNBILLED_ORDER,O043910,O043910,1016.1,1,delivered order never invoiced
L01851,UNBILLED_ORDER,O021953,O021953,1291.05,1,delivered order never invoiced
L01852,UNBILLED_ORDER,O037835,O037835,2989.0,1,delivered order never invoiced
L01853,UNBILLED_ORDER,O005878,O005878,1196.05,1,delivered order never invoiced
L01854,UNBILLED_ORDER,O033354,O033354,1149.0,1,delivered order never invoiced
L01855,UNBILLED_ORDER,O021532,O021532,1699.4,1,delivered order never invoiced
L01856,UNBILLED_ORDER,O027466,O027466,1467.1,1,delivered order never invoiced
L01857,UNBILLED_ORDER,O026294,O026294,1664.3,1,delivered order never invoiced
L01858,UNBILLED_ORDER,O033919,O033919,2506.1,1,delivered order never invoiced
L01859,UNBILLED_ORDER,O022026,O022026,3026.65,1,delivered order never invoiced
L01860,UNBILLED_ORDER,O041994,O041994,2242.3,1,delivered order never invoiced
L01861,UNBILLED_ORDER,O013503,O013503,1841.75,1,delivered order never invoiced
L01862,UNBILLED_ORDER,O036742,O036742,2164.1,1,delivered order never invoiced
L01863,UNBILLED_ORDER,O042042,O042042,2378.0,1,delivered order never invoiced
L01864,UNBILLED_ORDER,O046312,O046312,540.55,1,delivered order never invoiced
L01865,UNBILLED_ORDER,O019326,O019326,3449.05,1,delivered order never invoiced
L01866,UNBILLED_ORDER,O047078,O047078,1393.55,1,delivered order never invoiced
L01867,UNBILLED_ORDER,O026026,O026026,2200.25,1,delivered order never invoiced
L01868,UNBILLED_ORDER,O017253,O017253,10390.25,1,delivered order never invoiced
L01869,UNBILLED_ORDER,O038705,O038705,840.65,1,delivered order never invoiced
L01870,UNBILLED_ORDER,O013917,O013917,1594.1,1,delivered order never invoiced
L01871,UNBILLED_ORDER,O002681,O002681,6598.45,1,delivered order never invoiced
L01872,UNBILLED_ORDER,O031733,O031733,259.0,1,delivered order never invoiced
L01873,UNBILLED_ORDER,O005000,O005000,1718.1,1,delivered order never invoiced
L01874,UNBILLED_ORDER,O045605,O045605,4820.05,1,delivered order never invoiced
L01875,UNBILLED_ORDER,O003573,O003573,858.0,1,delivered order never invoiced
L01876,UNBILLED_ORDER,O014259,O014259,312.55,1,delivered order never invoiced
L01877,UNBILLED_ORDER,O026531,O026531,1171.3,1,delivered order never invoiced
L01878,UNBILLED_ORDER,O031075,O031075,2061.65,1,delivered order never invoiced
L01879,UNBILLED_ORDER,O023912,O023912,2004.3,1,delivered order never invoiced
L01880,UNBILLED_ORDER,O010561,O010561,664.05,1,delivered order never invoiced
L01881,UNBILLED_ORDER,O032416,O032416,1285.2,1,delivered order never invoiced
L01882,UNBILLED_ORDER,O037648,O037648,7455.8,1,delivered order never invoiced
L01883,UNBILLED_ORDER,O029581,O029581,1528.2,1,delivered order never invoiced
L01884,UNBILLED_ORDER,O003025,O003025,321.75,1,delivered order never invoiced
L01885,UNBILLED_ORDER,O001698,O001698,2590.1,1,delivered order never invoiced
L01886,UNBILLED_ORDER,O032351,O032351,1120.05,1,delivered order never invoiced
L01887,UNBILLED_ORDER,O029750,O029750,2378.0,1,delivered order never invoiced
L01888,UNBILLED_ORDER,O045856,O045856,1222.3,1,delivered order never invoiced
L01889,UNBILLED_ORDER,O007636,O007636,1249.0,1,delivered order never invoiced
L01890,UNBILLED_ORDER,O045086,O045086,1359.0,1,delivered order never invoiced
L01891,UNBILLED_ORDER,O007859,O007859,2575.55,1,delivered order never invoiced
L01892,UNBILLED_ORDER,O038302,O038302,3516.45,1,delivered order never invoiced
L01893,UNBILLED_ORDER,O010395,O010395,3908.0,1,delivered order never invoiced
L01894,UNBILLED_ORDER,O021488,O021488,654.55,1,delivered order never invoiced
L01895,UNBILLED_ORDER,O015421,O015421,2334.75,1,delivered order never invoiced
L01896,UNBILLED_ORDER,O048402,O048402,5935.4,1,delivered order never invoiced
L01897,UNBILLED_ORDER,O005743,O005743,989.1,1,delivered order never invoiced
L01898,UNBILLED_ORDER,O003630,O003630,702.05,1,delivered order never invoiced
L01899,UNBILLED_ORDER,O028664,O028664,1668.05,1,delivered order never invoiced
L01900,UNBILLED_ORDER,O014087,O014087,2548.0,1,delivered order never invoiced
L01901,UNBILLED_ORDER,O027277,O027277,939.0,1,delivered order never invoiced
L01902,UNBILLED_ORDER,O042381,O042381,1315.65,1,delivered order never invoiced
L01903,UNBILLED_ORDER,O031814,O031814,890.1,1,delivered order never invoiced
L01904,UNBILLED_ORDER,O038085,O038085,5242.25,1,delivered order never invoiced
L01905,UNBILLED_ORDER,O033533,O033533,233.1,1,delivered order never invoiced
L01906,UNBILLED_ORDER,O034023,O034023,2924.1,1,delivered order never invoiced
L01907,UNBILLED_ORDER,O024697,O024697,5802.3,1,delivered order never invoiced
L01908,UNBILLED_ORDER,O043334,O043334,739.0,1,delivered order never invoiced
L01909,UNBILLED_ORDER,O024434,O024434,4885.0,1,delivered order never invoiced
L01910,UNBILLED_ORDER,O017936,O017936,2653.9,1,delivered order never invoiced
L01911,UNBILLED_ORDER,O030139,O030139,3249.0,1,delivered order never invoiced
L01912,UNBILLED_ORDER,O036434,O036434,1395.55,1,delivered order never invoiced
L01913,UNBILLED_ORDER,O000685,O000685,915.3,1,delivered order never invoiced
L01914,UNBILLED_ORDER,O006385,O006385,2791.1,1,delivered order never invoiced
L01915,UNBILLED_ORDER,O036891,O036891,4448.05,1,delivered order never invoiced
L01916,UNBILLED_ORDER,O002562,O002562,502.55,1,delivered order never invoiced
L01917,UNBILLED_ORDER,O015665,O015665,4458.0,1,delivered order never invoiced
L01918,UNBILLED_ORDER,O002265,O002265,1030.15,1,delivered order never invoiced
L01919,UNBILLED_ORDER,O042244,O042244,1838.0,1,delivered order never invoiced
L01920,UNBILLED_ORDER,O038138,O038138,1284.1,1,delivered order never invoiced
L01921,UNBILLED_ORDER,O012515,O012515,702.05,1,delivered order never invoiced
L01922,UNBILLED_ORDER,O039336,O039336,2423.2,1,delivered order never invoiced
L01923,UNBILLED_ORDER,O025166,O025166,989.1,1,delivered order never invoiced
L01924,UNBILLED_ORDER,O032878,O032878,519.2,1,delivered order never invoiced
L01925,UNBILLED_ORDER,O016773,O016773,2063.2,1,delivered order never invoiced
L01926,UNBILLED_ORDER,O020978,O020978,1010.65,1,delivered order never invoiced
L01927,UNBILLED_ORDER,O017815,O017815,909.35,1,delivered order never invoiced
L01928,UNBILLED_ORDER,O013008,O013008,1278.0,1,delivered order never invoiced
L01929,UNBILLED_ORDER,O001090,O001090,1304.1,1,delivered order never invoiced
L01930,UNBILLED_ORDER,O032293,O032293,1240.15,1,delivered order never invoiced
L01931,UNBILLED_ORDER,O020930,O020930,2400.7,1,delivered order never invoiced
L01932,UNBILLED_ORDER,O033796,O033796,656.1,1,delivered order never invoiced
L01933,UNBILLED_ORDER,O025684,O025684,1266.3,1,delivered order never invoiced
L01934,UNBILLED_ORDER,O005751,O005751,5372.7,1,delivered order never invoiced
L01935,UNBILLED_ORDER,O037469,O037469,2378.0,1,delivered order never invoiced
L01936,UNBILLED_ORDER,O027377,O027377,1028.0,1,delivered order never invoiced
L01937,UNBILLED_ORDER,O012488,O012488,1378.0,1,delivered order never invoiced
L01938,UNBILLED_ORDER,O037882,O037882,3027.0,1,delivered order never invoiced
L01939,UNBILLED_ORDER,O018974,O018974,5054.95,1,delivered order never invoiced
L01940,UNBILLED_ORDER,O022559,O022559,1294.5,1,delivered order never invoiced
L01941,UNBILLED_ORDER,O005589,O005589,1969.0,1,delivered order never invoiced
L01942,UNBILLED_ORDER,O012331,O012331,702.05,1,delivered order never invoiced
L01943,UNBILLED_ORDER,O029957,O029957,1709.0,1,delivered order never invoiced
L01944,UNBILLED_ORDER,O025013,O025013,483.65,1,delivered order never invoiced
L01945,UNBILLED_ORDER,O019643,O019643,2448.65,1,delivered order never invoiced
L01946,UNBILLED_ORDER,O049799,O049799,3022.25,1,delivered order never invoiced
L01947,UNBILLED_ORDER,O021560,O021560,3388.7,1,delivered order never invoiced
L01948,UNBILLED_ORDER,O045126,O045126,2452.95,1,delivered order never invoiced
L01949,UNBILLED_ORDER,O021984,O021984,1051.15,1,delivered order never invoiced
L01950,UNBILLED_ORDER,O020268,O020268,6094.85,1,delivered order never invoiced
L01951,UNBILLED_ORDER,O015727,O015727,3249.0,1,delivered order never invoiced
L01952,UNBILLED_ORDER,O049758,O049758,1414.55,1,delivered order never invoiced
L01953,UNBILLED_ORDER,O003621,O003621,698.0,1,delivered order never invoiced
L01954,UNBILLED_ORDER,O014800,O014800,1259.0,1,delivered order never invoiced
L01955,UNBILLED_ORDER,O049593,O049593,359.0,1,delivered order never invoiced
L01956,UNBILLED_ORDER,O012901,O012901,739.0,1,delivered order never invoiced
L01957,UNBILLED_ORDER,O039321,O039321,5869.65,1,delivered order never invoiced
L01958,UNBILLED_ORDER,O025520,O025520,5468.55,1,delivered order never invoiced
L01959,UNBILLED_ORDER,O038392,O038392,665.1,1,delivered order never invoiced
L01960,UNBILLED_ORDER,O027580,O027580,449.65,1,delivered order never invoiced
L01961,UNBILLED_ORDER,O044493,O044493,1388.25,1,delivered order never invoiced
L01962,UNBILLED_ORDER,O018703,O018703,8527.2,1,delivered order never invoiced
L01963,UNBILLED_ORDER,O037099,O037099,1410.15,1,delivered order never invoiced
L01964,UNBILLED_ORDER,O006838,O006838,2447.15,1,delivered order never invoiced
L01965,UNBILLED_ORDER,O004040,O004040,1414.55,1,delivered order never invoiced
L01966,UNBILLED_ORDER,O013067,O013067,1359.0,1,delivered order never invoiced
L01967,UNBILLED_ORDER,O025697,O025697,935.1,1,delivered order never invoiced
L01968,UNBILLED_ORDER,O046802,O046802,1359.0,1,delivered order never invoiced
L01969,UNBILLED_ORDER,O003853,O003853,3470.65,1,delivered order never invoiced
L01970,UNBILLED_ORDER,O008735,O008735,5182.2,1,delivered order never invoiced
L01971,UNBILLED_ORDER,O001446,O001446,6637.3,1,delivered order never invoiced
L01972,UNBILLED_ORDER,O036582,O036582,669.0,1,delivered order never invoiced
L01973,UNBILLED_ORDER,O003301,O003301,2695.15,1,delivered order never invoiced
L01974,UNBILLED_ORDER,O023805,O023805,1969.0,1,delivered order never invoiced
L01975,UNBILLED_ORDER,O007496,O007496,5053.15,1,delivered order never invoiced
L01976,UNBILLED_ORDER,O021987,O021987,952.2,1,delivered order never invoiced
L01977,UNBILLED_ORDER,O000504,O000504,2675.2,1,delivered order never invoiced
L01978,UNBILLED_ORDER,O003524,O003524,13072.5,1,delivered order never invoiced
L01979,UNBILLED_ORDER,O040559,O040559,845.1,1,delivered order never invoiced
L01980,UNBILLED_ORDER,O008129,O008129,2021.05,1,delivered order never invoiced
L01981,UNBILLED_ORDER,O010893,O010893,2016.2,1,delivered order never invoiced
L01982,UNBILLED_ORDER,O038162,O038162,1016.1,1,delivered order never invoiced
L01983,UNBILLED_ORDER,O030765,O030765,1978.2,1,delivered order never invoiced
L01984,UNBILLED_ORDER,O024205,O024205,2689.8,1,delivered order never invoiced
L01985,UNBILLED_ORDER,O020049,O020049,1656.85,1,delivered order never invoiced
L01986,UNBILLED_ORDER,O021146,O021146,2274.3,1,delivered order never invoiced
L01987,UNBILLED_ORDER,O009968,O009968,1253.05,1,delivered order never invoiced
L01988,UNBILLED_ORDER,O006083,O006083,569.0,1,delivered order never invoiced
L01989,UNBILLED_ORDER,O023913,O023913,1805.3,1,delivered order never invoiced
L01990,UNBILLED_ORDER,O021659,O021659,2554.2,1,delivered order never invoiced
L01991,UNBILLED_ORDER,O035559,O035559,1149.0,1,delivered order never invoiced
L01992,UNBILLED_ORDER,O013335,O013335,1294.2,1,delivered order never invoiced
L01993,UNBILLED_ORDER,O045630,O045630,4563.1,1,delivered order never invoiced
L01994,UNBILLED_ORDER,O048730,O048730,619.0,1,delivered order never invoiced
L01995,UNBILLED_ORDER,O048554,O048554,1555.15,1,delivered order never invoiced
L01996,UNBILLED_ORDER,O008351,O008351,1338.0,1,delivered order never invoiced
L01997,UNBILLED_ORDER,O015832,O015832,1087.15,1,delivered order never invoiced
L01998,UNBILLED_ORDER,O007751,O007751,1129.0,1,delivered order never invoiced
L01999,UNBILLED_ORDER,O009358,O009358,3662.1,1,delivered order never invoiced
L02000,UNBILLED_ORDER,O012980,O012980,2583.05,1,delivered order never invoiced
L02001,UNBILLED_ORDER,O023758,O023758,516.75,1,delivered order never invoiced
L02002,UNBILLED_ORDER,O045990,O045990,2735.45,1,delivered order never invoiced
L02003,UNBILLED_ORDER,O040192,O040192,6868.1,1,delivered order never invoiced
L02004,UNBILLED_ORDER,O014341,O014341,4368.2,1,delivered order never invoiced
L02005,UNBILLED_ORDER,O023082,O023082,529.0,1,delivered order never invoiced
L02006,UNBILLED_ORDER,O013019,O013019,5269.65,1,delivered order never invoiced
L02007,UNBILLED_ORDER,O039855,O039855,1748.0,1,delivered order never invoiced
L02008,UNBILLED_ORDER,O029424,O029424,220.15,1,delivered order never invoiced
L02009,UNBILLED_ORDER,O040414,O040414,1463.2,1,delivered order never invoiced
L02010,UNBILLED_ORDER,O030743,O030743,518.0,1,delivered order never invoiced
L02011,UNBILLED_ORDER,O008869,O008869,5335.7,1,delivered order never invoiced
L02012,UNBILLED_ORDER,O015002,O015002,4128.0,1,delivered order never invoiced
L02013,UNBILLED_ORDER,O018519,O018519,635.55,1,delivered order never invoiced
L02014,UNBILLED_ORDER,O016481,O016481,2007.7,1,delivered order never invoiced
L02015,UNBILLED_ORDER,O023292,O023292,3074.55,1,delivered order never invoiced
L02016,UNBILLED_ORDER,O036954,O036954,4091.25,1,delivered order never invoiced
L02017,UNBILLED_ORDER,O023085,O023085,719.0,1,delivered order never invoiced
L02018,UNBILLED_ORDER,O035075,O035075,4245.75,1,delivered order never invoiced
L02019,UNBILLED_ORDER,O037353,O037353,1619.0,1,delivered order never invoiced
L02020,UNBILLED_ORDER,O016485,O016485,3090.2,1,delivered order never invoiced
L02021,UNBILLED_ORDER,O043992,O043992,669.0,1,delivered order never invoiced
L02022,UNBILLED_ORDER,O026579,O026579,429.0,1,delivered order never invoiced
L02023,UNBILLED_ORDER,O004210,O004210,702.05,1,delivered order never invoiced
L02024,UNBILLED_ORDER,O015127,O015127,5062.55,1,delivered order never invoiced
L02025,UNBILLED_ORDER,O029761,O029761,958.55,1,delivered order never invoiced
L02026,UNBILLED_ORDER,O035494,O035494,1930.75,1,delivered order never invoiced
L02027,UNBILLED_ORDER,O000970,O000970,1386.05,1,delivered order never invoiced
L02028,UNBILLED_ORDER,O048916,O048916,2583.05,1,delivered order never invoiced
L02029,UNBILLED_ORDER,O039436,O039436,726.75,1,delivered order never invoiced
L02030,UNBILLED_ORDER,O035551,O035551,1874.75,1,delivered order never invoiced
L02031,UNBILLED_ORDER,O043207,O043207,445.55,1,delivered order never invoiced
L02032,UNBILLED_ORDER,O003607,O003607,845.1,1,delivered order never invoiced
L02033,UNBILLED_ORDER,O028219,O028219,890.1,1,delivered order never invoiced
L02034,UNBILLED_ORDER,O007794,O007794,654.55,1,delivered order never invoiced
L02035,UNBILLED_ORDER,O010914,O010914,1934.25,1,delivered order never invoiced
L02036,UNBILLED_ORDER,O033437,O033437,9399.5,1,delivered order never invoiced
L02037,UNBILLED_ORDER,O042946,O042946,920.55,1,delivered order never invoiced
L02038,UNBILLED_ORDER,O045234,O045234,4680.75,1,delivered order never invoiced
L02039,UNBILLED_ORDER,O007801,O007801,576.3,1,delivered order never invoiced
L02040,UNBILLED_ORDER,O020738,O020738,5647.45,1,delivered order never invoiced
L02041,UNBILLED_ORDER,O023986,O023986,683.05,1,delivered order never invoiced
L02042,UNBILLED_ORDER,O048835,O048835,1070.1,1,delivered order never invoiced
L02043,UNBILLED_ORDER,O032060,O032060,233.1,1,delivered order never invoiced
L02044,UNBILLED_ORDER,O031608,O031608,649.0,1,delivered order never invoiced
L02045,UNBILLED_ORDER,O012658,O012658,3040.65,1,delivered order never invoiced
L02046,UNBILLED_ORDER,O027693,O027693,1920.1,1,delivered order never invoiced
L02047,UNBILLED_ORDER,O041306,O041306,1259.0,1,delivered order never invoiced
L02048,UNBILLED_ORDER,O009743,O009743,1271.1,1,delivered order never invoiced
L02049,UNBILLED_ORDER,O027230,O027230,2844.2,1,delivered order never invoiced
L02050,UNBILLED_ORDER,O029177,O029177,2063.2,1,delivered order never invoiced
L02051,UNBILLED_ORDER,O004140,O004140,2450.05,1,delivered order never invoiced
L02052,UNBILLED_ORDER,O009809,O009809,1673.65,1,delivered order never invoiced
L02053,UNBILLED_ORDER,O012457,O012457,5248.85,1,delivered order never invoiced
L02054,UNBILLED_ORDER,O001071,O001071,1495.2,1,delivered order never invoiced
L02055,UNBILLED_ORDER,O003148,O003148,3117.8,1,delivered order never invoiced
L02056,UNBILLED_ORDER,O025573,O025573,1135.2,1,delivered order never invoiced
L02057,UNBILLED_ORDER,O026229,O026229,1805.75,1,delivered order never invoiced
L02058,UNBILLED_ORDER,O037007,O037007,1199.0,1,delivered order never invoiced
L02059,UNBILLED_ORDER,O003105,O003105,1348.05,1,delivered order never invoiced
L02060,UNBILLED_ORDER,O008391,O008391,2568.0,1,delivered order never invoiced
L02061,UNBILLED_ORDER,O025070,O025070,1698.05,1,delivered order never invoiced
L02062,UNBILLED_ORDER,O041614,O041614,2579.0,1,delivered order never invoiced
L02063,UNBILLED_ORDER,O009912,O009912,1288.0,1,delivered order never invoiced
L02064,UNBILLED_ORDER,O018501,O018501,4691.85,1,delivered order never invoiced
L02065,UNBILLED_ORDER,O037204,O037204,4542.35,1,delivered order never invoiced
L02066,UNBILLED_ORDER,O021952,O021952,2753.1,1,delivered order never invoiced
L02067,UNBILLED_ORDER,O001878,O001878,1187.1,1,delivered order never invoiced
L02068,UNBILLED_ORDER,O032185,O032185,602.1,1,delivered order never invoiced
L02069,UNBILLED_ORDER,O006130,O006130,3689.35,1,delivered order never invoiced
L02070,UNBILLED_ORDER,O039237,O039237,2636.1,1,delivered order never invoiced
L02071,UNBILLED_ORDER,O035984,O035984,671.2,1,delivered order never invoiced
L02072,UNBILLED_ORDER,O038775,O038775,3238.0,1,delivered order never invoiced
L02073,UNBILLED_ORDER,O038494,O038494,1253.05,1,delivered order never invoiced
L02074,UNBILLED_ORDER,O004296,O004296,654.55,1,delivered order never invoiced
L02075,UNBILLED_ORDER,O023060,O023060,1010.65,1,delivered order never invoiced
L02076,UNBILLED_ORDER,O018087,O018087,665.1,1,delivered order never invoiced
L02077,UNBILLED_ORDER,O045648,O045648,1044.05,1,delivered order never invoiced
L02078,UNBILLED_ORDER,O029709,O029709,1279.0,1,delivered order never invoiced
L02079,UNBILLED_ORDER,O001827,O001827,2829.1,1,delivered order never invoiced
L02080,UNBILLED_ORDER,O049083,O049083,529.0,1,delivered order never invoiced
L02081,UNBILLED_ORDER,O003118,O003118,3189.05,1,delivered order never invoiced
L02082,UNBILLED_ORDER,O018822,O018822,1147.3,1,delivered order never invoiced
L02083,UNBILLED_ORDER,O049615,O049615,1348.05,1,delivered order never invoiced
L02084,UNBILLED_ORDER,O026701,O026701,1167.55,1,delivered order never invoiced
L02085,UNBILLED_ORDER,O041930,O041930,2383.65,1,delivered order never invoiced
L02086,UNBILLED_ORDER,O031435,O031435,835.05,1,delivered order never invoiced
L02087,UNBILLED_ORDER,O006456,O006456,3341.2,1,delivered order never invoiced
L02088,UNBILLED_ORDER,O032726,O032726,407.55,1,delivered order never invoiced
L02089,UNBILLED_ORDER,O008484,O008484,6778.65,1,delivered order never invoiced
L02090,UNBILLED_ORDER,O007868,O007868,5683.65,1,delivered order never invoiced
L02091,UNBILLED_ORDER,O023111,O023111,1205.3,1,delivered order never invoiced
L02092,UNBILLED_ORDER,O013396,O013396,2278.65,1,delivered order never invoiced
L02093,UNBILLED_ORDER,O029292,O029292,8404.65,1,delivered order never invoiced
L02094,UNBILLED_ORDER,O011116,O011116,2772.1,1,delivered order never invoiced
L02095,UNBILLED_ORDER,O001802,O001802,3272.25,1,delivered order never invoiced
L02096,UNBILLED_ORDER,O005023,O005023,2089.3,1,delivered order never invoiced
L02097,UNBILLED_ORDER,O030868,O030868,1340.1,1,delivered order never invoiced
L02098,UNBILLED_ORDER,O023851,O023851,1406.4,1,delivered order never invoiced
L02099,UNBILLED_ORDER,O046022,O046022,2879.0,1,delivered order never invoiced
L02100,UNBILLED_ORDER,O001820,O001820,2008.75,1,delivered order never invoiced
L02101,UNBILLED_ORDER,O024900,O024900,1159.2,1,delivered order never invoiced
L02102,UNBILLED_ORDER,O025043,O025043,2805.3,1,delivered order never invoiced
L02103,UNBILLED_ORDER,O049175,O049175,1878.0,1,delivered order never invoiced
L02104,UNBILLED_ORDER,O042629,O042629,5158.0,1,delivered order never invoiced
L02105,UNBILLED_ORDER,O038847,O038847,502.55,1,delivered order never invoiced
L02106,UNBILLED_ORDER,O006735,O006735,1401.75,1,delivered order never invoiced
L02107,UNBILLED_ORDER,O045278,O045278,349.0,1,delivered order never invoiced
L02108,UNBILLED_ORDER,O043628,O043628,2879.0,1,delivered order never invoiced
L02109,UNBILLED_ORDER,O000501,O000501,1942.65,1,delivered order never invoiced
L02110,UNBILLED_ORDER,O042148,O042148,2739.4,1,delivered order never invoiced
L02111,UNBILLED_ORDER,O013578,O013578,1189.0,1,delivered order never invoiced
L02112,UNBILLED_ORDER,O042546,O042546,2483.1,1,delivered order never invoiced
L02113,UNBILLED_ORDER,O006846,O006846,3199.15,1,delivered order never invoiced
L02114,UNBILLED_ORDER,O028696,O028696,1678.0,1,delivered order never invoiced
L02115,UNBILLED_ORDER,O035707,O035707,386.1,1,delivered order never invoiced
L02116,UNBILLED_ORDER,O026349,O026349,647.1,1,delivered order never invoiced
L02117,UNBILLED_ORDER,O040932,O040932,1091.85,1,delivered order never invoiced
L02118,UNBILLED_ORDER,O017322,O017322,831.55,1,delivered order never invoiced
L02119,UNBILLED_ORDER,O018289,O018289,839.0,1,delivered order never invoiced
L02120,UNBILLED_ORDER,O003076,O003076,1958.0,1,delivered order never invoiced
L02121,UNBILLED_ORDER,O027140,O027140,6673.05,1,delivered order never invoiced
L02122,UNBILLED_ORDER,O003978,O003978,2660.2,1,delivered order never invoiced
L02123,UNBILLED_ORDER,O010489,O010489,3318.0,1,delivered order never invoiced
L02124,UNBILLED_ORDER,O012126,O012126,1359.0,1,delivered order never invoiced
L02125,UNBILLED_ORDER,O010157,O010157,1238.0,1,delivered order never invoiced
L02126,UNBILLED_ORDER,O002397,O002397,1070.15,1,delivered order never invoiced
L02127,UNBILLED_ORDER,O031822,O031822,3700.1,1,delivered order never invoiced
L02128,UNBILLED_ORDER,O020119,O020119,3288.3,1,delivered order never invoiced
L02129,UNBILLED_ORDER,O008166,O008166,3826.6,1,delivered order never invoiced
L02130,UNBILLED_ORDER,O043356,O043356,409.0,1,delivered order never invoiced
L02131,UNBILLED_ORDER,O026204,O026204,1595.85,1,delivered order never invoiced
L02132,UNBILLED_ORDER,O015829,O015829,611.15,1,delivered order never invoiced
L02133,UNBILLED_ORDER,O029335,O029335,1313.1,1,delivered order never invoiced
L02134,UNBILLED_ORDER,O046633,O046633,1167.55,1,delivered order never invoiced
L02135,UNBILLED_ORDER,O036702,O036702,2781.1,1,delivered order never invoiced
L02136,UNBILLED_ORDER,O030234,O030234,5624.15,1,delivered order never invoiced
L02137,UNBILLED_ORDER,O001993,O001993,540.55,1,delivered order never invoiced
L02138,UNBILLED_ORDER,O030319,O030319,1799.0,1,delivered order never invoiced
L02139,UNBILLED_ORDER,O016276,O016276,1619.0,1,delivered order never invoiced
L02140,UNBILLED_ORDER,O042210,O042210,739.0,1,delivered order never invoiced
L02141,UNBILLED_ORDER,O028002,O028002,2116.75,1,delivered order never invoiced
L02142,UNBILLED_ORDER,O028657,O028657,2027.75,1,delivered order never invoiced
L02143,UNBILLED_ORDER,O046549,O046549,1478.0,1,delivered order never invoiced
L02144,UNBILLED_ORDER,O044632,O044632,729.0,1,delivered order never invoiced
L02145,UNBILLED_ORDER,O033394,O033394,1833.45,1,delivered order never invoiced
L02146,UNBILLED_ORDER,O017250,O017250,1114.2,1,delivered order never invoiced
L02147,UNBILLED_ORDER,O015335,O015335,6333.3,1,delivered order never invoiced
L02148,UNBILLED_ORDER,O047230,O047230,2447.1,1,delivered order never invoiced
L02149,UNBILLED_ORDER,O041048,O041048,1449.0,1,delivered order never invoiced
L02150,UNBILLED_ORDER,O040203,O040203,2817.0,1,delivered order never invoiced
L02151,UNBILLED_ORDER,O037814,O037814,989.1,1,delivered order never invoiced
L02152,UNBILLED_ORDER,O025953,O025953,2676.15,1,delivered order never invoiced
L02153,UNBILLED_ORDER,O020132,O020132,665.1,1,delivered order never invoiced
L02154,UNBILLED_ORDER,O040958,O040958,3567.0,1,delivered order never invoiced
L02155,UNBILLED_ORDER,O038911,O038911,1878.0,1,delivered order never invoiced
L02156,UNBILLED_ORDER,O026614,O026614,2918.0,1,delivered order never invoiced
L02157,UNBILLED_ORDER,O019087,O019087,654.55,1,delivered order never invoiced
L02158,UNBILLED_ORDER,O037840,O037840,5978.0,1,delivered order never invoiced
L02159,UNBILLED_ORDER,O030041,O030041,6394.25,1,delivered order never invoiced
L02160,UNBILLED_ORDER,O047171,O047171,989.0,1,delivered order never invoiced
L02161,UNBILLED_ORDER,O002432,O002432,4536.0,1,delivered order never invoiced
L02162,UNBILLED_ORDER,O002449,O002449,4497.0,1,delivered order never invoiced
L02163,UNBILLED_ORDER,O040300,O040300,939.55,1,delivered order never invoiced
L02164,UNBILLED_ORDER,O035778,O035778,1469.0,1,delivered order never invoiced
L02165,UNBILLED_ORDER,O019927,O019927,1304.1,1,delivered order never invoiced
L02166,UNBILLED_ORDER,O031448,O031448,654.55,1,delivered order never invoiced
L02167,UNBILLED_ORDER,O044919,O044919,3694.3,1,delivered order never invoiced
L02168,UNBILLED_ORDER,O010798,O010798,1215.05,1,delivered order never invoiced
L02169,UNBILLED_ORDER,O017335,O017335,2718.85,1,delivered order never invoiced
L02170,UNBILLED_ORDER,O028780,O028780,1304.1,1,delivered order never invoiced
L02171,UNBILLED_ORDER,O037604,O037604,2451.0,1,delivered order never invoiced
L02172,UNBILLED_ORDER,O014424,O014424,1446.8,1,delivered order never invoiced
L02173,UNBILLED_ORDER,O010313,O010313,2506.1,1,delivered order never invoiced
L02174,UNBILLED_ORDER,O042618,O042618,1069.0,1,delivered order never invoiced
L02175,UNBILLED_ORDER,O043301,O043301,2447.15,1,delivered order never invoiced
L02176,UNBILLED_ORDER,O016117,O016117,999.2,1,delivered order never invoiced
L02177,UNBILLED_ORDER,O042648,O042648,2219.0,1,delivered order never invoiced
L02178,UNBILLED_ORDER,O035480,O035480,2548.75,1,delivered order never invoiced
L02179,UNBILLED_ORDER,O019765,O019765,1795.25,1,delivered order never invoiced
L02180,UNBILLED_ORDER,O000088,O000088,3652.35,1,delivered order never invoiced
L02181,UNBILLED_ORDER,O033112,O033112,886.7,1,delivered order never invoiced
L02182,UNBILLED_ORDER,O046942,O046942,1447.2,1,delivered order never invoiced
L02183,UNBILLED_ORDER,O015809,O015809,1899.25,1,delivered order never invoiced
L02184,UNBILLED_ORDER,O016310,O016310,4489.75,1,delivered order never invoiced
L02185,UNBILLED_ORDER,O002249,O002249,1024.2,1,delivered order never invoiced
L02186,UNBILLED_ORDER,O004085,O004085,4487.0,1,delivered order never invoiced
L02187,UNBILLED_ORDER,O008778,O008778,419.0,1,delivered order never invoiced
L02188,UNBILLED_ORDER,O017412,O017412,1395.55,1,delivered order never invoiced
L02189,UNBILLED_ORDER,O041983,O041983,2547.45,1,delivered order never invoiced
L02190,UNBILLED_ORDER,O021507,O021507,261.75,1,delivered order never invoiced
L02191,UNBILLED_ORDER,O039723,O039723,999.2,1,delivered order never invoiced
L02192,UNBILLED_ORDER,O031818,O031818,2187.0,1,delivered order never invoiced
L02193,UNBILLED_ORDER,O003077,O003077,719.0,1,delivered order never invoiced
L02194,UNBILLED_ORDER,O021890,O021890,1654.4,1,delivered order never invoiced
L02195,UNBILLED_ORDER,O001029,O001029,899.3,1,delivered order never invoiced
L02196,UNBILLED_ORDER,O039467,O039467,2063.2,1,delivered order never invoiced
L02197,UNBILLED_ORDER,O006581,O006581,1621.35,1,delivered order never invoiced
L02198,UNBILLED_ORDER,O036450,O036450,2498.0,1,delivered order never invoiced
L02199,UNBILLED_ORDER,O036004,O036004,1212.1,1,delivered order never invoiced
L02200,UNBILLED_ORDER,O027120,O027120,775.2,1,delivered order never invoiced
L02201,UNBILLED_ORDER,O018839,O018839,1873.5,1,delivered order never invoiced
L02202,UNBILLED_ORDER,O021145,O021145,824.25,1,delivered order never invoiced
L02203,UNBILLED_ORDER,O034736,O034736,2268.55,1,delivered order never invoiced
L02204,UNBILLED_ORDER,O014687,O014687,1405.25,1,delivered order never invoiced
L02205,UNBILLED_ORDER,O002418,O002418,2930.25,1,delivered order never invoiced
L02206,UNBILLED_ORDER,O025783,O025783,1422.15,1,delivered order never invoiced
L02207,UNBILLED_ORDER,O020857,O020857,872.85,1,delivered order never invoiced
L02208,UNBILLED_ORDER,O013940,O013940,739.0,1,delivered order never invoiced
L02209,UNBILLED_ORDER,O049782,O049782,2066.05,1,delivered order never invoiced
L02210,UNBILLED_ORDER,O040557,O040557,529.0,1,delivered order never invoiced
L02211,UNBILLED_ORDER,O028337,O028337,492.1,1,delivered order never invoiced
L02212,UNBILLED_ORDER,O027653,O027653,2484.8,1,delivered order never invoiced
L02213,UNBILLED_ORDER,O008575,O008575,540.55,1,delivered order never invoiced
L02214,UNBILLED_ORDER,O046902,O046902,1189.15,1,delivered order never invoiced
L02215,UNBILLED_ORDER,O007852,O007852,459.0,1,delivered order never invoiced
L02216,UNBILLED_ORDER,O025919,O025919,3102.75,1,delivered order never invoiced
L02217,UNBILLED_ORDER,O047031,O047031,588.05,1,delivered order never invoiced
L02218,UNBILLED_ORDER,O025364,O025364,220.15,1,delivered order never invoiced
L02219,UNBILLED_ORDER,O026787,O026787,2871.55,1,delivered order never invoiced
L02220,UNBILLED_ORDER,O046469,O046469,1587.0,1,delivered order never invoiced
L02221,UNBILLED_ORDER,O037054,O037054,2159.25,1,delivered order never invoiced
L02222,UNBILLED_ORDER,O047182,O047182,1338.0,1,delivered order never invoiced
L02223,UNBILLED_ORDER,O002235,O002235,1772.1,1,delivered order never invoiced
L02224,UNBILLED_ORDER,O042078,O042078,296.1,1,delivered order never invoiced
L02225,UNBILLED_ORDER,O018790,O018790,948.35,1,delivered order never invoiced
L02226,UNBILLED_ORDER,O011467,O011467,4642.2,1,delivered order never invoiced
L02227,UNBILLED_ORDER,O039776,O039776,969.0,1,delivered order never invoiced
L02228,UNBILLED_ORDER,O029195,O029195,1995.3,1,delivered order never invoiced
L02229,UNBILLED_ORDER,O027920,O027920,747.15,1,delivered order never invoiced
L02230,UNBILLED_ORDER,O040211,O040211,1129.0,1,delivered order never invoiced
L02231,UNBILLED_ORDER,O024083,O024083,861.75,1,delivered order never invoiced
L02232,UNBILLED_ORDER,O016278,O016278,925.65,1,delivered order never invoiced
L02233,UNBILLED_ORDER,O033582,O033582,1509.0,1,delivered order never invoiced
L02234,UNBILLED_ORDER,O028196,O028196,1151.1,1,delivered order never invoiced
L02235,UNBILLED_ORDER,O041711,O041711,1068.45,1,delivered order never invoiced
L02236,UNBILLED_ORDER,O002205,O002205,699.0,1,delivered order never invoiced
L02237,UNBILLED_ORDER,O034536,O034536,550.05,1,delivered order never invoiced
L02238,UNBILLED_ORDER,O041911,O041911,1121.15,1,delivered order never invoiced
L02239,UNBILLED_ORDER,O044639,O044639,2357.15,1,delivered order never invoiced
L02240,UNBILLED_ORDER,O007209,O007209,839.0,1,delivered order never invoiced
L02241,UNBILLED_ORDER,O046086,O046086,1135.2,1,delivered order never invoiced
L02242,UNBILLED_ORDER,O029450,O029450,1376.55,1,delivered order never invoiced
L02243,UNBILLED_ORDER,O028496,O028496,220.15,1,delivered order never invoiced
L02244,UNBILLED_ORDER,O032486,O032486,2159.8,1,delivered order never invoiced
L02245,UNBILLED_ORDER,O016500,O016500,551.2,1,delivered order never invoiced
L02246,UNBILLED_ORDER,O038980,O038980,1929.2,1,delivered order never invoiced
L02247,UNBILLED_ORDER,O033301,O033301,872.1,1,delivered order never invoiced
L02248,UNBILLED_ORDER,O048300,O048300,1804.05,1,delivered order never invoiced
L02249,UNBILLED_ORDER,O036113,O036113,1862.15,1,delivered order never invoiced
L02250,UNBILLED_ORDER,O044386,O044386,1449.0,1,delivered order never invoiced
L02251,UNBILLED_ORDER,O035397,O035397,246.05,1,delivered order never invoiced
L02252,UNBILLED_ORDER,O029392,O029392,5162.45,1,delivered order never invoiced
L02253,UNBILLED_ORDER,O018502,O018502,164.25,1,delivered order never invoiced
L02254,UNBILLED_ORDER,O005852,O005852,2579.0,1,delivered order never invoiced
L02255,UNBILLED_ORDER,O034962,O034962,3984.55,1,delivered order never invoiced
L02256,UNBILLED_ORDER,O002302,O002302,2256.0,1,delivered order never invoiced
L02257,UNBILLED_ORDER,O011331,O011331,5369.2,1,delivered order never invoiced
L02258,UNBILLED_ORDER,O043696,O043696,653.65,1,delivered order never invoiced
L02259,UNBILLED_ORDER,O000915,O000915,1114.2,1,delivered order never invoiced
L02260,UNBILLED_ORDER,O043737,O043737,1039.0,1,delivered order never invoiced
L02261,UNBILLED_ORDER,O007420,O007420,4384.3,1,delivered order never invoiced
L02262,UNBILLED_ORDER,O031262,O031262,639.0,1,delivered order never invoiced
L02263,UNBILLED_ORDER,O039949,O039949,609.0,1,delivered order never invoiced
L02264,UNBILLED_ORDER,O027523,O027523,1629.1,1,delivered order never invoiced
L02265,UNBILLED_ORDER,O035120,O035120,6662.25,1,delivered order never invoiced
L02266,UNBILLED_ORDER,O036157,O036157,7945.0,1,delivered order never invoiced
L02267,UNBILLED_ORDER,O008759,O008759,3150.4,1,delivered order never invoiced
L02268,UNBILLED_ORDER,O032042,O032042,798.15,1,delivered order never invoiced
L02269,UNBILLED_ORDER,O038653,O038653,3765.2,1,delivered order never invoiced
L02270,UNBILLED_ORDER,O007010,O007010,579.0,1,delivered order never invoiced
L02271,UNBILLED_ORDER,O027161,O027161,2264.75,1,delivered order never invoiced
L02272,UNBILLED_ORDER,O011378,O011378,1240.15,1,delivered order never invoiced
L02273,UNBILLED_ORDER,O000557,O000557,3181.15,1,delivered order never invoiced
L02274,UNBILLED_ORDER,O046584,O046584,1878.0,1,delivered order never invoiced
L02275,UNBILLED_ORDER,O038535,O038535,2174.3,1,delivered order never invoiced
L02276,UNBILLED_ORDER,O017208,O017208,501.75,1,delivered order never invoiced
L02277,UNBILLED_ORDER,O028011,O028011,2898.0,1,delivered order never invoiced
L02278,UNBILLED_ORDER,O018222,O018222,2874.55,1,delivered order never invoiced
L02279,UNBILLED_ORDER,O015312,O015312,3218.45,1,delivered order never invoiced
L02280,UNBILLED_ORDER,O003194,O003194,2719.0,1,delivered order never invoiced
L02281,UNBILLED_ORDER,O006584,O006584,516.75,1,delivered order never invoiced
L02282,UNBILLED_ORDER,O030367,O030367,1259.1,1,delivered order never invoiced
L02283,UNBILLED_ORDER,O023380,O023380,560.15,1,delivered order never invoiced
L02284,UNBILLED_ORDER,O013567,O013567,2204.2,1,delivered order never invoiced
L02285,UNBILLED_ORDER,O030241,O030241,1279.0,1,delivered order never invoiced
L02286,UNBILLED_ORDER,O009778,O009778,3462.55,1,delivered order never invoiced
L02287,UNBILLED_ORDER,O003420,O003420,2886.35,1,delivered order never invoiced
L02288,UNBILLED_ORDER,O033643,O033643,2590.2,1,delivered order never invoiced
L02289,UNBILLED_ORDER,O016718,O016718,422.1,1,delivered order never invoiced
L02290,UNBILLED_ORDER,O044351,O044351,797.05,1,delivered order never invoiced
L02291,UNBILLED_ORDER,O035730,O035730,1622.6,1,delivered order never invoiced
L02292,UNBILLED_ORDER,O005908,O005908,6875.0,1,delivered order never invoiced
L02293,UNBILLED_ORDER,O011603,O011603,2961.75,1,delivered order never invoiced
L02294,UNBILLED_ORDER,O000785,O000785,1367.05,1,delivered order never invoiced
L02295,UNBILLED_ORDER,O027947,O027947,1376.55,1,delivered order never invoiced
L02296,UNBILLED_ORDER,O011974,O011974,1568.1,1,delivered order never invoiced
L02297,UNBILLED_ORDER,O025856,O025856,2033.1,1,delivered order never invoiced
L02298,UNBILLED_ORDER,O011509,O011509,5509.55,1,delivered order never invoiced
L02299,UNBILLED_ORDER,O044079,O044079,665.1,1,delivered order never invoiced
L02300,UNBILLED_ORDER,O034404,O034404,926.1,1,delivered order never invoiced
L02301,UNBILLED_ORDER,O015146,O015146,1509.0,1,delivered order never invoiced
L02302,UNBILLED_ORDER,O029988,O029988,609.0,1,delivered order never invoiced
L02303,UNBILLED_ORDER,O007404,O007404,568.65,1,delivered order never invoiced
L02304,UNBILLED_ORDER,O037081,O037081,476.1,1,delivered order never invoiced
L02305,UNBILLED_ORDER,O029293,O029293,1491.05,1,delivered order never invoiced
L02306,UNBILLED_ORDER,O022304,O022304,535.2,1,delivered order never invoiced
L02307,UNBILLED_ORDER,O041303,O041303,3249.0,1,delivered order never invoiced
L02308,UNBILLED_ORDER,O041057,O041057,569.0,1,delivered order never invoiced
L02309,UNBILLED_ORDER,O033525,O033525,4537.0,1,delivered order never invoiced
L02310,UNBILLED_ORDER,O029700,O029700,8520.3,1,delivered order never invoiced
L02311,UNBILLED_ORDER,O020326,O020326,1816.15,1,delivered order never invoiced
L02312,UNBILLED_ORDER,O007351,O007351,989.0,1,delivered order never invoiced
L02313,UNBILLED_ORDER,O002596,O002596,1449.3,1,delivered order never invoiced
L02314,UNBILLED_ORDER,O040430,O040430,1099.0,1,delivered order never invoiced
L02315,UNBILLED_ORDER,O031984,O031984,755.1,1,delivered order never invoiced
L02316,UNBILLED_ORDER,O005205,O005205,3510.2,1,delivered order never invoiced
L02317,UNBILLED_ORDER,O034704,O034704,2055.05,1,delivered order never invoiced
L02318,UNBILLED_ORDER,O042494,O042494,1010.65,1,delivered order never invoiced
L02319,UNBILLED_ORDER,O009243,O009243,2151.2,1,delivered order never invoiced
L02320,UNBILLED_ORDER,O038367,O038367,5166.1,1,delivered order never invoiced
L02321,UNBILLED_ORDER,O012728,O012728,899.1,1,delivered order never invoiced
L02322,UNBILLED_ORDER,O015630,O015630,4404.45,1,delivered order never invoiced
L02323,UNBILLED_ORDER,O024507,O024507,535.2,1,delivered order never invoiced
L02324,UNBILLED_ORDER,O003004,O003004,1072.55,1,delivered order never invoiced
L02325,UNBILLED_ORDER,O010585,O010585,1378.0,1,delivered order never invoiced
L02326,UNBILLED_ORDER,O027201,O027201,1215.05,1,delivered order never invoiced
L02327,UNBILLED_ORDER,O017494,O017494,3632.2,1,delivered order never invoiced
L02328,UNBILLED_ORDER,O017131,O017131,4053.65,1,delivered order never invoiced
L02329,UNBILLED_ORDER,O033635,O033635,388.55,1,delivered order never invoiced
L02330,UNBILLED_ORDER,O018969,O018969,831.2,1,delivered order never invoiced
L02331,UNBILLED_ORDER,O021301,O021301,2305.6,1,delivered order never invoiced
L02332,UNBILLED_ORDER,O045873,O045873,1897.2,1,delivered order never invoiced
L02333,UNBILLED_ORDER,O030328,O030328,698.0,1,delivered order never invoiced
L02334,UNBILLED_ORDER,O027080,O027080,989.1,1,delivered order never invoiced
L02335,UNBILLED_ORDER,O026489,O026489,835.05,1,delivered order never invoiced
L02336,UNBILLED_ORDER,O001196,O001196,4642.2,1,delivered order never invoiced
L02337,UNBILLED_ORDER,O046498,O046498,476.1,1,delivered order never invoiced
L02338,UNBILLED_ORDER,O046756,O046756,2259.0,1,delivered order never invoiced
L02339,UNBILLED_ORDER,O020384,O020384,989.0,1,delivered order never invoiced
L02340,UNBILLED_ORDER,O006484,O006484,1449.0,1,delivered order never invoiced
L02341,UNBILLED_ORDER,O046028,O046028,3807.0,1,delivered order never invoiced
L02342,UNBILLED_ORDER,O013696,O013696,1253.05,1,delivered order never invoiced
L02343,UNBILLED_ORDER,O003641,O003641,939.55,1,delivered order never invoiced
L02344,UNBILLED_ORDER,O011615,O011615,1087.15,1,delivered order never invoiced
L02345,UNBILLED_ORDER,O012260,O012260,569.0,1,delivered order never invoiced
L02346,UNBILLED_ORDER,O043683,O043683,2579.0,1,delivered order never invoiced
L02347,UNBILLED_ORDER,O007110,O007110,1330.2,1,delivered order never invoiced
L02348,UNBILLED_ORDER,O027031,O027031,6714.45,1,delivered order never invoiced
L02349,UNBILLED_ORDER,O044431,O044431,918.65,1,delivered order never invoiced
L02350,UNBILLED_ORDER,O032367,O032367,2747.0,1,delivered order never invoiced
L02351,UNBILLED_ORDER,O000329,O000329,1304.1,1,delivered order never invoiced
L02352,UNBILLED_ORDER,O022941,O022941,483.65,1,delivered order never invoiced
L02353,UNBILLED_ORDER,O037372,O037372,409.0,1,delivered order never invoiced
L02354,UNBILLED_ORDER,O014327,O014327,739.0,1,delivered order never invoiced
L02355,UNBILLED_ORDER,O010312,O010312,1827.15,1,delivered order never invoiced
L02356,UNBILLED_ORDER,O046187,O046187,6263.4,1,delivered order never invoiced
L02357,UNBILLED_ORDER,O035390,O035390,2259.0,1,delivered order never invoiced
L02358,UNBILLED_ORDER,O017337,O017337,1023.2,1,delivered order never invoiced
L02359,UNBILLED_ORDER,O048584,O048584,7822.2,1,delivered order never invoiced
L02360,UNBILLED_ORDER,O007524,O007524,1518.0,1,delivered order never invoiced
L02361,UNBILLED_ORDER,O012301,O012301,1167.75,1,delivered order never invoiced
L02362,UNBILLED_ORDER,O009990,O009990,1660.8,1,delivered order never invoiced
L02363,UNBILLED_ORDER,O012550,O012550,1358.1,1,delivered order never invoiced
L02364,UNBILLED_ORDER,O009437,O009437,689.0,1,delivered order never invoiced
L02365,UNBILLED_ORDER,O025612,O025612,4297.35,1,delivered order never invoiced
L02366,UNBILLED_ORDER,O021528,O021528,1581.6,1,delivered order never invoiced
L02367,UNBILLED_ORDER,O008209,O008209,2546.25,1,delivered order never invoiced
L02368,UNBILLED_ORDER,O008878,O008878,1509.0,1,delivered order never invoiced
L02369,UNBILLED_ORDER,O044692,O044692,1419.0,1,delivered order never invoiced
L02370,UNBILLED_ORDER,O014861,O014861,3381.55,1,delivered order never invoiced
L02371,UNBILLED_ORDER,O033133,O033133,1129.0,1,delivered order never invoiced
L02372,UNBILLED_ORDER,O020791,O020791,2027.5,1,delivered order never invoiced
L02373,UNBILLED_ORDER,O032661,O032661,669.0,1,delivered order never invoiced
L02374,UNBILLED_ORDER,O041598,O041598,2123.3,1,delivered order never invoiced
L02375,UNBILLED_ORDER,O046604,O046604,3076.1,1,delivered order never invoiced
L02376,UNBILLED_ORDER,O034454,O034454,512.1,1,delivered order never invoiced
L02377,UNBILLED_ORDER,O031237,O031237,3499.05,1,delivered order never invoiced
L02378,UNBILLED_ORDER,O005135,O005135,331.55,1,delivered order never invoiced
L02379,UNBILLED_ORDER,O040609,O040609,620.1,1,delivered order never invoiced
L02380,UNBILLED_ORDER,O017753,O017753,5129.35,1,delivered order never invoiced
L02381,UNBILLED_ORDER,O007514,O007514,2565.1,1,delivered order never invoiced
L02382,UNBILLED_ORDER,O024865,O024865,447.85,1,delivered order never invoiced
L02383,UNBILLED_ORDER,O005609,O005609,3076.3,1,delivered order never invoiced
L02384,UNBILLED_ORDER,O028388,O028388,619.0,1,delivered order never invoiced
L02385,UNBILLED_ORDER,O012762,O012762,367.2,1,delivered order never invoiced
L02386,UNBILLED_ORDER,O025623,O025623,659.25,1,delivered order never invoiced
L02387,UNBILLED_ORDER,O030615,O030615,233.1,1,delivered order never invoiced
L02388,UNBILLED_ORDER,O001672,O001672,2719.0,1,delivered order never invoiced
L02389,UNBILLED_ORDER,O006652,O006652,4110.4,1,delivered order never invoiced
L02390,UNBILLED_ORDER,O039122,O039122,1189.0,1,delivered order never invoiced
L02391,UNBILLED_ORDER,O012494,O012494,288.15,1,delivered order never invoiced
L02392,UNBILLED_ORDER,O003973,O003973,1167.55,1,delivered order never invoiced
L02393,UNBILLED_ORDER,O037984,O037984,1034.1,1,delivered order never invoiced
L02394,UNBILLED_ORDER,O030790,O030790,1690.2,1,delivered order never invoiced
L02395,UNBILLED_ORDER,O022381,O022381,1378.0,1,delivered order never invoiced
L02396,UNBILLED_ORDER,O011194,O011194,3796.2,1,delivered order never invoiced
L02397,UNBILLED_ORDER,O049658,O049658,1414.55,1,delivered order never invoiced
L02398,UNBILLED_ORDER,O036741,O036741,2690.1,1,delivered order never invoiced
L02399,UNBILLED_ORDER,O019647,O019647,1187.1,1,delivered order never invoiced
L02400,UNBILLED_ORDER,O021406,O021406,3325.15,1,delivered order never invoiced
L02401,UNBILLED_ORDER,O012035,O012035,4377.0,1,delivered order never invoiced
L02402,UNBILLED_ORDER,O007393,O007393,2643.65,1,delivered order never invoiced
L02403,UNBILLED_ORDER,O037624,O037624,1179.0,1,delivered order never invoiced
L02404,UNBILLED_ORDER,O005263,O005263,1319.0,1,delivered order never invoiced
L02405,UNBILLED_ORDER,O026136,O026136,1002.15,1,delivered order never invoiced
L02406,UNBILLED_ORDER,O025720,O025720,1167.2,1,delivered order never invoiced
L02407,UNBILLED_ORDER,O007134,O007134,1319.0,1,delivered order never invoiced
L02408,UNBILLED_ORDER,O001262,O001262,2124.2,1,delivered order never invoiced
L02409,UNBILLED_ORDER,O034232,O034232,1231.65,1,delivered order never invoiced
L02410,UNBILLED_ORDER,O037476,O037476,1459.0,1,delivered order never invoiced
L02411,UNBILLED_ORDER,O039777,O039777,1058.0,1,delivered order never invoiced
L02412,UNBILLED_ORDER,O038226,O038226,1358.2,1,delivered order never invoiced
L02413,UNBILLED_ORDER,O027380,O027380,6498.0,1,delivered order never invoiced
L02414,UNBILLED_ORDER,O014016,O014016,1797.65,1,delivered order never invoiced
L02415,UNBILLED_ORDER,O043246,O043246,551.65,1,delivered order never invoiced
L02416,UNBILLED_ORDER,O008776,O008776,654.55,1,delivered order never invoiced
L02417,UNBILLED_ORDER,O042014,O042014,2077.15,1,delivered order never invoiced
L02418,UNBILLED_ORDER,O044379,O044379,1575.2,1,delivered order never invoiced
L02419,UNBILLED_ORDER,O043141,O043141,2109.15,1,delivered order never invoiced
L02420,UNBILLED_ORDER,O010499,O010499,3813.1,1,delivered order never invoiced
L02421,UNBILLED_ORDER,O033694,O033694,1367.3,1,delivered order never invoiced
L02422,UNBILLED_ORDER,O011044,O011044,368.1,1,delivered order never invoiced
L02423,UNBILLED_ORDER,O042926,O042926,1978.2,1,delivered order never invoiced
L02424,UNBILLED_ORDER,O004209,O004209,1913.7,1,delivered order never invoiced
L02425,UNBILLED_ORDER,O016272,O016272,1372.05,1,delivered order never invoiced
L02426,UNBILLED_ORDER,O009234,O009234,1099.0,1,delivered order never invoiced
L02427,UNBILLED_ORDER,O049773,O049773,2487.65,1,delivered order never invoiced
L02428,UNBILLED_ORDER,O043014,O043014,2450.05,1,delivered order never invoiced
L02429,UNBILLED_ORDER,O036502,O036502,1424.1,1,delivered order never invoiced
L02430,UNBILLED_ORDER,O020261,O020261,1722.55,1,delivered order never invoiced
L02431,UNBILLED_ORDER,O024203,O024203,1289.0,1,delivered order never invoiced
L02432,UNBILLED_ORDER,O034629,O034629,427.35,1,delivered order never invoiced
L02433,UNBILLED_ORDER,O047955,O047955,2862.8,1,delivered order never invoiced
L02434,UNBILLED_ORDER,O026512,O026512,4311.75,1,delivered order never invoiced
L02435,UNBILLED_ORDER,O048931,O048931,1272.3,1,delivered order never invoiced
L02436,UNBILLED_ORDER,O041732,O041732,4624.55,1,delivered order never invoiced
L02437,UNBILLED_ORDER,O011379,O011379,6343.85,1,delivered order never invoiced
L02438,UNBILLED_ORDER,O049499,O049499,4720.55,1,delivered order never invoiced
L02439,UNBILLED_ORDER,O029490,O029490,1495.2,1,delivered order never invoiced
L02440,UNBILLED_ORDER,O032562,O032562,683.05,1,delivered order never invoiced
L02441,UNBILLED_ORDER,O017068,O017068,659.0,1,delivered order never invoiced
L02442,UNBILLED_ORDER,O037169,O037169,602.1,1,delivered order never invoiced
L02443,UNBILLED_ORDER,O003049,O003049,3162.05,1,delivered order never invoiced
L02444,UNBILLED_ORDER,O000466,O000466,741.75,1,delivered order never invoiced
L02445,UNBILLED_ORDER,O049573,O049573,2176.2,1,delivered order never invoiced
L02446,UNBILLED_ORDER,O018925,O018925,1619.0,1,delivered order never invoiced
L02447,UNBILLED_ORDER,O010448,O010448,1969.0,1,delivered order never invoiced
L02448,UNBILLED_ORDER,O011299,O011299,611.15,1,delivered order never invoiced
L02449,UNBILLED_ORDER,O015121,O015121,3838.0,1,delivered order never invoiced
L02450,UNBILLED_ORDER,O006908,O006908,3860.75,1,delivered order never invoiced
L02451,UNBILLED_ORDER,O037933,O037933,2710.2,1,delivered order never invoiced
L02452,UNBILLED_ORDER,O041582,O041582,5387.0,1,delivered order never invoiced
L02453,UNBILLED_ORDER,O004589,O004589,1459.0,1,delivered order never invoiced
L02454,UNBILLED_ORDER,O016961,O016961,1438.2,1,delivered order never invoiced
L02455,UNBILLED_ORDER,O042204,O042204,3622.75,1,delivered order never invoiced
L02456,UNBILLED_ORDER,O040355,O040355,349.0,1,delivered order never invoiced
L02457,UNBILLED_ORDER,O033299,O033299,1189.0,1,delivered order never invoiced
L02458,UNBILLED_ORDER,O018982,O018982,840.65,1,delivered order never invoiced
L02459,UNBILLED_ORDER,O028896,O028896,1189.0,1,delivered order never invoiced
L02460,UNBILLED_ORDER,O032900,O032900,4671.15,1,delivered order never invoiced
L02461,UNBILLED_ORDER,O048171,O048171,5531.55,1,delivered order never invoiced
L02462,UNBILLED_ORDER,O001276,O001276,3837.0,1,delivered order never invoiced
L02463,UNBILLED_ORDER,O012170,O012170,929.0,1,delivered order never invoiced
L02464,UNBILLED_ORDER,O005694,O005694,1058.0,1,delivered order never invoiced
L02465,UNBILLED_ORDER,O030831,O030831,1459.0,1,delivered order never invoiced
L02466,UNBILLED_ORDER,O020728,O020728,279.65,1,delivered order never invoiced
L02467,UNBILLED_ORDER,O021948,O021948,1868.25,1,delivered order never invoiced
L02468,UNBILLED_ORDER,O001850,O001850,969.0,1,delivered order never invoiced
L02469,UNBILLED_ORDER,O031078,O031078,2321.1,1,delivered order never invoiced
L02470,UNBILLED_ORDER,O013747,O013747,1039.0,1,delivered order never invoiced
L02471,UNBILLED_ORDER,O007850,O007850,929.0,1,delivered order never invoiced
L02472,UNBILLED_ORDER,O016210,O016210,569.0,1,delivered order never invoiced
L02473,UNBILLED_ORDER,O006952,O006952,1476.75,1,delivered order never invoiced
L02474,UNBILLED_ORDER,O030566,O030566,3767.0,1,delivered order never invoiced
L02475,UNBILLED_ORDER,O028236,O028236,2241.75,1,delivered order never invoiced
L02476,UNBILLED_ORDER,O037162,O037162,5438.0,1,delivered order never invoiced
L02477,UNBILLED_ORDER,O009707,O009707,1426.3,1,delivered order never invoiced
L02478,UNBILLED_ORDER,O025046,O025046,6173.1,1,delivered order never invoiced
L02479,UNBILLED_ORDER,O017830,O017830,2977.95,1,delivered order never invoiced
L02480,UNBILLED_ORDER,O020854,O020854,1147.3,1,delivered order never invoiced
L02481,UNBILLED_ORDER,O037424,O037424,2575.3,1,delivered order never invoiced
L02482,UNBILLED_ORDER,O006593,O006593,3387.0,1,delivered order never invoiced
L02483,UNBILLED_ORDER,O006634,O006634,682.75,1,delivered order never invoiced
L02484,UNBILLED_ORDER,O041245,O041245,1439.0,1,delivered order never invoiced
L02485,UNBILLED_ORDER,O009448,O009448,2256.3,1,delivered order never invoiced
L02486,UNBILLED_ORDER,O009156,O009156,1478.0,1,delivered order never invoiced
L02487,UNBILLED_ORDER,O043891,O043891,920.55,1,delivered order never invoiced
L02488,UNBILLED_ORDER,O028023,O028023,321.75,1,delivered order never invoiced
L02489,UNBILLED_ORDER,O017786,O017786,619.0,1,delivered order never invoiced
L02490,UNBILLED_ORDER,O040727,O040727,920.55,1,delivered order never invoiced
L02491,UNBILLED_ORDER,O001625,O001625,1337.6,1,delivered order never invoiced
L02492,UNBILLED_ORDER,O031698,O031698,2108.05,1,delivered order never invoiced
L02493,UNBILLED_ORDER,O000216,O000216,3664.2,1,delivered order never invoiced
L02494,UNBILLED_ORDER,O009605,O009605,569.0,1,delivered order never invoiced
L02495,UNBILLED_ORDER,O028298,O028298,2123.3,1,delivered order never invoiced
L02496,UNBILLED_ORDER,O010556,O010556,3186.0,1,delivered order never invoiced
L02497,UNBILLED_ORDER,O042061,O042061,1706.05,1,delivered order never invoiced
L02498,UNBILLED_ORDER,O044553,O044553,3964.0,1,delivered order never invoiced
L02499,UNBILLED_ORDER,O041135,O041135,3086.55,1,delivered order never invoiced
L02500,UNBILLED_ORDER,O001244,O001244,739.0,1,delivered order never invoiced
L02501,UNBILLED_ORDER,O034006,O034006,207.2,1,delivered order never invoiced
L02502,UNBILLED_ORDER,O043573,O043573,3142.15,1,delivered order never invoiced
L02503,UNBILLED_ORDER,O029672,O029672,529.0,1,delivered order never invoiced
L02504,UNBILLED_ORDER,O025555,O025555,6930.8,1,delivered order never invoiced
L02505,UNBILLED_ORDER,O019868,O019868,1367.05,1,delivered order never invoiced
L02506,UNBILLED_ORDER,O043022,O043022,1007.1,1,delivered order never invoiced
L02507,UNBILLED_ORDER,O046871,O046871,703.2,1,delivered order never invoiced
L02508,UNBILLED_ORDER,O040611,O040611,4346.15,1,delivered order never invoiced
L02509,UNBILLED_ORDER,O024527,O024527,1240.15,1,delivered order never invoiced
L02510,UNBILLED_ORDER,O007060,O007060,2719.0,1,delivered order never invoiced
L02511,UNBILLED_ORDER,O023931,O023931,1331.3,1,delivered order never invoiced
L02512,UNBILLED_ORDER,O004619,O004619,429.0,1,delivered order never invoiced
L02513,UNBILLED_ORDER,O035196,O035196,943.2,1,delivered order never invoiced
L02514,UNBILLED_ORDER,O021937,O021937,619.0,1,delivered order never invoiced
L02515,UNBILLED_ORDER,O012366,O012366,3018.0,1,delivered order never invoiced
L02516,UNBILLED_ORDER,O014509,O014509,1189.15,1,delivered order never invoiced
L02517,UNBILLED_ORDER,O036978,O036978,628.15,1,delivered order never invoiced
L02518,UNBILLED_ORDER,O005174,O005174,702.05,1,delivered order never invoiced
L02519,UNBILLED_ORDER,O034794,O034794,739.0,1,delivered order never invoiced
L02520,UNBILLED_ORDER,O001787,O001787,1189.0,1,delivered order never invoiced
L02521,UNBILLED_ORDER,O027332,O027332,4839.1,1,delivered order never invoiced
L02522,UNBILLED_ORDER,O005325,O005325,2014.2,1,delivered order never invoiced
L02523,UNBILLED_ORDER,O041000,O041000,1398.0,1,delivered order never invoiced
L02524,UNBILLED_ORDER,O037406,O037406,8545.35,1,delivered order never invoiced
L02525,UNBILLED_ORDER,O031797,O031797,1386.05,1,delivered order never invoiced
L02526,UNBILLED_ORDER,O013136,O013136,1214.1,1,delivered order never invoiced
L02527,UNBILLED_ORDER,O016702,O016702,999.2,1,delivered order never invoiced
L02528,UNBILLED_ORDER,O038012,O038012,1002.15,1,delivered order never invoiced
L02529,UNBILLED_ORDER,O043300,O043300,1099.0,1,delivered order never invoiced
L02530,UNBILLED_ORDER,O034183,O034183,1705.95,1,delivered order never invoiced
L02531,UNBILLED_ORDER,O002806,O002806,1563.25,1,delivered order never invoiced
L02532,UNBILLED_ORDER,O049978,O049978,2949.0,1,delivered order never invoiced
L02533,UNBILLED_ORDER,O033183,O033183,805.7,1,delivered order never invoiced
L02534,UNBILLED_ORDER,O029147,O029147,2308.65,1,delivered order never invoiced
L02535,UNBILLED_ORDER,O032339,O032339,1399.55,1,delivered order never invoiced
L02536,UNBILLED_ORDER,O020986,O020986,1995.3,1,delivered order never invoiced
L02537,UNBILLED_ORDER,O025554,O025554,665.1,1,delivered order never invoiced
L02538,UNBILLED_ORDER,O025827,O025827,1222.65,1,delivered order never invoiced
L02539,UNBILLED_ORDER,O039837,O039837,1448.0,1,delivered order never invoiced
L02540,UNBILLED_ORDER,O043834,O043834,2552.65,1,delivered order never invoiced
L02541,UNBILLED_ORDER,O025374,O025374,8347.65,1,delivered order never invoiced
L02542,UNBILLED_ORDER,O024949,O024949,1548.55,1,delivered order never invoiced
L02543,UNBILLED_ORDER,O005926,O005926,529.0,1,delivered order never invoiced
L02544,UNBILLED_ORDER,O025682,O025682,2564.15,1,delivered order never invoiced
L02545,UNBILLED_ORDER,O015344,O015344,1449.0,1,delivered order never invoiced
L02546,UNBILLED_ORDER,O010521,O010521,2450.05,1,delivered order never invoiced
L02547,UNBILLED_ORDER,O047370,O047370,1626.2,1,delivered order never invoiced
L02548,UNBILLED_ORDER,O003570,O003570,422.1,1,delivered order never invoiced
L02549,UNBILLED_ORDER,O037428,O037428,683.05,1,delivered order never invoiced
L02550,UNBILLED_ORDER,O020694,O020694,3453.6,1,delivered order never invoiced
L02551,UNBILLED_ORDER,O025405,O025405,1870.2,1,delivered order never invoiced
L02552,UNBILLED_ORDER,O006708,O006708,1627.2,1,delivered order never invoiced
L02553,UNBILLED_ORDER,O010649,O010649,569.0,1,delivered order never invoiced
L02554,UNBILLED_ORDER,O047741,O047741,1538.05,1,delivered order never invoiced
L02555,UNBILLED_ORDER,O013959,O013959,4419.65,1,delivered order never invoiced
L02556,UNBILLED_ORDER,O033629,O033629,4066.65,1,delivered order never invoiced
L02557,UNBILLED_ORDER,O027575,O027575,647.1,1,delivered order never invoiced
L02558,UNBILLED_ORDER,O015199,O015199,2348.2,1,delivered order never invoiced
L02559,UNBILLED_ORDER,O029814,O029814,628.15,1,delivered order never invoiced
L02560,UNBILLED_ORDER,O008353,O008353,585.65,1,delivered order never invoiced
L02561,UNBILLED_ORDER,O027106,O027106,1010.65,1,delivered order never invoiced
L02562,UNBILLED_ORDER,O040191,O040191,2719.0,1,delivered order never invoiced
L02563,UNBILLED_ORDER,O003710,O003710,939.0,1,delivered order never invoiced
L02564,UNBILLED_ORDER,O008952,O008952,263.2,1,delivered order never invoiced
L02565,UNBILLED_ORDER,O010983,O010983,7737.0,1,delivered order never invoiced
L02566,UNBILLED_ORDER,O030961,O030961,689.0,1,delivered order never invoiced
L02567,UNBILLED_ORDER,O034550,O034550,739.0,1,delivered order never invoiced
L02568,UNBILLED_ORDER,O030541,O030541,2638.0,1,delivered order never invoiced
L02569,UNBILLED_ORDER,O025642,O025642,4140.8,1,delivered order never invoiced
L02570,UNBILLED_ORDER,O031623,O031623,6639.0,1,delivered order never invoiced
L02571,UNBILLED_ORDER,O019651,O019651,1619.4,1,delivered order never invoiced
L02572,UNBILLED_ORDER,O005907,O005907,620.1,1,delivered order never invoiced
L02573,UNBILLED_ORDER,O015281,O015281,1489.0,1,delivered order never invoiced
L02574,UNBILLED_ORDER,O001308,O001308,628.15,1,delivered order never invoiced
L02575,UNBILLED_ORDER,O029305,O029305,979.0,1,delivered order never invoiced
L02576,UNBILLED_ORDER,O013007,O013007,3846.0,1,delivered order never invoiced
L02577,UNBILLED_ORDER,O044856,O044856,2599.2,1,delivered order never invoiced
L02578,UNBILLED_ORDER,O041684,O041684,2956.85,1,delivered order never invoiced
L02579,UNBILLED_ORDER,O015040,O015040,1266.3,1,delivered order never invoiced
L02580,UNBILLED_ORDER,O010890,O010890,3335.2,1,delivered order never invoiced
L02581,UNBILLED_ORDER,O047662,O047662,4071.5,1,delivered order never invoiced
L02582,UNBILLED_ORDER,O019807,O019807,2211.75,1,delivered order never invoiced
L02583,UNBILLED_ORDER,O006901,O006901,629.1,1,delivered order never invoiced
L02584,UNBILLED_ORDER,O034121,O034121,1583.25,1,delivered order never invoiced
L02585,UNBILLED_ORDER,O010333,O010333,1847.15,1,delivered order never invoiced
L02586,UNBILLED_ORDER,O040605,O040605,1870.55,1,delivered order never invoiced
L02587,UNBILLED_ORDER,O033634,O033634,1408.2,1,delivered order never invoiced
L02588,UNBILLED_ORDER,O015264,O015264,3796.0,1,delivered order never invoiced
L02589,UNBILLED_ORDER,O019638,O019638,1129.35,1,delivered order never invoiced
L02590,UNBILLED_ORDER,O043827,O043827,288.15,1,delivered order never invoiced
L02591,UNBILLED_ORDER,O015743,O015743,1628.0,1,delivered order never invoiced
L02592,UNBILLED_ORDER,O030764,O030764,377.1,1,delivered order never invoiced
L02593,UNBILLED_ORDER,O015993,O015993,246.05,1,delivered order never invoiced
L02594,UNBILLED_ORDER,O023311,O023311,2056.15,1,delivered order never invoiced
L02595,UNBILLED_ORDER,O043177,O043177,1129.55,1,delivered order never invoiced
L02596,UNBILLED_ORDER,O025501,O025501,1813.55,1,delivered order never invoiced
L02597,UNBILLED_ORDER,O047213,O047213,1160.1,1,delivered order never invoiced
L02598,UNBILLED_ORDER,O040886,O040886,890.1,1,delivered order never invoiced
L02599,UNBILLED_ORDER,O021307,O021307,4550.5,1,delivered order never invoiced
L02600,UNBILLED_ORDER,O022532,O022532,881.3,1,delivered order never invoiced
L02601,UNBILLED_ORDER,O005451,O005451,899.3,1,delivered order never invoiced
L02602,UNBILLED_ORDER,O006520,O006520,349.0,1,delivered order never invoiced
L02603,UNBILLED_ORDER,O026227,O026227,449.65,1,delivered order never invoiced
L02604,UNBILLED_ORDER,O023197,O023197,1614.15,1,delivered order never invoiced
L02605,UNBILLED_ORDER,O020476,O020476,516.75,1,delivered order never invoiced
L02606,UNBILLED_ORDER,O008773,O008773,305.15,1,delivered order never invoiced
L02607,UNBILLED_ORDER,O036174,O036174,3600.15,1,delivered order never invoiced
L02608,UNBILLED_ORDER,O019178,O019178,476.1,1,delivered order never invoiced
L02609,UNBILLED_ORDER,O042952,O042952,2929.0,1,delivered order never invoiced
L02610,UNBILLED_ORDER,O044252,O044252,639.0,1,delivered order never invoiced
L02611,UNBILLED_ORDER,O010055,O010055,1319.0,1,delivered order never invoiced
L02612,UNBILLED_ORDER,O011198,O011198,3023.15,1,delivered order never invoiced
L02613,UNBILLED_ORDER,O048479,O048479,1807.0,1,delivered order never invoiced
L02614,UNBILLED_ORDER,O007870,O007870,1238.0,1,delivered order never invoiced
L02615,UNBILLED_ORDER,O044185,O044185,884.25,1,delivered order never invoiced
L02616,UNBILLED_ORDER,O037523,O037523,1459.0,1,delivered order never invoiced
L02617,UNBILLED_ORDER,O013796,O013796,2597.35,1,delivered order never invoiced
L02618,UNBILLED_ORDER,O042938,O042938,939.0,1,delivered order never invoiced
L02619,UNBILLED_ORDER,O049057,O049057,1292.55,1,delivered order never invoiced
L02620,UNBILLED_ORDER,O039284,O039284,1969.0,1,delivered order never invoiced
L02621,UNBILLED_ORDER,O032516,O032516,1869.0,1,delivered order never invoiced
L02622,UNBILLED_ORDER,O021572,O021572,5086.8,1,delivered order never invoiced
L02623,UNBILLED_ORDER,O001178,O001178,647.1,1,delivered order never invoiced
L02624,UNBILLED_ORDER,O042183,O042183,1214.2,1,delivered order never invoiced
L02625,UNBILLED_ORDER,O036275,O036275,989.1,1,delivered order never invoiced
L02626,UNBILLED_ORDER,O030862,O030862,4176.2,1,delivered order never invoiced
L02627,UNBILLED_ORDER,O028207,O028207,2609.15,1,delivered order never invoiced
L02628,UNBILLED_ORDER,O015968,O015968,1478.0,1,delivered order never invoiced
L02629,UNBILLED_ORDER,O034344,O034344,1089.0,1,delivered order never invoiced
L02630,UNBILLED_ORDER,O026779,O026779,934.15,1,delivered order never invoiced
L02631,UNBILLED_ORDER,O039353,O039353,1010.65,1,delivered order never invoiced
L02632,UNBILLED_ORDER,O001470,O001470,1304.1,1,delivered order never invoiced
L02633,UNBILLED_ORDER,O045433,O045433,4787.6,1,delivered order never invoiced
L02634,UNBILLED_ORDER,O011927,O011927,777.1,1,delivered order never invoiced
L02635,UNBILLED_ORDER,O022745,O022745,4229.2,1,delivered order never invoiced
L02636,UNBILLED_ORDER,O003163,O003163,543.15,1,delivered order never invoiced
L02637,UNBILLED_ORDER,O036352,O036352,208.05,1,delivered order never invoiced
L02638,UNBILLED_ORDER,O023908,O023908,551.2,1,delivered order never invoiced
L02639,UNBILLED_ORDER,O012287,O012287,2268.6,1,delivered order never invoiced
L02640,UNBILLED_ORDER,O041326,O041326,2065.75,1,delivered order never invoiced
L02641,UNBILLED_ORDER,O012290,O012290,755.1,1,delivered order never invoiced
L02642,UNBILLED_ORDER,O041130,O041130,1160.1,1,delivered order never invoiced
L02643,UNBILLED_ORDER,O046962,O046962,1119.0,1,delivered order never invoiced
L02644,UNBILLED_ORDER,O028592,O028592,5219.2,1,delivered order never invoiced
L02645,UNBILLED_ORDER,O015613,O015613,1399.0,1,delivered order never invoiced
L02646,UNBILLED_ORDER,O006022,O006022,1319.0,1,delivered order never invoiced
L02647,UNBILLED_ORDER,O045299,O045299,1330.2,1,delivered order never invoiced
L02648,UNBILLED_ORDER,O036028,O036028,1223.1,1,delivered order never invoiced
L02649,UNBILLED_ORDER,O012029,O012029,709.0,1,delivered order never invoiced
L02650,UNBILLED_ORDER,O032384,O032384,1595.2,1,delivered order never invoiced
L02651,UNBILLED_ORDER,O046678,O046678,3100.4,1,delivered order never invoiced
L02652,UNBILLED_ORDER,O032287,O032287,1404.1,1,delivered order never invoiced
L02653,UNBILLED_ORDER,O011269,O011269,483.65,1,delivered order never invoiced
L02654,UNBILLED_ORDER,O012315,O012315,5158.0,1,delivered order never invoiced
L02655,UNBILLED_ORDER,O025700,O025700,1874.7,1,delivered order never invoiced
L02656,UNBILLED_ORDER,O031705,O031705,780.3,1,delivered order never invoiced
L02657,UNBILLED_ORDER,O046150,O046150,1827.2,1,delivered order never invoiced
L02658,UNBILLED_ORDER,O030874,O030874,521.1,1,delivered order never invoiced
L02659,UNBILLED_ORDER,O039295,O039295,1558.0,1,delivered order never invoiced
L02660,UNBILLED_ORDER,O017328,O017328,2867.1,1,delivered order never invoiced
L02661,UNBILLED_ORDER,O011990,O011990,3210.3,1,delivered order never invoiced
L02662,UNBILLED_ORDER,O020919,O020919,798.15,1,delivered order never invoiced
L02663,UNBILLED_ORDER,O017391,O017391,469.0,1,delivered order never invoiced
L02664,UNBILLED_ORDER,O014729,O014729,636.65,1,delivered order never invoiced
L02665,UNBILLED_ORDER,O023056,O023056,1775.55,1,delivered order never invoiced
L02666,UNBILLED_ORDER,O002425,O002425,1707.55,1,delivered order never invoiced
L02667,UNBILLED_ORDER,O033892,O033892,194.25,1,delivered order never invoiced
L02668,UNBILLED_ORDER,O038942,O038942,989.0,1,delivered order never invoiced
L02669,UNBILLED_ORDER,O001669,O001669,557.1,1,delivered order never invoiced
L02670,UNBILLED_ORDER,O005169,O005169,4069.35,1,delivered order never invoiced
L02671,UNBILLED_ORDER,O015757,O015757,1878.0,1,delivered order never invoiced
L02672,UNBILLED_ORDER,O045095,O045095,1189.0,1,delivered order never invoiced
L02673,UNBILLED_ORDER,O045708,O045708,2552.55,1,delivered order never invoiced
L02674,UNBILLED_ORDER,O008945,O008945,5105.0,1,delivered order never invoiced
L02675,UNBILLED_ORDER,O022702,O022702,220.15,1,delivered order never invoiced
L02676,UNBILLED_ORDER,O023733,O023733,591.2,1,delivered order never invoiced
L02677,UNBILLED_ORDER,O043655,O043655,3287.3,1,delivered order never invoiced
L02678,UNBILLED_ORDER,O014612,O014612,4486.3,1,delivered order never invoiced
L02679,UNBILLED_ORDER,O009915,O009915,934.15,1,delivered order never invoiced
L02680,UNBILLED_ORDER,O016667,O016667,359.1,1,delivered order never invoiced
L02681,UNBILLED_ORDER,O041623,O041623,4117.05,1,delivered order never invoiced
L02682,UNBILLED_ORDER,O039532,O039532,739.0,1,delivered order never invoiced
L02683,UNBILLED_ORDER,O036881,O036881,979.0,1,delivered order never invoiced
L02684,UNBILLED_ORDER,O040713,O040713,373.15,1,delivered order never invoiced
L02685,UNBILLED_ORDER,O044625,O044625,6912.1,1,delivered order never invoiced
L02686,UNBILLED_ORDER,O041399,O041399,3741.75,1,delivered order never invoiced
L02687,UNBILLED_ORDER,O042150,O042150,721.05,1,delivered order never invoiced
L02688,UNBILLED_ORDER,O006327,O006327,647.1,1,delivered order never invoiced
L02689,UNBILLED_ORDER,O020576,O020576,989.1,1,delivered order never invoiced
L02690,UNBILLED_ORDER,O018435,O018435,575.2,1,delivered order never invoiced
L02691,UNBILLED_ORDER,O013169,O013169,1896.1,1,delivered order never invoiced
L02692,UNBILLED_ORDER,O019367,O019367,845.1,1,delivered order never invoiced
L02693,UNBILLED_ORDER,O012879,O012879,689.0,1,delivered order never invoiced
L02694,UNBILLED_ORDER,O026439,O026439,4371.3,1,delivered order never invoiced
L02695,UNBILLED_ORDER,O035464,O035464,5447.25,1,delivered order never invoiced
L02696,UNBILLED_ORDER,O010082,O010082,1070.1,1,delivered order never invoiced
L02697,UNBILLED_ORDER,O037301,O037301,1394.6,1,delivered order never invoiced
L02698,UNBILLED_ORDER,O000871,O000871,1359.0,1,delivered order never invoiced
L02699,UNBILLED_ORDER,O040067,O040067,1809.1,1,delivered order never invoiced
L02700,UNBILLED_ORDER,O026031,O026031,1248.65,1,delivered order never invoiced
L02701,UNBILLED_ORDER,O043882,O043882,10060.5,1,delivered order never invoiced
L02702,UNBILLED_ORDER,O012624,O012624,683.05,1,delivered order never invoiced
L02703,UNBILLED_ORDER,O043738,O043738,8254.2,1,delivered order never invoiced
L02704,UNBILLED_ORDER,O048716,O048716,575.1,1,delivered order never invoiced
L02705,UNBILLED_ORDER,O028031,O028031,3168.2,1,delivered order never invoiced
L02706,UNBILLED_ORDER,O000377,O000377,456.75,1,delivered order never invoiced
L02707,UNBILLED_ORDER,O013269,O013269,1423.7,1,delivered order never invoiced
L02708,UNBILLED_ORDER,O017473,O017473,259.0,1,delivered order never invoiced
L02709,UNBILLED_ORDER,O019524,O019524,1329.05,1,delivered order never invoiced
L02710,UNBILLED_ORDER,O039579,O039579,1449.0,1,delivered order never invoiced
L02711,UNBILLED_ORDER,O042635,O042635,711.55,1,delivered order never invoiced
L02712,UNBILLED_ORDER,O042633,O042633,654.55,1,delivered order never invoiced
L02713,UNBILLED_ORDER,O007094,O007094,1114.2,1,delivered order never invoiced
L02714,UNBILLED_ORDER,O017004,O017004,449.65,1,delivered order never invoiced
L02715,UNBILLED_ORDER,O045152,O045152,2488.0,1,delivered order never invoiced
L02716,UNBILLED_ORDER,O010547,O010547,2146.05,1,delivered order never invoiced
L02717,UNBILLED_ORDER,O020675,O020675,988.2,1,delivered order never invoiced
L02718,UNBILLED_ORDER,O048882,O048882,1099.0,1,delivered order never invoiced
L02719,UNBILLED_ORDER,O012818,O012818,1376.55,1,delivered order never invoiced
L02720,UNBILLED_ORDER,O029950,O029950,1439.0,1,delivered order never invoiced
L02721,UNBILLED_ORDER,O013984,O013984,487.2,1,delivered order never invoiced
L02722,UNBILLED_ORDER,O038540,O038540,1796.75,1,delivered order never invoiced
L02723,UNBILLED_ORDER,O042041,O042041,628.15,1,delivered order never invoiced
L02724,UNBILLED_ORDER,O031754,O031754,872.1,1,delivered order never invoiced
L02725,UNBILLED_ORDER,O045832,O045832,4478.1,1,delivered order never invoiced
L02726,UNBILLED_ORDER,O002791,O002791,1313.1,1,delivered order never invoiced
L02727,UNBILLED_ORDER,O010095,O010095,2183.65,1,delivered order never invoiced
L02728,UNBILLED_ORDER,O045387,O045387,1868.65,1,delivered order never invoiced
L02729,UNBILLED_ORDER,O036378,O036378,2344.2,1,delivered order never invoiced
L02730,UNBILLED_ORDER,O047690,O047690,2078.0,1,delivered order never invoiced
L02731,UNBILLED_ORDER,O031001,O031001,1119.2,1,delivered order never invoiced
L02732,UNBILLED_ORDER,O003208,O003208,2827.05,1,delivered order never invoiced
L02733,UNBILLED_ORDER,O027573,O027573,246.75,1,delivered order never invoiced
L02734,UNBILLED_ORDER,O012464,O012464,540.55,1,delivered order never invoiced
L02735,UNBILLED_ORDER,O025082,O025082,396.75,1,delivered order never invoiced
L02736,UNBILLED_ORDER,O026048,O026048,4077.0,1,delivered order never invoiced
L02737,UNBILLED_ORDER,O001980,O001980,755.1,1,delivered order never invoiced
L02738,UNBILLED_ORDER,O019233,O019233,4472.45,1,delivered order never invoiced
L02739,UNBILLED_ORDER,O012709,O012709,839.0,1,delivered order never invoiced
L02740,UNBILLED_ORDER,O038624,O038624,2397.4,1,delivered order never invoiced
L02741,UNBILLED_ORDER,O037341,O037341,4372.2,1,delivered order never invoiced
L02742,UNBILLED_ORDER,O018206,O018206,449.65,1,delivered order never invoiced
L02743,UNBILLED_ORDER,O037493,O037493,5518.25,1,delivered order never invoiced
L02744,UNBILLED_ORDER,O046607,O046607,639.0,1,delivered order never invoiced
L02745,UNBILLED_ORDER,O011781,O011781,3027.0,1,delivered order never invoiced
L02746,UNBILLED_ORDER,O009412,O009412,719.0,1,delivered order never invoiced
L02747,UNBILLED_ORDER,O028931,O028931,1977.75,1,delivered order never invoiced
L02748,UNBILLED_ORDER,O023672,O023672,2196.1,1,delivered order never invoiced
L02749,UNBILLED_ORDER,O001124,O001124,3088.5,1,delivered order never invoiced
L02750,UNBILLED_ORDER,O031193,O031193,4556.2,1,delivered order never invoiced
L02751,UNBILLED_ORDER,O025833,O025833,702.05,1,delivered order never invoiced
L02752,UNBILLED_ORDER,O029390,O029390,8404.65,1,delivered order never invoiced
L02753,UNBILLED_ORDER,O021175,O021175,713.15,1,delivered order never invoiced
L02754,UNBILLED_ORDER,O040657,O040657,568.65,1,delivered order never invoiced
L02755,UNBILLED_ORDER,O032360,O032360,3382.1,1,delivered order never invoiced
L02756,UNBILLED_ORDER,O037692,O037692,7149.15,1,delivered order never invoiced
L02757,UNBILLED_ORDER,O049136,O049136,4884.25,1,delivered order never invoiced
L02758,UNBILLED_ORDER,O042795,O042795,689.0,1,delivered order never invoiced
L02759,UNBILLED_ORDER,O042462,O042462,4918.15,1,delivered order never invoiced
L02760,UNBILLED_ORDER,O040855,O040855,1010.65,1,delivered order never invoiced
L02761,UNBILLED_ORDER,O001047,O001047,1753.15,1,delivered order never invoiced
L02762,UNBILLED_ORDER,O028446,O028446,5544.4,1,delivered order never invoiced
L02763,UNBILLED_ORDER,O010027,O010027,2519.15,1,delivered order never invoiced
L02764,UNBILLED_ORDER,O045082,O045082,840.65,1,delivered order never invoiced
L02765,UNBILLED_ORDER,O027282,O027282,5530.35,1,delivered order never invoiced
L02766,UNBILLED_ORDER,O028215,O028215,2558.0,1,delivered order never invoiced
L02767,UNBILLED_ORDER,O035782,O035782,3125.15,1,delivered order never invoiced
L02768,UNBILLED_ORDER,O031357,O031357,703.8,1,delivered order never invoiced
L02769,UNBILLED_ORDER,O018174,O018174,2591.1,1,delivered order never invoiced
L02770,UNBILLED_ORDER,O023640,O023640,849.15,1,delivered order never invoiced
L02771,UNBILLED_ORDER,O009966,O009966,2579.0,1,delivered order never invoiced
L02772,UNBILLED_ORDER,O006502,O006502,1058.0,1,delivered order never invoiced
L02773,UNBILLED_ORDER,O005298,O005298,1069.0,1,delivered order never invoiced
L02774,UNBILLED_ORDER,O042367,O042367,942.65,1,delivered order never invoiced
L02775,UNBILLED_ORDER,O041350,O041350,2885.1,1,delivered order never invoiced
L02776,UNBILLED_ORDER,O008946,O008946,2648.0,1,delivered order never invoiced
L02777,UNBILLED_ORDER,O003319,O003319,551.2,1,delivered order never invoiced
L02778,UNBILLED_ORDER,O016553,O016553,1189.15,1,delivered order never invoiced
L02779,UNBILLED_ORDER,O004217,O004217,1588.65,1,delivered order never invoiced
L02780,UNBILLED_ORDER,O019858,O019858,1758.15,1,delivered order never invoiced
L02781,UNBILLED_ORDER,O040651,O040651,1079.25,1,delivered order never invoiced
L02782,UNBILLED_ORDER,O006945,O006945,1772.65,1,delivered order never invoiced
L02783,UNBILLED_ORDER,O031307,O031307,1059.75,1,delivered order never invoiced
L02784,UNBILLED_ORDER,O026443,O026443,1240.15,1,delivered order never invoiced
L02785,UNBILLED_ORDER,O016351,O016351,1528.2,1,delivered order never invoiced
L02786,UNBILLED_ORDER,O011833,O011833,3038.4,1,delivered order never invoiced
L02787,UNBILLED_ORDER,O034725,O034725,464.25,1,delivered order never invoiced
L02788,UNBILLED_ORDER,O028142,O028142,7293.15,1,delivered order never invoiced
L02789,UNBILLED_ORDER,O004616,O004616,2024.1,1,delivered order never invoiced
L02790,UNBILLED_ORDER,O015042,O015042,1129.55,1,delivered order never invoiced
L02791,UNBILLED_ORDER,O023280,O023280,4426.2,1,delivered order never invoiced
L02792,UNBILLED_ORDER,O035210,O035210,1861.55,1,delivered order never invoiced
L02793,UNBILLED_ORDER,O024003,O024003,602.1,1,delivered order never invoiced
L02794,UNBILLED_ORDER,O024056,O024056,455.2,1,delivered order never invoiced
L02795,UNBILLED_ORDER,O016665,O016665,719.0,1,delivered order never invoiced
L02796,UNBILLED_ORDER,O001385,O001385,1625.15,1,delivered order never invoiced
L02797,UNBILLED_ORDER,O033096,O033096,2579.0,1,delivered order never invoiced
L02798,UNBILLED_ORDER,O033769,O033769,1775.2,1,delivered order never invoiced
L02799,UNBILLED_ORDER,O003429,O003429,3173.1,1,delivered order never invoiced
L02800,UNBILLED_ORDER,O046433,O046433,989.0,1,delivered order never invoiced
L02801,UNBILLED_ORDER,O041912,O041912,1189.0,1,delivered order never invoiced
L02802,UNBILLED_ORDER,O029670,O029670,1367.05,1,delivered order never invoiced
L02803,UNBILLED_ORDER,O009920,O009920,2946.0,1,delivered order never invoiced
L02804,UNBILLED_ORDER,O019960,O019960,2222.3,1,delivered order never invoiced
L02805,UNBILLED_ORDER,O028550,O028550,3720.45,1,delivered order never invoiced
L02806,UNBILLED_ORDER,O012579,O012579,3913.95,1,delivered order never invoiced
L02807,UNBILLED_ORDER,O003988,O003988,2330.65,1,delivered order never invoiced
L02808,UNBILLED_ORDER,O045455,O045455,951.15,1,delivered order never invoiced
L02809,UNBILLED_ORDER,O031537,O031537,1189.0,1,delivered order never invoiced
L02810,UNBILLED_ORDER,O045201,O045201,2573.1,1,delivered order never invoiced
L02811,UNBILLED_ORDER,O025946,O025946,2016.45,1,delivered order never invoiced
L02812,UNBILLED_ORDER,O044990,O044990,557.1,1,delivered order never invoiced
L02813,UNBILLED_ORDER,O002541,O002541,1507.65,1,delivered order never invoiced
L02814,UNBILLED_ORDER,O015351,O015351,719.0,1,delivered order never invoiced
L02815,UNBILLED_ORDER,O039521,O039521,719.0,1,delivered order never invoiced
L02816,UNBILLED_ORDER,O003215,O003215,619.0,1,delivered order never invoiced
L02817,UNBILLED_ORDER,O036041,O036041,3235.1,1,delivered order never invoiced
L02818,UNBILLED_ORDER,O004502,O004502,2568.2,1,delivered order never invoiced
L02819,UNBILLED_ORDER,O030146,O030146,755.1,1,delivered order never invoiced
L02820,UNBILLED_ORDER,O000107,O000107,796.1,1,delivered order never invoiced
L02821,UNBILLED_ORDER,O016380,O016380,1340.1,1,delivered order never invoiced
L02822,UNBILLED_ORDER,O040279,O040279,2879.0,1,delivered order never invoiced
L02823,UNBILLED_ORDER,O031447,O031447,1138.0,1,delivered order never invoiced
L02824,UNBILLED_ORDER,O035989,O035989,3382.65,1,delivered order never invoiced
L02825,UNBILLED_ORDER,O044247,O044247,2063.2,1,delivered order never invoiced
L02826,UNBILLED_ORDER,O038410,O038410,1304.1,1,delivered order never invoiced
L02827,UNBILLED_ORDER,O024353,O024353,4442.0,1,delivered order never invoiced
L02828,UNBILLED_ORDER,O028251,O028251,939.0,1,delivered order never invoiced
L02829,UNBILLED_ORDER,O033154,O033154,3073.25,1,delivered order never invoiced
L02830,UNBILLED_ORDER,O041114,O041114,739.0,1,delivered order never invoiced
L02831,UNBILLED_ORDER,O024882,O024882,396.75,1,delivered order never invoiced
L02832,UNBILLED_ORDER,O016884,O016884,557.1,1,delivered order never invoiced
L02833,UNBILLED_ORDER,O003351,O003351,3653.25,1,delivered order never invoiced
L02834,UNBILLED_ORDER,O007045,O007045,609.0,1,delivered order never invoiced
L02835,UNBILLED_ORDER,O018939,O018939,1155.15,1,delivered order never invoiced
L02836,UNBILLED_ORDER,O043413,O043413,1673.3,1,delivered order never invoiced
L02837,UNBILLED_ORDER,O039840,O039840,2449.35,1,delivered order never invoiced
L02838,UNBILLED_ORDER,O003484,O003484,2590.2,1,delivered order never invoiced
L02839,UNBILLED_ORDER,O005880,O005880,2190.2,1,delivered order never invoiced
L02840,UNBILLED_ORDER,O009692,O009692,1942.25,1,delivered order never invoiced
L02841,UNBILLED_ORDER,O029171,O029171,5768.9,1,delivered order never invoiced
L02842,UNBILLED_ORDER,O037929,O037929,2032.2,1,delivered order never invoiced
L02843,UNBILLED_ORDER,O039849,O039849,3151.55,1,delivered order never invoiced
L02844,UNBILLED_ORDER,O001450,O001450,2240.1,1,delivered order never invoiced
L02845,FAILED_PAYMENT_NO_RETRY,O035738,INV-0033880,2450.05,1,"payment failed, no successful retry"
L02846,FAILED_PAYMENT_NO_RETRY,O023183,INV-0021997,959.65,1,"payment failed, no successful retry"
L02847,FAILED_PAYMENT_NO_RETRY,O040263,INV-0038155,3027.0,1,"payment failed, no successful retry"
L02848,FAILED_PAYMENT_NO_RETRY,O044594,INV-0042290,208.05,1,"payment failed, no successful retry"
L02849,FAILED_PAYMENT_NO_RETRY,O036439,INV-0034534,5017.6,1,"payment failed, no successful retry"
L02850,FAILED_PAYMENT_NO_RETRY,O032024,INV-0030356,1259.0,1,"payment failed, no successful retry"
L02851,FAILED_PAYMENT_NO_RETRY,O040536,INV-0038421,1099.0,1,"payment failed, no successful retry"
L02852,FAILED_PAYMENT_NO_RETRY,O008647,INV-0008184,2216.25,1,"payment failed, no successful retry"
L02853,FAILED_PAYMENT_NO_RETRY,O043927,INV-0041655,7478.1,1,"payment failed, no successful retry"
L02854,FAILED_PAYMENT_NO_RETRY,O048578,INV-0046091,883.15,1,"payment failed, no successful retry"
L02855,FAILED_PAYMENT_NO_RETRY,O009684,INV-0009168,702.05,1,"payment failed, no successful retry"
L02856,FAILED_PAYMENT_NO_RETRY,O039188,INV-0037130,339.0,1,"payment failed, no successful retry"
L02857,FAILED_PAYMENT_NO_RETRY,O018205,INV-0017282,473.85,1,"payment failed, no successful retry"
L02858,FAILED_PAYMENT_NO_RETRY,O000294,INV-0000278,4889.55,1,"payment failed, no successful retry"
L02859,FAILED_PAYMENT_NO_RETRY,O018768,INV-0017817,910.4,1,"payment failed, no successful retry"
L02860,FAILED_PAYMENT_NO_RETRY,O019504,INV-0018516,279.65,1,"payment failed, no successful retry"
L02861,FAILED_PAYMENT_NO_RETRY,O005061,INV-0004793,2591.1,1,"payment failed, no successful retry"
L02862,FAILED_PAYMENT_NO_RETRY,O018999,INV-0018035,3586.15,1,"payment failed, no successful retry"
L02863,FAILED_PAYMENT_NO_RETRY,O002511,INV-0002379,3672.85,1,"payment failed, no successful retry"
L02864,FAILED_PAYMENT_NO_RETRY,O044904,INV-0042591,186.15,1,"payment failed, no successful retry"
L02865,FAILED_PAYMENT_NO_RETRY,O028060,INV-0026608,3375.15,1,"payment failed, no successful retry"
L02866,FAILED_PAYMENT_NO_RETRY,O034683,INV-0032870,2820.3,1,"payment failed, no successful retry"
L02867,FAILED_PAYMENT_NO_RETRY,O018818,INV-0017866,2944.45,1,"payment failed, no successful retry"
L02868,FAILED_PAYMENT_NO_RETRY,O047184,INV-0044764,4201.95,1,"payment failed, no successful retry"
L02869,FAILED_PAYMENT_NO_RETRY,O016530,INV-0015683,1304.1,1,"payment failed, no successful retry"
L02870,FAILED_PAYMENT_NO_RETRY,O028007,INV-0026556,5601.55,1,"payment failed, no successful retry"
L02871,FAILED_PAYMENT_NO_RETRY,O015922,INV-0015110,2097.0,1,"payment failed, no successful retry"
L02872,FAILED_PAYMENT_NO_RETRY,O020335,INV-0019295,1094.25,1,"payment failed, no successful retry"
L02873,FAILED_PAYMENT_NO_RETRY,O044580,INV-0042276,1189.0,1,"payment failed, no successful retry"
L02874,FAILED_PAYMENT_NO_RETRY,O048135,INV-0045669,1291.1,1,"payment failed, no successful retry"
L02875,FAILED_PAYMENT_NO_RETRY,O043179,INV-0040933,2716.2,1,"payment failed, no successful retry"
L02876,FAILED_PAYMENT_NO_RETRY,O001406,INV-0001338,1538.05,1,"payment failed, no successful retry"
L02877,FAILED_PAYMENT_NO_RETRY,O037508,INV-0035546,1126.1,1,"payment failed, no successful retry"
L02878,FAILED_PAYMENT_NO_RETRY,O048011,INV-0045550,1509.0,1,"payment failed, no successful retry"
L02879,FAILED_PAYMENT_NO_RETRY,O019809,INV-0018805,568.65,1,"payment failed, no successful retry"
L02880,FAILED_PAYMENT_NO_RETRY,O009597,INV-0009090,1061.1,1,"payment failed, no successful retry"
L02881,FAILED_PAYMENT_NO_RETRY,O001410,INV-0001342,483.65,1,"payment failed, no successful retry"
L02882,FAILED_PAYMENT_NO_RETRY,O018406,INV-0017473,1676.35,1,"payment failed, no successful retry"
L02883,FAILED_PAYMENT_NO_RETRY,O022079,INV-0020953,1676.35,1,"payment failed, no successful retry"
L02884,FAILED_PAYMENT_NO_RETRY,O006931,INV-0006574,4475.25,1,"payment failed, no successful retry"
L02885,FAILED_PAYMENT_NO_RETRY,O045799,INV-0043441,1196.05,1,"payment failed, no successful retry"
L02886,FAILED_PAYMENT_NO_RETRY,O006347,INV-0006019,1945.6,1,"payment failed, no successful retry"
L02887,FAILED_PAYMENT_NO_RETRY,O047061,INV-0044648,1538.1,1,"payment failed, no successful retry"
L02888,FAILED_PAYMENT_NO_RETRY,O048555,INV-0046069,3260.85,1,"payment failed, no successful retry"
L02889,FAILED_PAYMENT_NO_RETRY,O014641,INV-0013884,4507.1,1,"payment failed, no successful retry"
L02890,FAILED_PAYMENT_NO_RETRY,O048619,INV-0046129,6173.1,1,"payment failed, no successful retry"
L02891,FAILED_PAYMENT_NO_RETRY,O044668,INV-0042363,1179.0,1,"payment failed, no successful retry"
L02892,FAILED_PAYMENT_NO_RETRY,O015456,INV-0014663,1527.2,1,"payment failed, no successful retry"
L02893,FAILED_PAYMENT_NO_RETRY,O032366,INV-0030681,669.0,1,"payment failed, no successful retry"
L02894,FAILED_PAYMENT_NO_RETRY,O013865,INV-0013155,2898.0,1,"payment failed, no successful retry"
L02895,FAILED_PAYMENT_NO_RETRY,O008260,INV-0007818,569.0,1,"payment failed, no successful retry"
L02896,FAILED_PAYMENT_NO_RETRY,O021737,INV-0020624,6909.6,1,"payment failed, no successful retry"
L02897,FAILED_PAYMENT_NO_RETRY,O001182,INV-0001124,699.0,1,"payment failed, no successful retry"
L02898,FAILED_PAYMENT_NO_RETRY,O035976,INV-0034098,1370.2,1,"payment failed, no successful retry"
L02899,FAILED_PAYMENT_NO_RETRY,O025995,INV-0024661,1940.05,1,"payment failed, no successful retry"
L02900,FAILED_PAYMENT_NO_RETRY,O034681,INV-0032868,1775.55,1,"payment failed, no successful retry"
L02901,FAILED_PAYMENT_NO_RETRY,O013264,INV-0012576,1394.1,1,"payment failed, no successful retry"
L02902,FAILED_PAYMENT_NO_RETRY,O028622,INV-0027143,2447.15,1,"payment failed, no successful retry"
L02903,FAILED_PAYMENT_NO_RETRY,O001424,INV-0001356,4964.05,1,"payment failed, no successful retry"
L02904,FAILED_PAYMENT_NO_RETRY,O022746,INV-0021580,920.55,1,"payment failed, no successful retry"
L02905,FAILED_PAYMENT_NO_RETRY,O037191,INV-0035250,1449.0,1,"payment failed, no successful retry"
L02906,FAILED_PAYMENT_NO_RETRY,O046685,INV-0044293,208.05,1,"payment failed, no successful retry"
L02907,FAILED_PAYMENT_NO_RETRY,O036816,INV-0034890,2712.85,1,"payment failed, no successful retry"
L02908,FAILED_PAYMENT_NO_RETRY,O020095,INV-0019072,1336.3,1,"payment failed, no successful retry"
L02909,FAILED_PAYMENT_NO_RETRY,O045507,INV-0043159,890.1,1,"payment failed, no successful retry"
L02910,FAILED_PAYMENT_NO_RETRY,O029785,INV-0028245,958.55,1,"payment failed, no successful retry"
L02911,FAILED_PAYMENT_NO_RETRY,O041985,INV-0039790,6601.8,1,"payment failed, no successful retry"
L02912,FAILED_PAYMENT_NO_RETRY,O046237,INV-0043861,2266.7,1,"payment failed, no successful retry"
L02913,FAILED_PAYMENT_NO_RETRY,O040175,INV-0038072,769.0,1,"payment failed, no successful retry"
L02914,FAILED_PAYMENT_NO_RETRY,O044581,INV-0042277,1253.05,1,"payment failed, no successful retry"
L02915,FAILED_PAYMENT_NO_RETRY,O031444,INV-0029804,654.55,1,"payment failed, no successful retry"
L02916,FAILED_PAYMENT_NO_RETRY,O030059,INV-0028498,5158.0,1,"payment failed, no successful retry"
L02917,FAILED_PAYMENT_NO_RETRY,O023960,INV-0022731,976.65,1,"payment failed, no successful retry"
L02918,FAILED_PAYMENT_NO_RETRY,O001080,INV-0001033,2234.85,1,"payment failed, no successful retry"
L02919,FAILED_PAYMENT_NO_RETRY,O046497,INV-0044114,2076.2,1,"payment failed, no successful retry"
L02920,FAILED_PAYMENT_NO_RETRY,O006447,INV-0006112,1238.0,1,"payment failed, no successful retry"
L02921,FAILED_PAYMENT_NO_RETRY,O019747,INV-0018745,1495.2,1,"payment failed, no successful retry"
L02922,FAILED_PAYMENT_NO_RETRY,O003631,INV-0003444,920.55,1,"payment failed, no successful retry"
L02923,FAILED_PAYMENT_NO_RETRY,O001522,INV-0001451,1778.0,1,"payment failed, no successful retry"
L02924,FAILED_PAYMENT_NO_RETRY,O002606,INV-0002469,569.0,1,"payment failed, no successful retry"
L02925,FAILED_PAYMENT_NO_RETRY,O003183,INV-0003014,1428.3,1,"payment failed, no successful retry"
L02926,FAILED_PAYMENT_NO_RETRY,O009203,INV-0008714,1005.1,1,"payment failed, no successful retry"
L02927,FAILED_PAYMENT_NO_RETRY,O001908,INV-0001813,2511.05,1,"payment failed, no successful retry"
L02928,FAILED_PAYMENT_NO_RETRY,O015851,INV-0015044,2626.0,1,"payment failed, no successful retry"
L02929,FAILED_PAYMENT_NO_RETRY,O011220,INV-0010628,2251.2,1,"payment failed, no successful retry"
L02930,FAILED_PAYMENT_NO_RETRY,O011472,INV-0010869,1039.0,1,"payment failed, no successful retry"
L02931,FAILED_PAYMENT_NO_RETRY,O014965,INV-0014193,1449.0,1,"payment failed, no successful retry"
L02932,FAILED_PAYMENT_NO_RETRY,O005544,INV-0005253,1393.15,1,"payment failed, no successful retry"
L02933,FAILED_PAYMENT_NO_RETRY,O049498,INV-0046967,1709.0,1,"payment failed, no successful retry"
L02934,FAILED_PAYMENT_NO_RETRY,O014359,INV-0013622,5885.85,1,"payment failed, no successful retry"
L02935,FAILED_PAYMENT_NO_RETRY,O034108,INV-0032326,1634.35,1,"payment failed, no successful retry"
L02936,FAILED_PAYMENT_NO_RETRY,O022698,INV-0021535,839.25,1,"payment failed, no successful retry"
L02937,FAILED_PAYMENT_NO_RETRY,O015728,INV-0014923,1393.15,1,"payment failed, no successful retry"
L02938,FAILED_PAYMENT_NO_RETRY,O040025,INV-0037931,1187.1,1,"payment failed, no successful retry"
L02939,FAILED_PAYMENT_NO_RETRY,O031182,INV-0029553,719.0,1,"payment failed, no successful retry"
L02940,FAILED_PAYMENT_NO_RETRY,O032279,INV-0030596,2753.1,1,"payment failed, no successful retry"
L02941,FAILED_PAYMENT_NO_RETRY,O032898,INV-0031179,1119.0,1,"payment failed, no successful retry"
L02942,FAILED_PAYMENT_NO_RETRY,O037013,INV-0035079,2839.55,1,"payment failed, no successful retry"
L02943,FAILED_PAYMENT_NO_RETRY,O002217,INV-0002101,1449.0,1,"payment failed, no successful retry"
L02944,FAILED_PAYMENT_NO_RETRY,O001399,INV-0001331,6067.65,1,"payment failed, no successful retry"
L02945,FAILED_PAYMENT_NO_RETRY,O028741,INV-0027254,3082.1,1,"payment failed, no successful retry"
L02946,FAILED_PAYMENT_NO_RETRY,O039098,INV-0037043,3159.8,1,"payment failed, no successful retry"
L02947,FAILED_PAYMENT_NO_RETRY,O023715,INV-0022494,2304.4,1,"payment failed, no successful retry"
L02948,FAILED_PAYMENT_NO_RETRY,O000421,INV-0000401,3281.65,1,"payment failed, no successful retry"
L02949,FAILED_PAYMENT_NO_RETRY,O015212,INV-0014427,702.05,1,"payment failed, no successful retry"
L02950,FAILED_PAYMENT_NO_RETRY,O044965,INV-0042647,2772.1,1,"payment failed, no successful retry"
L02951,FAILED_PAYMENT_NO_RETRY,O028018,INV-0026567,799.0,1,"payment failed, no successful retry"
L02952,FAILED_PAYMENT_NO_RETRY,O036181,INV-0034293,1567.05,1,"payment failed, no successful retry"
L02953,FAILED_PAYMENT_NO_RETRY,O043037,INV-0040799,620.1,1,"payment failed, no successful retry"
L02954,FAILED_PAYMENT_NO_RETRY,O045980,INV-0043614,6710.3,1,"payment failed, no successful retry"
L02955,FAILED_PAYMENT_NO_RETRY,O006383,INV-0006053,713.15,1,"payment failed, no successful retry"
L02956,FAILED_PAYMENT_NO_RETRY,O039010,INV-0036958,6963.3,1,"payment failed, no successful retry"
L02957,FAILED_PAYMENT_NO_RETRY,O048740,INV-0046244,839.0,1,"payment failed, no successful retry"
L02958,FAILED_PAYMENT_NO_RETRY,O034772,INV-0032956,988.75,1,"payment failed, no successful retry"
L02959,FAILED_PAYMENT_NO_RETRY,O014629,INV-0013872,739.0,1,"payment failed, no successful retry"
L02960,FAILED_PAYMENT_NO_RETRY,O003969,INV-0003765,2895.3,1,"payment failed, no successful retry"
L02961,FAILED_PAYMENT_NO_RETRY,O041025,INV-0038887,3834.05,1,"payment failed, no successful retry"
L02962,FAILED_PAYMENT_NO_RETRY,O031589,INV-0029939,1478.0,1,"payment failed, no successful retry"
L02963,FAILED_PAYMENT_NO_RETRY,O007586,INV-0007196,492.15,1,"payment failed, no successful retry"
L02964,FAILED_PAYMENT_NO_RETRY,O029610,INV-0028082,3454.25,1,"payment failed, no successful retry"
L02965,FAILED_PAYMENT_NO_RETRY,O000534,INV-0000508,2650.05,1,"payment failed, no successful retry"
L02966,FAILED_PAYMENT_NO_RETRY,O016170,INV-0015349,1928.95,1,"payment failed, no successful retry"
L02967,FAILED_PAYMENT_NO_RETRY,O038044,INV-0036043,989.0,1,"payment failed, no successful retry"
L02968,FAILED_PAYMENT_NO_RETRY,O047717,INV-0045276,476.1,1,"payment failed, no successful retry"
L02969,FAILED_PAYMENT_NO_RETRY,O017562,INV-0016669,2375.1,1,"payment failed, no successful retry"
L02970,FAILED_PAYMENT_NO_RETRY,O037307,INV-0035360,892.05,1,"payment failed, no successful retry"
L02971,FAILED_PAYMENT_NO_RETRY,O028074,INV-0026620,3402.2,1,"payment failed, no successful retry"
L02972,FAILED_PAYMENT_NO_RETRY,O033410,INV-0031660,1997.1,1,"payment failed, no successful retry"
L02973,FAILED_PAYMENT_NO_RETRY,O028059,INV-0026607,2063.2,1,"payment failed, no successful retry"
L02974,FAILED_PAYMENT_NO_RETRY,O008280,INV-0007837,2450.05,1,"payment failed, no successful retry"
L02975,FAILED_PAYMENT_NO_RETRY,O002282,INV-0002163,3993.65,1,"payment failed, no successful retry"
L02976,FAILED_PAYMENT_NO_RETRY,O017020,INV-0016150,1985.1,1,"payment failed, no successful retry"
L02977,FAILED_PAYMENT_NO_RETRY,O029412,INV-0027895,839.25,1,"payment failed, no successful retry"
L02978,FAILED_PAYMENT_NO_RETRY,O031455,INV-0029814,939.0,1,"payment failed, no successful retry"
L02979,FAILED_PAYMENT_NO_RETRY,O025006,INV-0023720,7675.3,1,"payment failed, no successful retry"
L02980,FAILED_PAYMENT_NO_RETRY,O028015,INV-0026564,2636.1,1,"payment failed, no successful retry"
L02981,FAILED_PAYMENT_NO_RETRY,O042833,INV-0040606,502.55,1,"payment failed, no successful retry"
L02982,FAILED_PAYMENT_NO_RETRY,O034082,INV-0032302,1295.1,1,"payment failed, no successful retry"
L02983,FAILED_PAYMENT_NO_RETRY,O048823,INV-0046325,881.75,1,"payment failed, no successful retry"
L02984,FAILED_PAYMENT_NO_RETRY,O005324,INV-0005038,4257.0,1,"payment failed, no successful retry"
L02985,FAILED_PAYMENT_NO_RETRY,O042496,INV-0040282,1070.15,1,"payment failed, no successful retry"
L02986,FAILED_PAYMENT_NO_RETRY,O024097,INV-0022858,989.1,1,"payment failed, no successful retry"
L02987,FAILED_PAYMENT_NO_RETRY,O041714,INV-0039534,3360.65,1,"payment failed, no successful retry"
L02988,FAILED_PAYMENT_NO_RETRY,O004767,INV-0004513,3203.55,1,"payment failed, no successful retry"
L02989,FAILED_PAYMENT_NO_RETRY,O048413,INV-0045934,331.55,1,"payment failed, no successful retry"
L02990,FAILED_PAYMENT_NO_RETRY,O002752,INV-0002610,2765.05,1,"payment failed, no successful retry"
L02991,FAILED_PAYMENT_NO_RETRY,O000343,INV-0000325,3673.55,1,"payment failed, no successful retry"
L02992,FAILED_PAYMENT_NO_RETRY,O048812,INV-0046314,4928.1,1,"payment failed, no successful retry"
L02993,FAILED_PAYMENT_NO_RETRY,O036723,INV-0034801,3281.75,1,"payment failed, no successful retry"
L02994,FAILED_PAYMENT_NO_RETRY,O030766,INV-0029162,1816.2,1,"payment failed, no successful retry"
L02995,FAILED_PAYMENT_NO_RETRY,O007878,INV-0007467,259.0,1,"payment failed, no successful retry"
L02996,FAILED_PAYMENT_NO_RETRY,O010263,INV-0009722,1304.1,1,"payment failed, no successful retry"
L02997,FAILED_PAYMENT_NO_RETRY,O022197,INV-0021066,2092.3,1,"payment failed, no successful retry"
L02998,FAILED_PAYMENT_NO_RETRY,O031064,INV-0029438,6012.3,1,"payment failed, no successful retry"
L02999,FAILED_PAYMENT_NO_RETRY,O014339,INV-0013603,2135.6,1,"payment failed, no successful retry"
L03000,FAILED_PAYMENT_NO_RETRY,O045039,INV-0042714,1300.55,1,"payment failed, no successful retry"
L03001,FAILED_PAYMENT_NO_RETRY,O009548,INV-0009041,719.0,1,"payment failed, no successful retry"
L03002,FAILED_PAYMENT_NO_RETRY,O019726,INV-0018725,3677.75,1,"payment failed, no successful retry"
L03003,FAILED_PAYMENT_NO_RETRY,O008669,INV-0008205,649.0,1,"payment failed, no successful retry"
L03004,FAILED_PAYMENT_NO_RETRY,O039231,INV-0037173,429.0,1,"payment failed, no successful retry"
L03005,FAILED_PAYMENT_NO_RETRY,O049759,INV-0047214,469.0,1,"payment failed, no successful retry"
L03006,FAILED_PAYMENT_NO_RETRY,O048297,INV-0045825,5308.3,1,"payment failed, no successful retry"
L03007,FAILED_PAYMENT_NO_RETRY,O034225,INV-0032440,1064.25,1,"payment failed, no successful retry"
L03008,FAILED_PAYMENT_NO_RETRY,O034458,INV-0032662,4886.85,1,"payment failed, no successful retry"
L03009,FAILED_PAYMENT_NO_RETRY,O010885,INV-0010309,4382.45,1,"payment failed, no successful retry"
L03010,FAILED_PAYMENT_NO_RETRY,O008694,INV-0008230,673.55,1,"payment failed, no successful retry"
L03011,FAILED_PAYMENT_NO_RETRY,O008364,INV-0007915,2118.05,1,"payment failed, no successful retry"
L03012,FAILED_PAYMENT_NO_RETRY,O044623,INV-0042318,4357.0,1,"payment failed, no successful retry"
L03013,FAILED_PAYMENT_NO_RETRY,O029391,INV-0027874,2335.1,1,"payment failed, no successful retry"
L03014,FAILED_PAYMENT_NO_RETRY,O006288,INV-0005963,1386.05,1,"payment failed, no successful retry"
L03015,FAILED_PAYMENT_NO_RETRY,O038910,INV-0036865,279.65,1,"payment failed, no successful retry"
L03016,FAILED_PAYMENT_NO_RETRY,O002202,INV-0002086,3360.55,1,"payment failed, no successful retry"
L03017,FAILED_PAYMENT_NO_RETRY,O029201,INV-0027693,3601.25,1,"payment failed, no successful retry"
L03018,FAILED_PAYMENT_NO_RETRY,O015221,INV-0014436,2708.15,1,"payment failed, no successful retry"
L03019,FAILED_PAYMENT_NO_RETRY,O003203,INV-0003031,575.2,1,"payment failed, no successful retry"
L03020,FAILED_PAYMENT_NO_RETRY,O016121,INV-0015302,934.15,1,"payment failed, no successful retry"
L03021,FAILED_PAYMENT_NO_RETRY,O029330,INV-0027817,4696.2,1,"payment failed, no successful retry"
L03022,FAILED_PAYMENT_NO_RETRY,O004139,INV-0003922,3293.2,1,"payment failed, no successful retry"
L03023,FAILED_PAYMENT_NO_RETRY,O019295,INV-0018317,2860.3,1,"payment failed, no successful retry"
L03024,FAILED_PAYMENT_NO_RETRY,O009309,INV-0008812,3238.85,1,"payment failed, no successful retry"
L03025,FAILED_PAYMENT_NO_RETRY,O039750,INV-0037671,1291.05,1,"payment failed, no successful retry"
L03026,FAILED_PAYMENT_NO_RETRY,O009364,INV-0008864,1044.05,1,"payment failed, no successful retry"
L03027,FAILED_PAYMENT_NO_RETRY,O027376,INV-0025957,1187.1,1,"payment failed, no successful retry"
L03028,FAILED_PAYMENT_NO_RETRY,O033515,INV-0031759,729.0,1,"payment failed, no successful retry"
L03029,FAILED_PAYMENT_NO_RETRY,O010725,INV-0010162,529.0,1,"payment failed, no successful retry"
L03030,FAILED_PAYMENT_NO_RETRY,O008691,INV-0008227,7006.0,1,"payment failed, no successful retry"
L03031,FAILED_PAYMENT_NO_RETRY,O013115,INV-0012435,1253.05,1,"payment failed, no successful retry"
L03032,FAILED_PAYMENT_NO_RETRY,O045274,INV-0042938,1747.25,1,"payment failed, no successful retry"
L03033,FAILED_PAYMENT_NO_RETRY,O015671,INV-0014868,719.0,1,"payment failed, no successful retry"
L03034,FAILED_PAYMENT_NO_RETRY,O021655,INV-0020545,1227.0,1,"payment failed, no successful retry"
L03035,FAILED_PAYMENT_NO_RETRY,O011150,INV-0010561,635.55,1,"payment failed, no successful retry"
L03036,FAILED_PAYMENT_NO_RETRY,O035491,INV-0033649,2879.0,1,"payment failed, no successful retry"
L03037,FAILED_PAYMENT_NO_RETRY,O049871,INV-0047321,5474.05,1,"payment failed, no successful retry"
L03038,FAILED_PAYMENT_NO_RETRY,O040592,INV-0038476,1160.1,1,"payment failed, no successful retry"
L03039,FAILED_PAYMENT_NO_RETRY,O037106,INV-0035167,2558.0,1,"payment failed, no successful retry"
L03040,FAILED_PAYMENT_NO_RETRY,O024251,INV-0023003,588.05,1,"payment failed, no successful retry"
L03041,FAILED_PAYMENT_NO_RETRY,O039693,INV-0037617,1119.0,1,"payment failed, no successful retry"
L03042,FAILED_PAYMENT_NO_RETRY,O015320,INV-0014531,611.15,1,"payment failed, no successful retry"
L03043,FAILED_PAYMENT_NO_RETRY,O013574,INV-0012875,920.55,1,"payment failed, no successful retry"
L03044,FAILED_PAYMENT_NO_RETRY,O049415,INV-0046888,1289.0,1,"payment failed, no successful retry"
L03045,FAILED_PAYMENT_NO_RETRY,O012979,INV-0012304,2056.15,1,"payment failed, no successful retry"
L03046,FAILED_PAYMENT_NO_RETRY,O014683,INV-0013922,1618.0,1,"payment failed, no successful retry"
L03047,FAILED_PAYMENT_NO_RETRY,O046474,INV-0044093,449.65,1,"payment failed, no successful retry"
L03048,FAILED_PAYMENT_NO_RETRY,O039906,INV-0037818,872.1,1,"payment failed, no successful retry"
L03049,FAILED_PAYMENT_NO_RETRY,O039947,INV-0037859,1459.0,1,"payment failed, no successful retry"
L03050,FAILED_PAYMENT_NO_RETRY,O037610,INV-0035640,898.2,1,"payment failed, no successful retry"
L03051,FAILED_PAYMENT_NO_RETRY,O008277,INV-0007835,3690.05,1,"payment failed, no successful retry"
L03052,FAILED_PAYMENT_NO_RETRY,O016572,INV-0015725,713.15,1,"payment failed, no successful retry"
L03053,FAILED_PAYMENT_NO_RETRY,O014547,INV-0013795,872.1,1,"payment failed, no successful retry"
L03054,FAILED_PAYMENT_NO_RETRY,O026574,INV-0025206,4507.0,1,"payment failed, no successful retry"
L03055,FAILED_PAYMENT_NO_RETRY,O002212,INV-0002096,1240.15,1,"payment failed, no successful retry"
L03056,FAILED_PAYMENT_NO_RETRY,O037479,INV-0035517,1299.75,1,"payment failed, no successful retry"
L03057,FAILED_PAYMENT_NO_RETRY,O046704,INV-0044310,1678.0,1,"payment failed, no successful retry"
L03058,FAILED_PAYMENT_NO_RETRY,O042746,INV-0040521,1158.3,1,"payment failed, no successful retry"
L03059,FAILED_PAYMENT_NO_RETRY,O025767,INV-0024443,2815.95,1,"payment failed, no successful retry"
L03060,FAILED_PAYMENT_NO_RETRY,O018561,INV-0017622,797.05,1,"payment failed, no successful retry"
L03061,FAILED_PAYMENT_NO_RETRY,O025518,INV-0024204,575.2,1,"payment failed, no successful retry"
L03062,FAILED_PAYMENT_NO_RETRY,O038461,INV-0036435,1935.2,1,"payment failed, no successful retry"
L03063,FAILED_PAYMENT_NO_RETRY,O003147,INV-0002980,2667.0,1,"payment failed, no successful retry"
L03064,FAILED_PAYMENT_NO_RETRY,O022588,INV-0021435,1386.75,1,"payment failed, no successful retry"
L03065,FAILED_PAYMENT_NO_RETRY,O008185,INV-0007750,1969.0,1,"payment failed, no successful retry"
L03066,FAILED_PAYMENT_NO_RETRY,O011260,INV-0010666,1838.1,1,"payment failed, no successful retry"
L03067,FAILED_PAYMENT_NO_RETRY,O011097,INV-0010512,1836.85,1,"payment failed, no successful retry"
L03068,FAILED_PAYMENT_NO_RETRY,O027586,INV-0026154,2751.4,1,"payment failed, no successful retry"
L03069,FAILED_PAYMENT_NO_RETRY,O043729,INV-0041466,711.55,1,"payment failed, no successful retry"
L03070,FAILED_PAYMENT_NO_RETRY,O044155,INV-0041869,1050.1,1,"payment failed, no successful retry"
L03071,FAILED_PAYMENT_NO_RETRY,O027834,INV-0026390,3504.75,1,"payment failed, no successful retry"
L03072,FAILED_PAYMENT_NO_RETRY,O027775,INV-0026333,3086.55,1,"payment failed, no successful retry"
L03073,FAILED_PAYMENT_NO_RETRY,O042735,INV-0040511,7202.2,1,"payment failed, no successful retry"
L03074,FAILED_PAYMENT_NO_RETRY,O045945,INV-0043579,2431.1,1,"payment failed, no successful retry"
L03075,FAILED_PAYMENT_NO_RETRY,O046559,INV-0044173,492.15,1,"payment failed, no successful retry"
L03076,FAILED_PAYMENT_NO_RETRY,O005599,INV-0005304,1966.4,1,"payment failed, no successful retry"
L03077,FAILED_PAYMENT_NO_RETRY,O005357,INV-0005071,3278.0,1,"payment failed, no successful retry"
L03078,FAILED_PAYMENT_NO_RETRY,O020990,INV-0019917,611.1,1,"payment failed, no successful retry"
L03079,FAILED_PAYMENT_NO_RETRY,O048165,INV-0045698,2303.2,1,"payment failed, no successful retry"
L03080,FAILED_PAYMENT_NO_RETRY,O033646,INV-0031886,2817.0,1,"payment failed, no successful retry"
L03081,FAILED_PAYMENT_NO_RETRY,O012847,INV-0012177,349.0,1,"payment failed, no successful retry"
L03082,FAILED_PAYMENT_NO_RETRY,O000257,INV-0000244,683.05,1,"payment failed, no successful retry"
L03083,FAILED_PAYMENT_NO_RETRY,O047032,INV-0044620,569.0,1,"payment failed, no successful retry"
L03084,FAILED_PAYMENT_NO_RETRY,O011051,INV-0010466,791.1,1,"payment failed, no successful retry"
L03085,FAILED_PAYMENT_NO_RETRY,O049834,INV-0047285,2633.3,1,"payment failed, no successful retry"
L03086,FAILED_PAYMENT_NO_RETRY,O036777,INV-0034853,2113.05,1,"payment failed, no successful retry"
L03087,FAILED_PAYMENT_NO_RETRY,O024600,INV-0023336,2045.15,1,"payment failed, no successful retry"
L03088,FAILED_PAYMENT_NO_RETRY,O010024,INV-0009495,1063.05,1,"payment failed, no successful retry"
L03089,FAILED_PAYMENT_NO_RETRY,O038931,INV-0036885,529.0,1,"payment failed, no successful retry"
L03090,FAILED_PAYMENT_NO_RETRY,O039339,INV-0037277,1678.5,1,"payment failed, no successful retry"
L03091,FAILED_PAYMENT_NO_RETRY,O034804,INV-0032986,8228.1,1,"payment failed, no successful retry"
L03092,FAILED_PAYMENT_NO_RETRY,O007732,INV-0007327,1770.7,1,"payment failed, no successful retry"
L03093,FAILED_PAYMENT_NO_RETRY,O001188,INV-0001130,4504.05,1,"payment failed, no successful retry"
L03094,FAILED_PAYMENT_NO_RETRY,O032417,INV-0030730,5000.2,1,"payment failed, no successful retry"
L03095,FAILED_PAYMENT_NO_RETRY,O038772,INV-0036735,1439.0,1,"payment failed, no successful retry"
L03096,FAILED_PAYMENT_NO_RETRY,O049375,INV-0046851,1129.55,1,"payment failed, no successful retry"
L03097,FAILED_PAYMENT_NO_RETRY,O048079,INV-0045614,487.2,1,"payment failed, no successful retry"
L03098,FAILED_PAYMENT_NO_RETRY,O010088,INV-0009554,1279.0,1,"payment failed, no successful retry"
L03099,FAILED_PAYMENT_NO_RETRY,O004324,INV-0004096,3669.05,1,"payment failed, no successful retry"
L03100,FAILED_PAYMENT_NO_RETRY,O034503,INV-0032705,6651.75,1,"payment failed, no successful retry"
L03101,FAILED_PAYMENT_NO_RETRY,O009110,INV-0008629,1653.65,1,"payment failed, no successful retry"
L03102,FAILED_PAYMENT_NO_RETRY,O042999,INV-0040763,1509.0,1,"payment failed, no successful retry"
L03103,FAILED_PAYMENT_NO_RETRY,O041921,INV-0039729,1771.15,1,"payment failed, no successful retry"
L03104,FAILED_PAYMENT_NO_RETRY,O008598,INV-0008138,798.0,1,"payment failed, no successful retry"
L03105,FAILED_PAYMENT_NO_RETRY,O034879,INV-0033059,2433.8,1,"payment failed, no successful retry"
L03106,FAILED_PAYMENT_NO_RETRY,O010278,INV-0009736,2458.5,1,"payment failed, no successful retry"
L03107,FAILED_PAYMENT_NO_RETRY,O031381,INV-0029743,920.55,1,"payment failed, no successful retry"
L03108,FAILED_PAYMENT_NO_RETRY,O041055,INV-0038915,2719.0,1,"payment failed, no successful retry"
L03109,FAILED_PAYMENT_NO_RETRY,O019090,INV-0018124,4095.75,1,"payment failed, no successful retry"
L03110,FAILED_PAYMENT_NO_RETRY,O046195,INV-0043820,2077.75,1,"payment failed, no successful retry"
L03111,FAILED_PAYMENT_NO_RETRY,O014026,INV-0013306,755.1,1,"payment failed, no successful retry"
L03112,FAILED_PAYMENT_NO_RETRY,O004870,INV-0004612,5530.3,1,"payment failed, no successful retry"
L03113,FAILED_PAYMENT_NO_RETRY,O024713,INV-0023442,1870.55,1,"payment failed, no successful retry"
L03114,FAILED_PAYMENT_NO_RETRY,O031453,INV-0029812,3548.0,1,"payment failed, no successful retry"
L03115,FAILED_PAYMENT_NO_RETRY,O023701,INV-0022483,1701.4,1,"payment failed, no successful retry"
L03116,FAILED_PAYMENT_NO_RETRY,O001474,INV-0001405,1619.0,1,"payment failed, no successful retry"
L03117,FAILED_PAYMENT_NO_RETRY,O039297,INV-0037237,2459.25,1,"payment failed, no successful retry"
L03118,FAILED_PAYMENT_NO_RETRY,O022255,INV-0021120,3792.35,1,"payment failed, no successful retry"
L03119,FAILED_PAYMENT_NO_RETRY,O008951,INV-0008475,3868.5,1,"payment failed, no successful retry"
L03120,FAILED_PAYMENT_NO_RETRY,O024942,INV-0023658,1919.15,1,"payment failed, no successful retry"
L03121,FAILED_PAYMENT_NO_RETRY,O023575,INV-0022364,3828.2,1,"payment failed, no successful retry"
L03122,FAILED_PAYMENT_NO_RETRY,O042199,INV-0039997,969.0,1,"payment failed, no successful retry"
L03123,FAILED_PAYMENT_NO_RETRY,O017512,INV-0016620,4847.5,1,"payment failed, no successful retry"
L03124,FAILED_PAYMENT_NO_RETRY,O009900,INV-0009379,4158.15,1,"payment failed, no successful retry"
L03125,FAILED_PAYMENT_NO_RETRY,O001059,INV-0001013,1206.15,1,"payment failed, no successful retry"
L03126,FAILED_PAYMENT_NO_RETRY,O031285,INV-0029649,3621.65,1,"payment failed, no successful retry"
L03127,FAILED_PAYMENT_NO_RETRY,O027800,INV-0026357,1673.65,1,"payment failed, no successful retry"
L03128,FAILED_PAYMENT_NO_RETRY,O034655,INV-0032843,2670.75,1,"payment failed, no successful retry"
L03129,FAILED_PAYMENT_NO_RETRY,O021304,INV-0020209,611.1,1,"payment failed, no successful retry"
L03130,FAILED_PAYMENT_NO_RETRY,O033223,INV-0031485,3418.35,1,"payment failed, no successful retry"
L03131,FAILED_PAYMENT_NO_RETRY,O001557,INV-0001485,1977.0,1,"payment failed, no successful retry"
L03132,FAILED_PAYMENT_NO_RETRY,O043483,INV-0041225,1106.1,1,"payment failed, no successful retry"
L03133,FAILED_PAYMENT_NO_RETRY,O039389,INV-0037324,629.25,1,"payment failed, no successful retry"
L03134,FAILED_PAYMENT_NO_RETRY,O022629,INV-0021472,1767.35,1,"payment failed, no successful retry"
L03135,FAILED_PAYMENT_NO_RETRY,O028127,INV-0026670,1969.0,1,"payment failed, no successful retry"
L03136,FAILED_PAYMENT_NO_RETRY,O026093,INV-0024751,1007.1,1,"payment failed, no successful retry"
L03137,FAILED_PAYMENT_NO_RETRY,O005578,INV-0005283,6229.3,1,"payment failed, no successful retry"
L03138,FAILED_PAYMENT_NO_RETRY,O000832,INV-0000795,1087.15,1,"payment failed, no successful retry"
L03139,FAILED_PAYMENT_NO_RETRY,O012688,INV-0012025,739.0,1,"payment failed, no successful retry"
L03140,FAILED_PAYMENT_NO_RETRY,O001955,INV-0001858,1509.0,1,"payment failed, no successful retry"
L03141,FAILED_PAYMENT_NO_RETRY,O010084,INV-0009550,2321.1,1,"payment failed, no successful retry"
L03142,FAILED_PAYMENT_NO_RETRY,O005793,INV-0005491,1279.0,1,"payment failed, no successful retry"
L03143,FAILED_PAYMENT_NO_RETRY,O042561,INV-0040342,628.15,1,"payment failed, no successful retry"
L03144,FAILED_PAYMENT_NO_RETRY,O045737,INV-0043381,4527.25,1,"payment failed, no successful retry"
L03145,FAILED_PAYMENT_NO_RETRY,O039171,INV-0037113,3485.1,1,"payment failed, no successful retry"
L03146,FAILED_PAYMENT_NO_RETRY,O006344,INV-0006016,2208.0,1,"payment failed, no successful retry"
L03147,FAILED_PAYMENT_NO_RETRY,O023896,INV-0022669,654.55,1,"payment failed, no successful retry"
L03148,FAILED_PAYMENT_NO_RETRY,O019914,INV-0018904,305.15,1,"payment failed, no successful retry"
L03149,FAILED_PAYMENT_NO_RETRY,O008911,INV-0008435,1685.45,1,"payment failed, no successful retry"
L03150,FAILED_PAYMENT_NO_RETRY,O036133,INV-0034248,569.0,1,"payment failed, no successful retry"
L03151,FAILED_PAYMENT_NO_RETRY,O002467,INV-0002338,569.0,1,"payment failed, no successful retry"
L03152,FAILED_PAYMENT_NO_RETRY,O020248,INV-0019212,495.2,1,"payment failed, no successful retry"
L03153,FAILED_PAYMENT_NO_RETRY,O000601,INV-0000571,1466.3,1,"payment failed, no successful retry"
L03154,FAILED_PAYMENT_NO_RETRY,O039904,INV-0037816,1199.0,1,"payment failed, no successful retry"
L03155,FAILED_PAYMENT_NO_RETRY,O009831,INV-0009311,492.1,1,"payment failed, no successful retry"
L03156,FAILED_PAYMENT_NO_RETRY,O034251,INV-0032465,702.05,1,"payment failed, no successful retry"
L03157,FAILED_PAYMENT_NO_RETRY,O024414,INV-0023159,602.1,1,"payment failed, no successful retry"
L03158,FAILED_PAYMENT_NO_RETRY,O043632,INV-0041371,1348.05,1,"payment failed, no successful retry"
L03159,FAILED_PAYMENT_NO_RETRY,O036997,INV-0035064,4643.3,1,"payment failed, no successful retry"
L03160,FAILED_PAYMENT_NO_RETRY,O002927,INV-0002775,2579.0,1,"payment failed, no successful retry"
L03161,FAILED_PAYMENT_NO_RETRY,O020671,INV-0019614,2665.9,1,"payment failed, no successful retry"
L03162,FAILED_PAYMENT_NO_RETRY,O002411,INV-0002284,5908.15,1,"payment failed, no successful retry"
L03163,FAILED_PAYMENT_NO_RETRY,O034686,INV-0032873,1151.2,1,"payment failed, no successful retry"
L03164,FAILED_PAYMENT_NO_RETRY,O004225,INV-0004003,3919.65,1,"payment failed, no successful retry"
L03165,FAILED_PAYMENT_NO_RETRY,O047199,INV-0044779,1348.25,1,"payment failed, no successful retry"
L03166,FAILED_PAYMENT_NO_RETRY,O007600,INV-0007208,578.55,1,"payment failed, no successful retry"
L03167,FAILED_PAYMENT_NO_RETRY,O040163,INV-0038061,969.0,1,"payment failed, no successful retry"
L03168,FAILED_PAYMENT_NO_RETRY,O036689,INV-0034768,823.65,1,"payment failed, no successful retry"
L03169,FAILED_PAYMENT_NO_RETRY,O005753,INV-0005452,2450.05,1,"payment failed, no successful retry"
L03170,FAILED_PAYMENT_NO_RETRY,O018906,INV-0017949,2241.75,1,"payment failed, no successful retry"
L03171,FAILED_PAYMENT_NO_RETRY,O044083,INV-0041799,1187.1,1,"payment failed, no successful retry"
L03172,FAILED_PAYMENT_NO_RETRY,O030163,INV-0028597,2010.65,1,"payment failed, no successful retry"
L03173,FAILED_PAYMENT_NO_RETRY,O013896,INV-0013185,1875.7,1,"payment failed, no successful retry"
L03174,FAILED_PAYMENT_NO_RETRY,O039859,INV-0037773,839.25,1,"payment failed, no successful retry"
L03175,FAILED_PAYMENT_NO_RETRY,O046709,INV-0044314,1322.1,1,"payment failed, no successful retry"
L03176,FAILED_PAYMENT_NO_RETRY,O027620,INV-0026186,1367.2,1,"payment failed, no successful retry"
L03177,FAILED_PAYMENT_NO_RETRY,O024931,INV-0023647,1133.1,1,"payment failed, no successful retry"
L03178,FAILED_PAYMENT_NO_RETRY,O006185,INV-0005863,6660.55,1,"payment failed, no successful retry"
L03179,FAILED_PAYMENT_NO_RETRY,O011339,INV-0010743,895.2,1,"payment failed, no successful retry"
L03180,FAILED_PAYMENT_NO_RETRY,O025862,INV-0024533,702.05,1,"payment failed, no successful retry"
L03181,FAILED_PAYMENT_NO_RETRY,O036794,INV-0034870,246.75,1,"payment failed, no successful retry"
L03182,FAILED_PAYMENT_NO_RETRY,O018652,INV-0017706,1106.25,1,"payment failed, no successful retry"
L03183,FAILED_PAYMENT_NO_RETRY,O037431,INV-0035473,2326.0,1,"payment failed, no successful retry"
L03184,FAILED_PAYMENT_NO_RETRY,O014922,INV-0014152,486.75,1,"payment failed, no successful retry"
L03185,FAILED_PAYMENT_NO_RETRY,O034196,INV-0032414,1719.5,1,"payment failed, no successful retry"
L03186,FAILED_PAYMENT_NO_RETRY,O040898,INV-0038768,2610.6,1,"payment failed, no successful retry"
L03187,FAILED_PAYMENT_NO_RETRY,O024402,INV-0023147,502.55,1,"payment failed, no successful retry"
L03188,FAILED_PAYMENT_NO_RETRY,O045573,INV-0043222,2888.85,1,"payment failed, no successful retry"
L03189,FAILED_PAYMENT_NO_RETRY,O048069,INV-0045604,3315.0,1,"payment failed, no successful retry"
L03190,FAILED_PAYMENT_NO_RETRY,O024810,INV-0023533,246.05,1,"payment failed, no successful retry"
L03191,FAILED_PAYMENT_NO_RETRY,O024024,INV-0022790,835.05,1,"payment failed, no successful retry"
L03192,FAILED_PAYMENT_NO_RETRY,O032030,INV-0030362,898.2,1,"payment failed, no successful retry"
L03193,FAILED_PAYMENT_NO_RETRY,O001037,INV-0000991,529.0,1,"payment failed, no successful retry"
L03194,FAILED_PAYMENT_NO_RETRY,O009901,INV-0009380,9871.3,1,"payment failed, no successful retry"
L03195,FAILED_PAYMENT_NO_RETRY,O037678,INV-0035705,6546.65,1,"payment failed, no successful retry"
L03196,FAILED_PAYMENT_NO_RETRY,O036088,INV-0034204,6933.45,1,"payment failed, no successful retry"
L03197,FAILED_PAYMENT_NO_RETRY,O005854,INV-0005550,1775.1,1,"payment failed, no successful retry"
L03198,FAILED_PAYMENT_NO_RETRY,O008560,INV-0008102,8340.8,1,"payment failed, no successful retry"
L03199,FAILED_PAYMENT_NO_RETRY,O007331,INV-0006956,2298.0,1,"payment failed, no successful retry"
L03200,FAILED_PAYMENT_NO_RETRY,O048511,INV-0046027,4256.65,1,"payment failed, no successful retry"
L03201,FAILED_PAYMENT_NO_RETRY,O015128,INV-0014348,699.0,1,"payment failed, no successful retry"
L03202,FAILED_PAYMENT_NO_RETRY,O030423,INV-0028841,502.55,1,"payment failed, no successful retry"
L03203,FAILED_PAYMENT_NO_RETRY,O011724,INV-0011104,1690.2,1,"payment failed, no successful retry"
L03204,FAILED_PAYMENT_NO_RETRY,O040470,INV-0038355,3529.2,1,"payment failed, no successful retry"
L03205,FAILED_PAYMENT_NO_RETRY,O049689,INV-0047154,1007.2,1,"payment failed, no successful retry"
L03206,FAILED_PAYMENT_NO_RETRY,O019430,INV-0018445,1569.7,1,"payment failed, no successful retry"
L03207,FAILED_PAYMENT_NO_RETRY,O009865,INV-0009344,331.55,1,"payment failed, no successful retry"
L03208,FAILED_PAYMENT_NO_RETRY,O000264,INV-0000250,1215.05,1,"payment failed, no successful retry"
L03209,FAILED_PAYMENT_NO_RETRY,O021099,INV-0020017,1805.3,1,"payment failed, no successful retry"
L03210,FAILED_PAYMENT_NO_RETRY,O033579,INV-0031822,1340.2,1,"payment failed, no successful retry"
L03211,FAILED_PAYMENT_NO_RETRY,O024176,INV-0022934,494.25,1,"payment failed, no successful retry"
L03212,FAILED_PAYMENT_NO_RETRY,O002890,INV-0002741,2647.55,1,"payment failed, no successful retry"
L03213,FAILED_PAYMENT_NO_RETRY,O009890,INV-0009369,379.05,1,"payment failed, no successful retry"
L03214,FAILED_PAYMENT_NO_RETRY,O048544,INV-0046059,2495.6,1,"payment failed, no successful retry"
L03215,FAILED_PAYMENT_NO_RETRY,O009386,INV-0008886,1424.25,1,"payment failed, no successful retry"
L03216,FAILED_PAYMENT_NO_RETRY,O049330,INV-0046810,1981.2,1,"payment failed, no successful retry"
L03217,FAILED_PAYMENT_NO_RETRY,O034466,INV-0032670,4844.1,1,"payment failed, no successful retry"
L03218,FAILED_PAYMENT_NO_RETRY,O031945,INV-0030279,739.0,1,"payment failed, no successful retry"
L03219,FAILED_PAYMENT_NO_RETRY,O030316,INV-0028741,7001.2,1,"payment failed, no successful retry"
L03220,FAILED_PAYMENT_NO_RETRY,O008508,INV-0008053,839.0,1,"payment failed, no successful retry"
L03221,FAILED_PAYMENT_NO_RETRY,O024296,INV-0023045,7914.65,1,"payment failed, no successful retry"
L03222,FAILED_PAYMENT_NO_RETRY,O044144,INV-0041858,3938.0,1,"payment failed, no successful retry"
L03223,FAILED_PAYMENT_NO_RETRY,O014996,INV-0014223,2454.3,1,"payment failed, no successful retry"
L03224,FAILED_PAYMENT_NO_RETRY,O020057,INV-0019037,6119.1,1,"payment failed, no successful retry"
L03225,FAILED_PAYMENT_NO_RETRY,O012856,INV-0012186,1475.1,1,"payment failed, no successful retry"
L03226,FAILED_PAYMENT_NO_RETRY,O004049,INV-0003842,1279.0,1,"payment failed, no successful retry"
L03227,FAILED_PAYMENT_NO_RETRY,O016540,INV-0015693,1996.2,1,"payment failed, no successful retry"
L03228,FAILED_PAYMENT_NO_RETRY,O030498,INV-0028910,551.2,1,"payment failed, no successful retry"
L03229,FAILED_PAYMENT_NO_RETRY,O006026,INV-0005711,2096.1,1,"payment failed, no successful retry"
L03230,FAILED_PAYMENT_NO_RETRY,O048065,INV-0045600,3520.85,1,"payment failed, no successful retry"
L03231,FAILED_PAYMENT_NO_RETRY,O013274,INV-0012586,1053.55,1,"payment failed, no successful retry"
L03232,FAILED_PAYMENT_NO_RETRY,O036432,INV-0034527,1277.1,1,"payment failed, no successful retry"
L03233,FAILED_PAYMENT_NO_RETRY,O045478,INV-0043131,483.65,1,"payment failed, no successful retry"
L03234,FAILED_PAYMENT_NO_RETRY,O045041,INV-0042716,2599.2,1,"payment failed, no successful retry"
L03235,FAILED_PAYMENT_NO_RETRY,O031975,INV-0030309,1150.4,1,"payment failed, no successful retry"
L03236,FAILED_PAYMENT_NO_RETRY,O006214,INV-0005892,669.0,1,"payment failed, no successful retry"
L03237,FAILED_PAYMENT_NO_RETRY,O034831,INV-0033013,1170.05,1,"payment failed, no successful retry"
L03238,FAILED_PAYMENT_NO_RETRY,O004060,INV-0003852,835.05,1,"payment failed, no successful retry"
L03239,FAILED_PAYMENT_NO_RETRY,O000460,INV-0000438,791.1,1,"payment failed, no successful retry"
L03240,FAILED_PAYMENT_NO_RETRY,O033943,INV-0032168,540.55,1,"payment failed, no successful retry"
L03241,FAILED_PAYMENT_NO_RETRY,O041988,INV-0039793,1978.0,1,"payment failed, no successful retry"
L03242,FAILED_PAYMENT_NO_RETRY,O030808,INV-0029200,892.05,1,"payment failed, no successful retry"
L03243,FAILED_PAYMENT_NO_RETRY,O047159,INV-0044741,2676.15,1,"payment failed, no successful retry"
L03244,FAILED_PAYMENT_NO_RETRY,O036092,INV-0034208,7422.75,1,"payment failed, no successful retry"
L03245,FAILED_PAYMENT_NO_RETRY,O042411,INV-0040200,4057.0,1,"payment failed, no successful retry"
L03246,FAILED_PAYMENT_NO_RETRY,O046485,INV-0044104,551.2,1,"payment failed, no successful retry"
L03247,FAILED_PAYMENT_NO_RETRY,O008884,INV-0008408,2109.1,1,"payment failed, no successful retry"
L03248,FAILED_PAYMENT_NO_RETRY,O034350,INV-0032560,4606.5,1,"payment failed, no successful retry"
L03249,FAILED_PAYMENT_NO_RETRY,O003552,INV-0003366,1845.6,1,"payment failed, no successful retry"
L03250,FAILED_PAYMENT_NO_RETRY,O036911,INV-0034981,1878.0,1,"payment failed, no successful retry"
L03251,FAILED_PAYMENT_NO_RETRY,O019424,INV-0018441,5050.4,1,"payment failed, no successful retry"
L03252,FAILED_PAYMENT_NO_RETRY,O007653,INV-0007255,1985.55,1,"payment failed, no successful retry"
L03253,FAILED_PAYMENT_NO_RETRY,O016550,INV-0015703,1509.0,1,"payment failed, no successful retry"
L03254,FAILED_PAYMENT_NO_RETRY,O019204,INV-0018231,349.0,1,"payment failed, no successful retry"
L03255,FAILED_PAYMENT_NO_RETRY,O041657,INV-0039478,1248.65,1,"payment failed, no successful retry"
L03256,FAILED_PAYMENT_NO_RETRY,O005212,INV-0004937,4823.15,1,"payment failed, no successful retry"
L03257,FAILED_PAYMENT_NO_RETRY,O012675,INV-0012013,3445.2,1,"payment failed, no successful retry"
L03258,FAILED_PAYMENT_NO_RETRY,O041966,INV-0039772,1348.05,1,"payment failed, no successful retry"
L03259,FAILED_PAYMENT_NO_RETRY,O005790,INV-0005488,1081.1,1,"payment failed, no successful retry"
L03260,FAILED_PAYMENT_NO_RETRY,O013817,INV-0013111,702.05,1,"payment failed, no successful retry"
L03261,FAILED_PAYMENT_NO_RETRY,O011254,INV-0010660,2063.2,1,"payment failed, no successful retry"
L03262,FAILED_PAYMENT_NO_RETRY,O031875,INV-0030214,1279.0,1,"payment failed, no successful retry"
L03263,FAILED_PAYMENT_NO_RETRY,O011949,INV-0011320,577.15,1,"payment failed, no successful retry"
L03264,FAILED_PAYMENT_NO_RETRY,O007903,INV-0007491,2491.2,1,"payment failed, no successful retry"
L03265,FAILED_PAYMENT_NO_RETRY,O048885,INV-0046385,1278.0,1,"payment failed, no successful retry"
L03266,FAILED_PAYMENT_NO_RETRY,O007726,INV-0007321,2542.15,1,"payment failed, no successful retry"
L03267,FAILED_PAYMENT_NO_RETRY,O003360,INV-0003181,3719.4,1,"payment failed, no successful retry"
L03268,FAILED_PAYMENT_NO_RETRY,O017795,INV-0016893,941.8,1,"payment failed, no successful retry"
L03269,FAILED_PAYMENT_NO_RETRY,O017935,INV-0017028,2961.6,1,"payment failed, no successful retry"
L03270,FAILED_PAYMENT_NO_RETRY,O005508,INV-0005218,2032.2,1,"payment failed, no successful retry"
L03271,FAILED_PAYMENT_NO_RETRY,O003348,INV-0003169,3423.55,1,"payment failed, no successful retry"
L03272,FAILED_PAYMENT_NO_RETRY,O022848,INV-0021676,314.1,1,"payment failed, no successful retry"
L03273,FAILED_PAYMENT_NO_RETRY,O034653,INV-0032841,379.05,1,"payment failed, no successful retry"
L03274,FAILED_PAYMENT_NO_RETRY,O048370,INV-0045892,2753.1,1,"payment failed, no successful retry"
L03275,FAILED_PAYMENT_NO_RETRY,O025261,INV-0023963,2833.65,1,"payment failed, no successful retry"
L03276,FAILED_PAYMENT_NO_RETRY,O022583,INV-0021431,8281.45,1,"payment failed, no successful retry"
L03277,FAILED_PAYMENT_NO_RETRY,O030711,INV-0029112,2427.0,1,"payment failed, no successful retry"
L03278,FAILED_PAYMENT_NO_RETRY,O027809,INV-0026366,1298.0,1,"payment failed, no successful retry"
L03279,FAILED_PAYMENT_NO_RETRY,O027012,INV-0025622,719.0,1,"payment failed, no successful retry"
L03280,FAILED_PAYMENT_NO_RETRY,O047130,INV-0044713,502.55,1,"payment failed, no successful retry"
L03281,FAILED_PAYMENT_NO_RETRY,O033575,INV-0031818,5416.9,1,"payment failed, no successful retry"
L03282,FAILED_PAYMENT_NO_RETRY,O007139,INV-0006770,1124.1,1,"payment failed, no successful retry"
L03283,FAILED_PAYMENT_NO_RETRY,O016397,INV-0015559,1971.1,1,"payment failed, no successful retry"
L03284,FAILED_PAYMENT_NO_RETRY,O020111,INV-0019088,579.0,1,"payment failed, no successful retry"
L03285,FAILED_PAYMENT_NO_RETRY,O038438,INV-0036415,2297.1,1,"payment failed, no successful retry"
L03286,FAILED_PAYMENT_NO_RETRY,O037215,INV-0035273,1659.0,1,"payment failed, no successful retry"
L03287,FAILED_PAYMENT_NO_RETRY,O023580,INV-0022369,2663.1,1,"payment failed, no successful retry"
L03288,FAILED_PAYMENT_NO_RETRY,O045572,INV-0043221,1437.3,1,"payment failed, no successful retry"
L03289,FAILED_PAYMENT_NO_RETRY,O001695,INV-0001613,8818.0,1,"payment failed, no successful retry"
L03290,FAILED_PAYMENT_NO_RETRY,O015435,INV-0014644,654.55,1,"payment failed, no successful retry"
L03291,FAILED_PAYMENT_NO_RETRY,O019562,INV-0018569,1218.0,1,"payment failed, no successful retry"
L03292,FAILED_PAYMENT_NO_RETRY,O022805,INV-0021635,3942.3,1,"payment failed, no successful retry"
L03293,FAILED_PAYMENT_NO_RETRY,O015618,INV-0014816,669.0,1,"payment failed, no successful retry"
L03294,FAILED_PAYMENT_NO_RETRY,O042805,INV-0040579,2371.75,1,"payment failed, no successful retry"
L03295,FAILED_PAYMENT_NO_RETRY,O010454,INV-0009905,3688.0,1,"payment failed, no successful retry"
L03296,FAILED_PAYMENT_NO_RETRY,O002445,INV-0002316,2063.2,1,"payment failed, no successful retry"
L03297,FAILED_PAYMENT_NO_RETRY,O008824,INV-0008352,1366.1,1,"payment failed, no successful retry"
L03298,FAILED_PAYMENT_NO_RETRY,O015606,INV-0014805,1399.0,1,"payment failed, no successful retry"
L03299,FAILED_PAYMENT_NO_RETRY,O033686,INV-0031923,1915.4,1,"payment failed, no successful retry"
L03300,FAILED_PAYMENT_NO_RETRY,O049503,INV-0046972,2430.1,1,"payment failed, no successful retry"
L03301,FAILED_PAYMENT_NO_RETRY,O044510,INV-0042211,2761.65,1,"payment failed, no successful retry"
L03302,FAILED_PAYMENT_NO_RETRY,O002078,INV-0001971,689.0,1,"payment failed, no successful retry"
L03303,FAILED_PAYMENT_NO_RETRY,O029898,INV-0028346,709.0,1,"payment failed, no successful retry"
L03304,FAILED_PAYMENT_NO_RETRY,O048192,INV-0045725,1058.0,1,"payment failed, no successful retry"
L03305,FAILED_PAYMENT_NO_RETRY,O045906,INV-0043543,3391.2,1,"payment failed, no successful retry"
L03306,FAILED_PAYMENT_NO_RETRY,O047576,INV-0045140,2885.0,1,"payment failed, no successful retry"
L03307,FAILED_PAYMENT_NO_RETRY,O037833,INV-0035849,569.0,1,"payment failed, no successful retry"
L03308,FAILED_PAYMENT_NO_RETRY,O021228,INV-0020138,2518.0,1,"payment failed, no successful retry"
L03309,FAILED_PAYMENT_NO_RETRY,O030969,INV-0029348,2775.5,1,"payment failed, no successful retry"
L03310,FAILED_PAYMENT_NO_RETRY,O008891,INV-0008415,368.1,1,"payment failed, no successful retry"
L03311,FAILED_PAYMENT_NO_RETRY,O045594,INV-0043242,619.0,1,"payment failed, no successful retry"
L03312,FAILED_PAYMENT_NO_RETRY,O027663,INV-0026228,665.1,1,"payment failed, no successful retry"
L03313,FAILED_PAYMENT_NO_RETRY,O028491,INV-0027019,1005.1,1,"payment failed, no successful retry"
L03314,FAILED_PAYMENT_NO_RETRY,O041005,INV-0038868,1670.1,1,"payment failed, no successful retry"
L03315,FAILED_PAYMENT_NO_RETRY,O027418,INV-0025995,764.1,1,"payment failed, no successful retry"
L03316,FAILED_PAYMENT_NO_RETRY,O005827,INV-0005523,2303.2,1,"payment failed, no successful retry"
L03317,FAILED_PAYMENT_NO_RETRY,O036230,INV-0034340,4804.15,1,"payment failed, no successful retry"
L03318,FAILED_PAYMENT_NO_RETRY,O015565,INV-0014768,1260.1,1,"payment failed, no successful retry"
L03319,FAILED_PAYMENT_NO_RETRY,O005243,INV-0004964,654.55,1,"payment failed, no successful retry"
L03320,FAILED_PAYMENT_NO_RETRY,O005457,INV-0005167,359.0,1,"payment failed, no successful retry"
L03321,FAILED_PAYMENT_NO_RETRY,O036191,INV-0034303,6498.0,1,"payment failed, no successful retry"
L03322,FAILED_PAYMENT_NO_RETRY,O027073,INV-0025679,2132.2,1,"payment failed, no successful retry"
L03323,FAILED_PAYMENT_NO_RETRY,O024624,INV-0023358,1886.4,1,"payment failed, no successful retry"
L03324,FAILED_PAYMENT_NO_RETRY,O032570,INV-0030868,3567.45,1,"payment failed, no successful retry"
L03325,FAILED_PAYMENT_NO_RETRY,O014157,INV-0013427,2885.55,1,"payment failed, no successful retry"
L03326,FAILED_PAYMENT_NO_RETRY,O004446,INV-0004215,2348.7,1,"payment failed, no successful retry"
L03327,FAILED_PAYMENT_NO_RETRY,O000284,INV-0000269,602.1,1,"payment failed, no successful retry"
L03328,FAILED_PAYMENT_NO_RETRY,O001690,INV-0001608,7092.5,1,"payment failed, no successful retry"
L03329,FAILED_PAYMENT_NO_RETRY,O018937,INV-0017979,647.1,1,"payment failed, no successful retry"
L03330,FAILED_PAYMENT_NO_RETRY,O003562,INV-0003375,1758.0,1,"payment failed, no successful retry"
L03331,FAILED_PAYMENT_NO_RETRY,O029981,INV-0028423,879.0,1,"payment failed, no successful retry"
L03332,FAILED_PAYMENT_NO_RETRY,O025345,INV-0024040,689.0,1,"payment failed, no successful retry"
L03333,FAILED_PAYMENT_NO_RETRY,O031488,INV-0029842,5036.3,1,"payment failed, no successful retry"
L03334,FAILED_PAYMENT_NO_RETRY,O005981,INV-0005668,2690.1,1,"payment failed, no successful retry"
L03335,FAILED_PAYMENT_NO_RETRY,O010917,INV-0010341,512.1,1,"payment failed, no successful retry"
L03336,FAILED_PAYMENT_NO_RETRY,O007014,INV-0006653,987.05,1,"payment failed, no successful retry"
L03337,FAILED_PAYMENT_NO_RETRY,O008513,INV-0008058,1376.55,1,"payment failed, no successful retry"
L03338,FAILED_PAYMENT_NO_RETRY,O001393,INV-0001325,1044.05,1,"payment failed, no successful retry"
L03339,FAILED_PAYMENT_NO_RETRY,O025652,INV-0024334,1007.2,1,"payment failed, no successful retry"
L03340,FAILED_PAYMENT_NO_RETRY,O027801,INV-0026358,1304.1,1,"payment failed, no successful retry"
L03341,FAILED_PAYMENT_NO_RETRY,O014793,INV-0014029,4381.3,1,"payment failed, no successful retry"
L03342,FAILED_PAYMENT_NO_RETRY,O001483,INV-0001414,1240.15,1,"payment failed, no successful retry"
L03343,FAILED_PAYMENT_NO_RETRY,O023486,INV-0022281,1449.0,1,"payment failed, no successful retry"
L03344,FAILED_PAYMENT_NO_RETRY,O021025,INV-0019948,669.0,1,"payment failed, no successful retry"
L03345,FAILED_PAYMENT_NO_RETRY,O016262,INV-0015433,1857.0,1,"payment failed, no successful retry"
L03346,FAILED_PAYMENT_NO_RETRY,O033701,INV-0031938,1449.15,1,"payment failed, no successful retry"
L03347,FAILED_PAYMENT_NO_RETRY,O022858,INV-0021685,259.0,1,"payment failed, no successful retry"
L03348,FAILED_PAYMENT_NO_RETRY,O018807,INV-0017855,628.2,1,"payment failed, no successful retry"
L03349,FAILED_PAYMENT_NO_RETRY,O040991,INV-0038854,3186.15,1,"payment failed, no successful retry"
L03350,FAILED_PAYMENT_NO_RETRY,O023881,INV-0022655,1923.5,1,"payment failed, no successful retry"
L03351,FAILED_PAYMENT_NO_RETRY,O021060,INV-0019981,1656.85,1,"payment failed, no successful retry"
L03352,FAILED_PAYMENT_NO_RETRY,O011306,INV-0010710,935.1,1,"payment failed, no successful retry"
L03353,FAILED_PAYMENT_NO_RETRY,O029158,INV-0027653,929.0,1,"payment failed, no successful retry"
L03354,FAILED_PAYMENT_NO_RETRY,O011860,INV-0011233,749.0,1,"payment failed, no successful retry"
L03355,FAILED_PAYMENT_NO_RETRY,O026033,INV-0024695,2558.0,1,"payment failed, no successful retry"
L03356,FAILED_PAYMENT_NO_RETRY,O010490,INV-0009940,2092.75,1,"payment failed, no successful retry"
L03357,FAILED_PAYMENT_NO_RETRY,O004618,INV-0004375,669.0,1,"payment failed, no successful retry"
L03358,FAILED_PAYMENT_NO_RETRY,O023334,INV-0022139,4155.9,1,"payment failed, no successful retry"
L03359,FAILED_PAYMENT_NO_RETRY,O004485,INV-0004250,1129.55,1,"payment failed, no successful retry"
L03360,FAILED_PAYMENT_NO_RETRY,O005354,INV-0005068,2041.65,1,"payment failed, no successful retry"
L03361,FAILED_PAYMENT_NO_RETRY,O040185,INV-0038082,741.75,1,"payment failed, no successful retry"
L03362,FAILED_PAYMENT_NO_RETRY,O049526,INV-0046995,3418.0,1,"payment failed, no successful retry"
L03363,FAILED_PAYMENT_NO_RETRY,O017470,INV-0016580,529.0,1,"payment failed, no successful retry"
L03364,FAILED_PAYMENT_NO_RETRY,O016146,INV-0015326,835.05,1,"payment failed, no successful retry"
L03365,FAILED_PAYMENT_NO_RETRY,O026140,INV-0024797,990.4,1,"payment failed, no successful retry"
L03366,FAILED_PAYMENT_NO_RETRY,O019394,INV-0018411,1873.5,1,"payment failed, no successful retry"
L03367,FAILED_PAYMENT_NO_RETRY,O043963,INV-0041690,1775.55,1,"payment failed, no successful retry"
L03368,FAILED_PAYMENT_NO_RETRY,O024235,INV-0022989,1476.75,1,"payment failed, no successful retry"
L03369,FAILED_PAYMENT_NO_RETRY,O012511,INV-0011855,1063.05,1,"payment failed, no successful retry"
L03370,FAILED_PAYMENT_NO_RETRY,O003589,INV-0003402,4068.0,1,"payment failed, no successful retry"
L03371,FAILED_PAYMENT_NO_RETRY,O033127,INV-0031396,949.05,1,"payment failed, no successful retry"
L03372,FAILED_PAYMENT_NO_RETRY,O040206,INV-0038101,483.65,1,"payment failed, no successful retry"
L03373,FAILED_PAYMENT_NO_RETRY,O032156,INV-0030477,1039.0,1,"payment failed, no successful retry"
L03374,FAILED_PAYMENT_NO_RETRY,O022776,INV-0021608,3868.5,1,"payment failed, no successful retry"
L03375,FAILED_PAYMENT_NO_RETRY,O045165,INV-0042835,2855.3,1,"payment failed, no successful retry"
L03376,FAILED_PAYMENT_NO_RETRY,O010797,INV-0010227,1378.0,1,"payment failed, no successful retry"
L03377,FAILED_PAYMENT_NO_RETRY,O007185,INV-0006812,1727.0,1,"payment failed, no successful retry"
L03378,FAILED_PAYMENT_NO_RETRY,O025487,INV-0024173,1231.65,1,"payment failed, no successful retry"
L03379,FAILED_PAYMENT_NO_RETRY,O015361,INV-0014570,4385.0,1,"payment failed, no successful retry"
L03380,FAILED_PAYMENT_NO_RETRY,O021569,INV-0020463,3062.4,1,"payment failed, no successful retry"
L03381,FAILED_PAYMENT_NO_RETRY,O027437,INV-0026013,469.0,1,"payment failed, no successful retry"
L03382,FAILED_PAYMENT_NO_RETRY,O033269,INV-0031530,1023.2,1,"payment failed, no successful retry"
L03383,FAILED_PAYMENT_NO_RETRY,O004062,INV-0003854,1958.65,1,"payment failed, no successful retry"
L03384,FAILED_PAYMENT_NO_RETRY,O016020,INV-0015205,939.0,1,"payment failed, no successful retry"
L03385,FAILED_PAYMENT_NO_RETRY,O037312,INV-0035364,3076.2,1,"payment failed, no successful retry"
L03386,FAILED_PAYMENT_NO_RETRY,O045421,INV-0043077,2599.2,1,"payment failed, no successful retry"
L03387,FAILED_PAYMENT_NO_RETRY,O012097,INV-0011462,1253.05,1,"payment failed, no successful retry"
L03388,FAILED_PAYMENT_NO_RETRY,O010136,INV-0009600,2311.15,1,"payment failed, no successful retry"
L03389,FAILED_PAYMENT_NO_RETRY,O006862,INV-0006510,1399.0,1,"payment failed, no successful retry"
L03390,FAILED_PAYMENT_NO_RETRY,O001554,INV-0001482,439.0,1,"payment failed, no successful retry"
L03391,FAILED_PAYMENT_NO_RETRY,O028136,INV-0026679,1830.2,1,"payment failed, no successful retry"
L03392,FAILED_PAYMENT_NO_RETRY,O043843,INV-0041576,2419.0,1,"payment failed, no successful retry"
L03393,FAILED_PAYMENT_NO_RETRY,O017385,INV-0016504,1300.15,1,"payment failed, no successful retry"
L03394,FAILED_PAYMENT_NO_RETRY,O031374,INV-0029736,3447.4,1,"payment failed, no successful retry"
L03395,FAILED_PAYMENT_NO_RETRY,O046060,INV-0043692,2399.2,1,"payment failed, no successful retry"
L03396,FAILED_PAYMENT_NO_RETRY,O003580,INV-0003393,2628.1,1,"payment failed, no successful retry"
L03397,FAILED_PAYMENT_NO_RETRY,O049727,INV-0047187,2867.85,1,"payment failed, no successful retry"
L03398,FAILED_PAYMENT_NO_RETRY,O016537,INV-0015690,5848.2,1,"payment failed, no successful retry"
L03399,FAILED_PAYMENT_NO_RETRY,O043747,INV-0041482,4563.4,1,"payment failed, no successful retry"
L03400,FAILED_PAYMENT_NO_RETRY,O008527,INV-0008072,1119.0,1,"payment failed, no successful retry"
L03401,FAILED_PAYMENT_NO_RETRY,O019948,INV-0018934,2907.0,1,"payment failed, no successful retry"
L03402,FAILED_PAYMENT_NO_RETRY,O010965,INV-0010387,1240.15,1,"payment failed, no successful retry"
L03403,FAILED_PAYMENT_NO_RETRY,O025580,INV-0024263,1575.2,1,"payment failed, no successful retry"
L03404,FAILED_PAYMENT_NO_RETRY,O043200,INV-0040952,2616.3,1,"payment failed, no successful retry"
L03405,FAILED_PAYMENT_NO_RETRY,O040526,INV-0038411,449.65,1,"payment failed, no successful retry"
L03406,FAILED_PAYMENT_NO_RETRY,O029900,INV-0028348,1395.55,1,"payment failed, no successful retry"
L03407,FAILED_PAYMENT_NO_RETRY,O024304,INV-0023053,699.3,1,"payment failed, no successful retry"
L03408,FAILED_PAYMENT_NO_RETRY,O014747,INV-0013984,2587.25,1,"payment failed, no successful retry"
L03409,FAILED_PAYMENT_NO_RETRY,O026740,INV-0025362,2772.1,1,"payment failed, no successful retry"
L03410,FAILED_PAYMENT_NO_RETRY,O019628,INV-0018632,535.2,1,"payment failed, no successful retry"
L03411,FAILED_PAYMENT_NO_RETRY,O031038,INV-0029414,2879.0,1,"payment failed, no successful retry"
L03412,FAILED_PAYMENT_NO_RETRY,O044559,INV-0042258,2798.0,1,"payment failed, no successful retry"
L03413,FAILED_PAYMENT_NO_RETRY,O028861,INV-0027371,719.0,1,"payment failed, no successful retry"
L03414,FAILED_PAYMENT_NO_RETRY,O001611,INV-0001536,6134.15,1,"payment failed, no successful retry"
L03415,FAILED_PAYMENT_NO_RETRY,O014916,INV-0014146,1341.1,1,"payment failed, no successful retry"
L03416,FAILED_PAYMENT_NO_RETRY,O017119,INV-0016248,7730.6,1,"payment failed, no successful retry"
L03417,FAILED_PAYMENT_NO_RETRY,O035710,INV-0033853,4374.45,1,"payment failed, no successful retry"
L03418,FAILED_PAYMENT_NO_RETRY,O046797,INV-0044395,1304.1,1,"payment failed, no successful retry"
L03419,FAILED_PAYMENT_NO_RETRY,O042696,INV-0040473,619.0,1,"payment failed, no successful retry"
L03420,FAILED_PAYMENT_NO_RETRY,O008057,INV-0007632,926.1,1,"payment failed, no successful retry"
L03421,FAILED_PAYMENT_NO_RETRY,O012559,INV-0011902,719.0,1,"payment failed, no successful retry"
L03422,FAILED_PAYMENT_NO_RETRY,O016929,INV-0016065,1160.1,1,"payment failed, no successful retry"
L03423,FAILED_PAYMENT_NO_RETRY,O032476,INV-0030782,1952.7,1,"payment failed, no successful retry"
L03424,FAILED_PAYMENT_NO_RETRY,O037467,INV-0035507,889.0,1,"payment failed, no successful retry"
L03425,FAILED_PAYMENT_NO_RETRY,O028211,INV-0026752,1966.4,1,"payment failed, no successful retry"
L03426,FAILED_PAYMENT_NO_RETRY,O028379,INV-0026913,1253.05,1,"payment failed, no successful retry"
L03427,FAILED_PAYMENT_NO_RETRY,O009079,INV-0008599,4289.85,1,"payment failed, no successful retry"
L03428,FAILED_PAYMENT_NO_RETRY,O039022,INV-0036969,2949.0,1,"payment failed, no successful retry"
L03429,FAILED_PAYMENT_NO_RETRY,O032368,INV-0030683,845.1,1,"payment failed, no successful retry"
L03430,FAILED_PAYMENT_NO_RETRY,O042149,INV-0039948,550.05,1,"payment failed, no successful retry"
L03431,FAILED_PAYMENT_NO_RETRY,O011775,INV-0011152,1179.0,1,"payment failed, no successful retry"
L03432,FAILED_PAYMENT_NO_RETRY,O032816,INV-0031100,1969.0,1,"payment failed, no successful retry"
L03433,FAILED_PAYMENT_NO_RETRY,O033055,INV-0031328,6933.45,1,"payment failed, no successful retry"
L03434,FAILED_PAYMENT_NO_RETRY,O012163,INV-0011525,1879.1,1,"payment failed, no successful retry"
L03435,FAILED_PAYMENT_NO_RETRY,O002550,INV-0002417,2680.2,1,"payment failed, no successful retry"
L03436,FAILED_PAYMENT_NO_RETRY,O032700,INV-0030990,1898.1,1,"payment failed, no successful retry"
L03437,FAILED_PAYMENT_NO_RETRY,O016886,INV-0016023,1678.0,1,"payment failed, no successful retry"
L03438,FAILED_PAYMENT_NO_RETRY,O016499,INV-0015654,6074.5,1,"payment failed, no successful retry"
L03439,FAILED_PAYMENT_NO_RETRY,O033908,INV-0032137,2989.0,1,"payment failed, no successful retry"
L03440,FAILED_PAYMENT_NO_RETRY,O031308,INV-0029671,609.0,1,"payment failed, no successful retry"
L03441,FAILED_PAYMENT_NO_RETRY,O022564,INV-0021413,3500.85,1,"payment failed, no successful retry"
L03442,FAILED_PAYMENT_NO_RETRY,O005495,INV-0005205,2272.65,1,"payment failed, no successful retry"
L03443,FAILED_PAYMENT_NO_RETRY,O048064,INV-0045599,11242.85,1,"payment failed, no successful retry"
L03444,FAILED_PAYMENT_NO_RETRY,O030650,INV-0029054,1386.05,1,"payment failed, no successful retry"
L03445,FAILED_PAYMENT_NO_RETRY,O043051,INV-0040813,516.75,1,"payment failed, no successful retry"
L03446,FAILED_PAYMENT_NO_RETRY,O048409,INV-0045930,1318.55,1,"payment failed, no successful retry"
L03447,FAILED_PAYMENT_NO_RETRY,O044890,INV-0042578,1449.0,1,"payment failed, no successful retry"
L03448,FAILED_PAYMENT_NO_RETRY,O004089,INV-0003879,1557.05,1,"payment failed, no successful retry"
L03449,FAILED_PAYMENT_NO_RETRY,O022129,INV-0020999,702.05,1,"payment failed, no successful retry"
L03450,FAILED_PAYMENT_NO_RETRY,O022873,INV-0021699,540.55,1,"payment failed, no successful retry"
L03451,FAILED_PAYMENT_NO_RETRY,O000366,INV-0000347,296.65,1,"payment failed, no successful retry"
L03452,FAILED_PAYMENT_NO_RETRY,O037461,INV-0035502,2719.0,1,"payment failed, no successful retry"
L03453,FAILED_PAYMENT_NO_RETRY,O000410,INV-0000390,2391.15,1,"payment failed, no successful retry"
L03454,FAILED_PAYMENT_NO_RETRY,O002533,INV-0002400,502.55,1,"payment failed, no successful retry"
L03455,FAILED_PAYMENT_NO_RETRY,O023422,INV-0022222,5344.5,1,"payment failed, no successful retry"
L03456,FAILED_PAYMENT_NO_RETRY,O032525,INV-0030825,1645.15,1,"payment failed, no successful retry"
L03457,FAILED_PAYMENT_NO_RETRY,O011875,INV-0011247,1907.75,1,"payment failed, no successful retry"
L03458,FAILED_PAYMENT_NO_RETRY,O013616,INV-0012916,2002.05,1,"payment failed, no successful retry"
L03459,FAILED_PAYMENT_NO_RETRY,O014901,INV-0014131,1099.0,1,"payment failed, no successful retry"
L03460,FAILED_PAYMENT_NO_RETRY,O037217,INV-0035275,1291.05,1,"payment failed, no successful retry"
L03461,FAILED_PAYMENT_NO_RETRY,O037090,INV-0035152,1386.05,1,"payment failed, no successful retry"
L03462,FAILED_PAYMENT_NO_RETRY,O010191,INV-0009653,647.1,1,"payment failed, no successful retry"
L03463,FAILED_PAYMENT_NO_RETRY,O044744,INV-0042437,1628.1,1,"payment failed, no successful retry"
L03464,FAILED_PAYMENT_NO_RETRY,O038450,INV-0036426,2217.0,1,"payment failed, no successful retry"
L03465,FAILED_PAYMENT_NO_RETRY,O028833,INV-0027344,569.0,1,"payment failed, no successful retry"
L03466,FAILED_PAYMENT_NO_RETRY,O031914,INV-0030251,1047.0,1,"payment failed, no successful retry"
L03467,FAILED_PAYMENT_NO_RETRY,O036612,INV-0034695,1478.0,1,"payment failed, no successful retry"
L03468,FAILED_PAYMENT_NO_RETRY,O006534,INV-0006197,1459.0,1,"payment failed, no successful retry"
L03469,FAILED_PAYMENT_NO_RETRY,O017789,INV-0016887,762.3,1,"payment failed, no successful retry"
L03470,FAILED_PAYMENT_NO_RETRY,O019330,INV-0018350,755.1,1,"payment failed, no successful retry"
L03471,FAILED_PAYMENT_NO_RETRY,O041180,INV-0039029,1672.2,1,"payment failed, no successful retry"
L03472,FAILED_PAYMENT_NO_RETRY,O045914,INV-0043550,3249.0,1,"payment failed, no successful retry"
L03473,FAILED_PAYMENT_NO_RETRY,O005938,INV-0005630,839.0,1,"payment failed, no successful retry"
L03474,FAILED_PAYMENT_NO_RETRY,O044468,INV-0042171,3385.05,1,"payment failed, no successful retry"
L03475,FAILED_PAYMENT_NO_RETRY,O039300,INV-0037240,1421.15,1,"payment failed, no successful retry"
L03476,FAILED_PAYMENT_NO_RETRY,O019885,INV-0018876,548.1,1,"payment failed, no successful retry"
L03477,FAILED_PAYMENT_NO_RETRY,O033151,INV-0031418,959.65,1,"payment failed, no successful retry"
L03478,FAILED_PAYMENT_NO_RETRY,O002750,INV-0002608,4015.75,1,"payment failed, no successful retry"
L03479,FAILED_PAYMENT_NO_RETRY,O002399,INV-0002274,7383.1,1,"payment failed, no successful retry"
L03480,FAILED_PAYMENT_NO_RETRY,O032248,INV-0030567,2558.0,1,"payment failed, no successful retry"
L03481,FAILED_PAYMENT_NO_RETRY,O006279,INV-0005954,689.0,1,"payment failed, no successful retry"
L03482,FAILED_PAYMENT_NO_RETRY,O025478,INV-0024164,2041.05,1,"payment failed, no successful retry"
L03483,FAILED_PAYMENT_NO_RETRY,O025916,INV-0024585,7128.05,1,"payment failed, no successful retry"
L03484,FAILED_PAYMENT_NO_RETRY,O004567,INV-0004326,635.55,1,"payment failed, no successful retry"
L03485,FAILED_PAYMENT_NO_RETRY,O030445,INV-0028861,654.55,1,"payment failed, no successful retry"
L03486,FAILED_PAYMENT_NO_RETRY,O043361,INV-0041110,2809.85,1,"payment failed, no successful retry"
L03487,FAILED_PAYMENT_NO_RETRY,O023656,INV-0022441,762.1,1,"payment failed, no successful retry"
L03488,FAILED_PAYMENT_NO_RETRY,O026774,INV-0025396,550.05,1,"payment failed, no successful retry"
L03489,FAILED_PAYMENT_NO_RETRY,O008008,INV-0007586,445.55,1,"payment failed, no successful retry"
L03490,FAILED_PAYMENT_NO_RETRY,O028793,INV-0027305,878.65,1,"payment failed, no successful retry"
L03491,FAILED_PAYMENT_NO_RETRY,O047114,INV-0044699,4347.0,1,"payment failed, no successful retry"
L03492,FAILED_PAYMENT_NO_RETRY,O043914,INV-0041643,2450.05,1,"payment failed, no successful retry"
L03493,FAILED_PAYMENT_NO_RETRY,O020974,INV-0019902,1010.65,1,"payment failed, no successful retry"
L03494,FAILED_PAYMENT_NO_RETRY,O047798,INV-0045351,1187.1,1,"payment failed, no successful retry"
L03495,FAILED_PAYMENT_NO_RETRY,O046382,INV-0044003,839.25,1,"payment failed, no successful retry"
L03496,FAILED_PAYMENT_NO_RETRY,O002954,INV-0002800,1291.05,1,"payment failed, no successful retry"
L03497,FAILED_PAYMENT_NO_RETRY,O020964,INV-0019897,4057.85,1,"payment failed, no successful retry"
L03498,FAILED_PAYMENT_NO_RETRY,O001622,INV-0001545,3533.35,1,"payment failed, no successful retry"
L03499,FAILED_PAYMENT_NO_RETRY,O010083,INV-0009549,3544.2,1,"payment failed, no successful retry"
L03500,FAILED_PAYMENT_NO_RETRY,O004961,INV-0004697,1229.25,1,"payment failed, no successful retry"
L03501,FAILED_PAYMENT_NO_RETRY,O022938,INV-0021760,3436.2,1,"payment failed, no successful retry"
L03502,FAILED_PAYMENT_NO_RETRY,O027115,INV-0025717,665.1,1,"payment failed, no successful retry"
L03503,FAILED_PAYMENT_NO_RETRY,O023406,INV-0022209,4433.9,1,"payment failed, no successful retry"
L03504,FAILED_PAYMENT_NO_RETRY,O005616,INV-0005320,1869.0,1,"payment failed, no successful retry"
L03505,FAILED_PAYMENT_NO_RETRY,O016830,INV-0015969,1319.0,1,"payment failed, no successful retry"
L03506,FAILED_PAYMENT_NO_RETRY,O021553,INV-0020447,2274.3,1,"payment failed, no successful retry"
L03507,FAILED_PAYMENT_NO_RETRY,O034747,INV-0032933,671.2,1,"payment failed, no successful retry"
L03508,FAILED_PAYMENT_NO_RETRY,O014103,INV-0013375,6258.75,1,"payment failed, no successful retry"
L03509,FAILED_PAYMENT_NO_RETRY,O002518,INV-0002386,349.0,1,"payment failed, no successful retry"
L03510,FAILED_PAYMENT_NO_RETRY,O040935,INV-0038801,2067.0,1,"payment failed, no successful retry"
L03511,FAILED_PAYMENT_NO_RETRY,O037521,INV-0035558,259.0,1,"payment failed, no successful retry"
L03512,FAILED_PAYMENT_NO_RETRY,O026829,INV-0025448,2831.15,1,"payment failed, no successful retry"
L03513,FAILED_PAYMENT_NO_RETRY,O023268,INV-0022080,1777.4,1,"payment failed, no successful retry"
L03514,FAILED_PAYMENT_NO_RETRY,O040123,INV-0038025,2068.2,1,"payment failed, no successful retry"
L03515,FAILED_PAYMENT_NO_RETRY,O024281,INV-0023030,1197.2,1,"payment failed, no successful retry"
L03516,FAILED_PAYMENT_NO_RETRY,O003633,INV-0003446,2517.0,1,"payment failed, no successful retry"
L03517,FAILED_PAYMENT_NO_RETRY,O049540,INV-0047008,1214.1,1,"payment failed, no successful retry"
L03518,FAILED_PAYMENT_NO_RETRY,O015292,INV-0014503,364.65,1,"payment failed, no successful retry"
L03519,FAILED_PAYMENT_NO_RETRY,O039491,INV-0037423,2282.4,1,"payment failed, no successful retry"
L03520,FAILED_PAYMENT_NO_RETRY,O015505,INV-0014712,797.25,1,"payment failed, no successful retry"
L03521,FAILED_PAYMENT_NO_RETRY,O043242,INV-0040993,518.0,1,"payment failed, no successful retry"
L03522,FAILED_PAYMENT_NO_RETRY,O040575,INV-0038459,958.0,1,"payment failed, no successful retry"
L03523,FAILED_PAYMENT_NO_RETRY,O028086,INV-0026632,321.75,1,"payment failed, no successful retry"
L03524,FAILED_PAYMENT_NO_RETRY,O037206,INV-0035264,858.65,1,"payment failed, no successful retry"
L03525,FAILED_PAYMENT_NO_RETRY,O016124,INV-0015305,2324.1,1,"payment failed, no successful retry"
L03526,FAILED_PAYMENT_NO_RETRY,O037414,INV-0035456,5158.0,1,"payment failed, no successful retry"
L03527,FAILED_PAYMENT_NO_RETRY,O038122,INV-0036116,1478.0,1,"payment failed, no successful retry"
L03528,FAILED_PAYMENT_NO_RETRY,O042319,INV-0040111,3388.65,1,"payment failed, no successful retry"
L03529,FAILED_PAYMENT_NO_RETRY,O033824,INV-0032055,1223.15,1,"payment failed, no successful retry"
L03530,FAILED_PAYMENT_NO_RETRY,O040324,INV-0038213,989.0,1,"payment failed, no successful retry"
L03531,FAILED_PAYMENT_NO_RETRY,O008655,INV-0008191,1963.65,1,"payment failed, no successful retry"
L03532,FAILED_PAYMENT_NO_RETRY,O000980,INV-0000935,4025.85,1,"payment failed, no successful retry"
L03533,FAILED_PAYMENT_NO_RETRY,O045345,INV-0043005,5287.1,1,"payment failed, no successful retry"
L03534,FAILED_PAYMENT_NO_RETRY,O034298,INV-0032512,3854.05,1,"payment failed, no successful retry"
L03535,FAILED_PAYMENT_NO_RETRY,O036602,INV-0034686,3941.55,1,"payment failed, no successful retry"
L03536,FAILED_PAYMENT_NO_RETRY,O046080,INV-0043710,3382.1,1,"payment failed, no successful retry"
L03537,FAILED_PAYMENT_NO_RETRY,O018281,INV-0017353,639.0,1,"payment failed, no successful retry"
L03538,FAILED_PAYMENT_NO_RETRY,O036458,INV-0034552,797.05,1,"payment failed, no successful retry"
L03539,FAILED_PAYMENT_NO_RETRY,O007147,INV-0006778,379.05,1,"payment failed, no successful retry"
L03540,FAILED_PAYMENT_NO_RETRY,O018332,INV-0017403,3639.55,1,"payment failed, no successful retry"
L03541,FAILED_PAYMENT_NO_RETRY,O017087,INV-0016216,7419.75,1,"payment failed, no successful retry"
L03542,FAILED_PAYMENT_NO_RETRY,O017168,INV-0016296,314.1,1,"payment failed, no successful retry"
L03543,FAILED_PAYMENT_NO_RETRY,O046405,INV-0044025,3614.75,1,"payment failed, no successful retry"
L03544,FAILED_PAYMENT_NO_RETRY,O044469,INV-0042172,3777.0,1,"payment failed, no successful retry"
L03545,FAILED_PAYMENT_NO_RETRY,O024947,INV-0023663,220.15,1,"payment failed, no successful retry"
L03546,FAILED_PAYMENT_NO_RETRY,O010146,INV-0009610,1564.1,1,"payment failed, no successful retry"
L03547,FAILED_PAYMENT_NO_RETRY,O004273,INV-0004047,1969.0,1,"payment failed, no successful retry"
L03548,FAILED_PAYMENT_NO_RETRY,O041721,INV-0039541,2579.0,1,"payment failed, no successful retry"
L03549,FAILED_PAYMENT_NO_RETRY,O003047,INV-0002884,3589.2,1,"payment failed, no successful retry"
L03550,FAILED_PAYMENT_NO_RETRY,O000766,INV-0000732,576.3,1,"payment failed, no successful retry"
L03551,FAILED_PAYMENT_NO_RETRY,O011520,INV-0010915,4649.4,1,"payment failed, no successful retry"
L03552,FAILED_PAYMENT_NO_RETRY,O042670,INV-0040447,3061.6,1,"payment failed, no successful retry"
L03553,FAILED_PAYMENT_NO_RETRY,O011828,INV-0011204,3202.2,1,"payment failed, no successful retry"
L03554,FAILED_PAYMENT_NO_RETRY,O032965,INV-0031244,1016.1,1,"payment failed, no successful retry"
L03555,FAILED_PAYMENT_NO_RETRY,O017778,INV-0016876,616.55,1,"payment failed, no successful retry"
L03556,FAILED_PAYMENT_NO_RETRY,O013989,INV-0013272,449.65,1,"payment failed, no successful retry"
L03557,FAILED_PAYMENT_NO_RETRY,O044265,INV-0041973,2753.1,1,"payment failed, no successful retry"
L03558,FAILED_PAYMENT_NO_RETRY,O047792,INV-0045345,683.05,1,"payment failed, no successful retry"
L03559,FAILED_PAYMENT_NO_RETRY,O018291,INV-0017363,1256.3,1,"payment failed, no successful retry"
L03560,FAILED_PAYMENT_NO_RETRY,O020570,INV-0019519,4381.15,1,"payment failed, no successful retry"
L03561,FAILED_PAYMENT_NO_RETRY,O025657,INV-0024339,1488.25,1,"payment failed, no successful retry"
L03562,FAILED_PAYMENT_NO_RETRY,O012217,INV-0011576,987.05,1,"payment failed, no successful retry"
L03563,FAILED_PAYMENT_NO_RETRY,O009254,INV-0008763,3046.3,1,"payment failed, no successful retry"
L03564,FAILED_PAYMENT_NO_RETRY,O020840,INV-0019778,838.4,1,"payment failed, no successful retry"
L03565,FAILED_PAYMENT_NO_RETRY,O000458,INV-0000436,4731.55,1,"payment failed, no successful retry"
L03566,FAILED_PAYMENT_NO_RETRY,O026336,INV-0024978,1695.05,1,"payment failed, no successful retry"
L03567,FAILED_PAYMENT_NO_RETRY,O005819,INV-0005515,840.65,1,"payment failed, no successful retry"
L03568,FAILED_PAYMENT_NO_RETRY,O009478,INV-0008972,5487.2,1,"payment failed, no successful retry"
L03569,FAILED_PAYMENT_NO_RETRY,O047564,INV-0045129,2543.05,1,"payment failed, no successful retry"
L03570,FAILED_PAYMENT_NO_RETRY,O037922,INV-0035934,2544.3,1,"payment failed, no successful retry"
L03571,FAILED_PAYMENT_NO_RETRY,O040281,INV-0038172,2058.3,1,"payment failed, no successful retry"
L03572,FAILED_PAYMENT_NO_RETRY,O030407,INV-0028827,635.55,1,"payment failed, no successful retry"
L03573,FAILED_PAYMENT_NO_RETRY,O044677,INV-0042372,1359.0,1,"payment failed, no successful retry"
L03574,FAILED_PAYMENT_NO_RETRY,O013886,INV-0013176,4265.05,1,"payment failed, no successful retry"
L03575,FAILED_PAYMENT_NO_RETRY,O025632,INV-0024315,3175.95,1,"payment failed, no successful retry"
L03576,FAILED_PAYMENT_NO_RETRY,O047494,INV-0045063,1454.1,1,"payment failed, no successful retry"
L03577,FAILED_PAYMENT_NO_RETRY,O046479,INV-0044098,1678.55,1,"payment failed, no successful retry"
L03578,FAILED_PAYMENT_NO_RETRY,O041671,INV-0039492,994.65,1,"payment failed, no successful retry"
L03579,FAILED_PAYMENT_NO_RETRY,O009132,INV-0008650,4033.7,1,"payment failed, no successful retry"
L03580,FAILED_PAYMENT_NO_RETRY,O032600,INV-0030895,2914.2,1,"payment failed, no successful retry"
L03581,FAILED_PAYMENT_NO_RETRY,O042141,INV-0039940,1099.0,1,"payment failed, no successful retry"
L03582,FAILED_PAYMENT_NO_RETRY,O008320,INV-0007874,3297.0,1,"payment failed, no successful retry"
L03583,FAILED_PAYMENT_NO_RETRY,O038556,INV-0036525,1044.05,1,"payment failed, no successful retry"
L03584,FAILED_PAYMENT_NO_RETRY,O022098,INV-0020971,396.75,1,"payment failed, no successful retry"
L03585,FAILED_PAYMENT_NO_RETRY,O000528,INV-0000502,619.0,1,"payment failed, no successful retry"
L03586,FAILED_PAYMENT_NO_RETRY,O035130,INV-0033307,6178.15,1,"payment failed, no successful retry"
L03587,FAILED_PAYMENT_NO_RETRY,O007847,INV-0007436,1189.0,1,"payment failed, no successful retry"
L03588,FAILED_PAYMENT_NO_RETRY,O049213,INV-0046697,3437.0,1,"payment failed, no successful retry"
L03589,FAILED_PAYMENT_NO_RETRY,O040969,INV-0038832,1796.2,1,"payment failed, no successful retry"
L03590,FAILED_PAYMENT_NO_RETRY,O046238,INV-0043862,3737.2,1,"payment failed, no successful retry"
L03591,FAILED_PAYMENT_NO_RETRY,O024654,INV-0023386,1538.05,1,"payment failed, no successful retry"
L03592,FAILED_PAYMENT_NO_RETRY,O047265,INV-0044842,2950.05,1,"payment failed, no successful retry"
L03593,FAILED_PAYMENT_NO_RETRY,O004923,INV-0004661,969.0,1,"payment failed, no successful retry"
L03594,FAILED_PAYMENT_NO_RETRY,O021267,INV-0020175,1189.0,1,"payment failed, no successful retry"
L03595,FAILED_PAYMENT_NO_RETRY,O047922,INV-0045469,1129.0,1,"payment failed, no successful retry"
L03596,FAILED_PAYMENT_NO_RETRY,O002174,INV-0002060,1106.1,1,"payment failed, no successful retry"
L03597,FAILED_PAYMENT_NO_RETRY,O003392,INV-0003212,1502.35,1,"payment failed, no successful retry"
L03598,FAILED_PAYMENT_NO_RETRY,O004055,INV-0003847,1087.15,1,"payment failed, no successful retry"
L03599,FAILED_PAYMENT_NO_RETRY,O045851,INV-0043492,920.55,1,"payment failed, no successful retry"
L03600,FAILED_PAYMENT_NO_RETRY,O008164,INV-0007732,422.1,1,"payment failed, no successful retry"
L03601,FAILED_PAYMENT_NO_RETRY,O026461,INV-0025099,350.4,1,"payment failed, no successful retry"
L03602,FAILED_PAYMENT_NO_RETRY,O043860,INV-0041590,2032.2,1,"payment failed, no successful retry"
L03603,FAILED_PAYMENT_NO_RETRY,O022179,INV-0021049,653.65,1,"payment failed, no successful retry"
L03604,FAILED_PAYMENT_NO_RETRY,O004542,INV-0004303,388.55,1,"payment failed, no successful retry"
L03605,FAILED_PAYMENT_NO_RETRY,O006975,INV-0006617,5269.65,1,"payment failed, no successful retry"
L03606,FAILED_PAYMENT_NO_RETRY,O015550,INV-0014755,1328.1,1,"payment failed, no successful retry"
L03607,FAILED_PAYMENT_NO_RETRY,O036690,INV-0034769,1189.0,1,"payment failed, no successful retry"
L03608,FAILED_PAYMENT_NO_RETRY,O037912,INV-0035925,2229.65,1,"payment failed, no successful retry"
L03609,FAILED_PAYMENT_NO_RETRY,O026156,INV-0024812,593.1,1,"payment failed, no successful retry"
L03610,FAILED_PAYMENT_NO_RETRY,O000876,INV-0000835,1256.3,1,"payment failed, no successful retry"
L03611,FAILED_PAYMENT_NO_RETRY,O033159,INV-0031425,939.0,1,"payment failed, no successful retry"
L03612,FAILED_PAYMENT_NO_RETRY,O047908,INV-0045456,2321.1,1,"payment failed, no successful retry"
L03613,FAILED_PAYMENT_NO_RETRY,O043590,INV-0041329,839.0,1,"payment failed, no successful retry"
L03614,FAILED_PAYMENT_NO_RETRY,O007309,INV-0006934,3776.65,1,"payment failed, no successful retry"
L03615,FAILED_PAYMENT_NO_RETRY,O037454,INV-0035495,806.55,1,"payment failed, no successful retry"
L03616,FAILED_PAYMENT_NO_RETRY,O036840,INV-0034913,3489.25,1,"payment failed, no successful retry"
L03617,FAILED_PAYMENT_NO_RETRY,O040457,INV-0038343,689.0,1,"payment failed, no successful retry"
L03618,FAILED_PAYMENT_NO_RETRY,O036551,INV-0034637,2221.65,1,"payment failed, no successful retry"
L03619,FAILED_PAYMENT_NO_RETRY,O043699,INV-0041437,1768.25,1,"payment failed, no successful retry"
L03620,FAILED_PAYMENT_NO_RETRY,O018386,INV-0017454,1249.0,1,"payment failed, no successful retry"
L03621,FAILED_PAYMENT_NO_RETRY,O001086,INV-0001037,647.1,1,"payment failed, no successful retry"
L03622,FAILED_PAYMENT_NO_RETRY,O001862,INV-0001770,1917.25,1,"payment failed, no successful retry"
L03623,FAILED_PAYMENT_NO_RETRY,O004871,INV-0004613,925.65,1,"payment failed, no successful retry"
L03624,FAILED_PAYMENT_NO_RETRY,O008791,INV-0008322,4808.75,1,"payment failed, no successful retry"
L03625,FAILED_PAYMENT_NO_RETRY,O021690,INV-0020580,857.65,1,"payment failed, no successful retry"
L03626,FAILED_PAYMENT_NO_RETRY,O032683,INV-0030974,1366.1,1,"payment failed, no successful retry"
L03627,FAILED_PAYMENT_NO_RETRY,O036011,INV-0034130,1005.1,1,"payment failed, no successful retry"
L03628,FAILED_PAYMENT_NO_RETRY,O032751,INV-0031040,551.2,1,"payment failed, no successful retry"
L03629,FAILED_PAYMENT_NO_RETRY,O037432,INV-0035474,839.25,1,"payment failed, no successful retry"
L03630,FAILED_PAYMENT_NO_RETRY,O019995,INV-0018979,890.1,1,"payment failed, no successful retry"
L03631,FAILED_PAYMENT_NO_RETRY,O026745,INV-0025367,4112.3,1,"payment failed, no successful retry"
L03632,FAILED_PAYMENT_NO_RETRY,O010722,INV-0010159,3992.3,1,"payment failed, no successful retry"
L03633,FAILED_PAYMENT_NO_RETRY,O013970,INV-0013253,516.75,1,"payment failed, no successful retry"
L03634,FAILED_PAYMENT_NO_RETRY,O039718,INV-0037641,4038.9,1,"payment failed, no successful retry"
L03635,FAILED_PAYMENT_NO_RETRY,O038148,INV-0036140,5681.2,1,"payment failed, no successful retry"
L03636,FAILED_PAYMENT_NO_RETRY,O044073,INV-0041789,2321.1,1,"payment failed, no successful retry"
L03637,FAILED_PAYMENT_NO_RETRY,O044906,INV-0042593,1070.1,1,"payment failed, no successful retry"
L03638,FAILED_PAYMENT_NO_RETRY,O014210,INV-0013477,359.1,1,"payment failed, no successful retry"
L03639,FAILED_PAYMENT_NO_RETRY,O022043,INV-0020917,591.2,1,"payment failed, no successful retry"
L03640,FAILED_PAYMENT_NO_RETRY,O038834,INV-0036792,540.55,1,"payment failed, no successful retry"
L03641,FAILED_PAYMENT_NO_RETRY,O025778,INV-0024453,3150.4,1,"payment failed, no successful retry"
L03642,FAILED_PAYMENT_NO_RETRY,O025789,INV-0024464,4593.7,1,"payment failed, no successful retry"
L03643,FAILED_PAYMENT_NO_RETRY,O026401,INV-0025040,1906.1,1,"payment failed, no successful retry"
L03644,FAILED_PAYMENT_NO_RETRY,O049681,INV-0047146,1099.0,1,"payment failed, no successful retry"
L03645,FAILED_PAYMENT_NO_RETRY,O042744,INV-0040519,989.1,1,"payment failed, no successful retry"
L03646,FAILED_PAYMENT_NO_RETRY,O043618,INV-0041357,2398.0,1,"payment failed, no successful retry"
L03647,FAILED_PAYMENT_NO_RETRY,O020385,INV-0019343,934.15,1,"payment failed, no successful retry"
L03648,FAILED_PAYMENT_NO_RETRY,O019085,INV-0018119,1209.45,1,"payment failed, no successful retry"
L03649,FAILED_PAYMENT_NO_RETRY,O028173,INV-0026715,502.55,1,"payment failed, no successful retry"
L03650,FAILED_PAYMENT_NO_RETRY,O036383,INV-0034479,4339.65,1,"payment failed, no successful retry"
L03651,FAILED_PAYMENT_NO_RETRY,O025486,INV-0024172,3994.2,1,"payment failed, no successful retry"
L03652,FAILED_PAYMENT_NO_RETRY,O028465,INV-0026995,1074.1,1,"payment failed, no successful retry"
L03653,FAILED_PAYMENT_NO_RETRY,O006046,INV-0005731,1034.55,1,"payment failed, no successful retry"
L03654,FAILED_PAYMENT_NO_RETRY,O018320,INV-0017391,521.1,1,"payment failed, no successful retry"
L03655,FAILED_PAYMENT_NO_RETRY,O043804,INV-0041538,4096.0,1,"payment failed, no successful retry"
L03656,FAILED_PAYMENT_NO_RETRY,O048526,INV-0046042,8395.0,1,"payment failed, no successful retry"
L03657,FAILED_PAYMENT_NO_RETRY,O046328,INV-0043950,5040.0,1,"payment failed, no successful retry"
L03658,FAILED_PAYMENT_NO_RETRY,O000438,INV-0000417,2758.4,1,"payment failed, no successful retry"
L03659,FAILED_PAYMENT_NO_RETRY,O009981,INV-0009455,983.2,1,"payment failed, no successful retry"
L03660,FAILED_PAYMENT_NO_RETRY,O049347,INV-0046825,1070.1,1,"payment failed, no successful retry"
L03661,FAILED_PAYMENT_NO_RETRY,O013947,INV-0013230,1009.0,1,"payment failed, no successful retry"
L03662,FAILED_PAYMENT_NO_RETRY,O009292,INV-0008795,2058.65,1,"payment failed, no successful retry"
L03663,FAILED_PAYMENT_NO_RETRY,O038949,INV-0036902,1619.05,1,"payment failed, no successful retry"
L03664,FAILED_PAYMENT_NO_RETRY,O042935,INV-0040701,2924.1,1,"payment failed, no successful retry"
L03665,FAILED_PAYMENT_NO_RETRY,O029949,INV-0028394,1438.0,1,"payment failed, no successful retry"
L03666,FAILED_PAYMENT_NO_RETRY,O047346,INV-0044920,683.1,1,"payment failed, no successful retry"
L03667,FAILED_PAYMENT_NO_RETRY,O045365,INV-0043023,2326.7,1,"payment failed, no successful retry"
L03668,FAILED_PAYMENT_NO_RETRY,O023064,INV-0021882,2797.35,1,"payment failed, no successful retry"
L03669,FAILED_PAYMENT_NO_RETRY,O014088,INV-0013361,1449.0,1,"payment failed, no successful retry"
L03670,FAILED_PAYMENT_NO_RETRY,O025660,INV-0024342,503.3,1,"payment failed, no successful retry"
L03671,FAILED_PAYMENT_NO_RETRY,O042689,INV-0040466,359.1,1,"payment failed, no successful retry"
L03672,FAILED_PAYMENT_NO_RETRY,O034066,INV-0032287,959.65,1,"payment failed, no successful retry"
L03673,FAILED_PAYMENT_NO_RETRY,O048827,INV-0046329,959.65,1,"payment failed, no successful retry"
L03674,FAILED_PAYMENT_NO_RETRY,O033318,INV-0031575,2761.65,1,"payment failed, no successful retry"
L03675,FAILED_PAYMENT_NO_RETRY,O003134,INV-0002968,702.05,1,"payment failed, no successful retry"
L03676,FAILED_PAYMENT_NO_RETRY,O023512,INV-0022306,974.2,1,"payment failed, no successful retry"
L03677,FAILED_PAYMENT_NO_RETRY,O002336,INV-0002216,943.2,1,"payment failed, no successful retry"
L03678,FAILED_PAYMENT_NO_RETRY,O034200,INV-0032418,3085.65,1,"payment failed, no successful retry"
L03679,FAILED_PAYMENT_NO_RETRY,O020319,INV-0019279,1617.25,1,"payment failed, no successful retry"
L03680,FAILED_PAYMENT_NO_RETRY,O046938,INV-0044529,1223.1,1,"payment failed, no successful retry"
L03681,FAILED_PAYMENT_NO_RETRY,O023374,INV-0022177,414.4,1,"payment failed, no successful retry"
L03682,FAILED_PAYMENT_NO_RETRY,O003825,INV-0003630,602.1,1,"payment failed, no successful retry"
L03683,FAILED_PAYMENT_NO_RETRY,O037591,INV-0035623,3386.45,1,"payment failed, no successful retry"
L03684,FAILED_PAYMENT_NO_RETRY,O018020,INV-0017109,3387.0,1,"payment failed, no successful retry"
L03685,FAILED_PAYMENT_NO_RETRY,O003814,INV-0003619,2101.5,1,"payment failed, no successful retry"
L03686,FAILED_PAYMENT_NO_RETRY,O049055,INV-0046547,3086.55,1,"payment failed, no successful retry"
L03687,FAILED_PAYMENT_NO_RETRY,O049427,INV-0046900,683.05,1,"payment failed, no successful retry"
L03688,FAILED_PAYMENT_NO_RETRY,O002460,INV-0002331,5918.25,1,"payment failed, no successful retry"
L03689,FAILED_PAYMENT_NO_RETRY,O031831,INV-0030172,2241.75,1,"payment failed, no successful retry"
L03690,FAILED_PAYMENT_NO_RETRY,O042929,INV-0040695,1345.05,1,"payment failed, no successful retry"
L03691,FAILED_PAYMENT_NO_RETRY,O036056,INV-0034174,1438.2,1,"payment failed, no successful retry"
L03692,FAILED_PAYMENT_NO_RETRY,O048695,INV-0046201,1807.75,1,"payment failed, no successful retry"
L03693,FAILED_PAYMENT_NO_RETRY,O011634,INV-0011022,1291.05,1,"payment failed, no successful retry"
L03694,FAILED_PAYMENT_NO_RETRY,O030933,INV-0029317,930.05,1,"payment failed, no successful retry"
L03695,FAILED_PAYMENT_NO_RETRY,O011259,INV-0010665,1276.65,1,"payment failed, no successful retry"
L03696,FAILED_PAYMENT_NO_RETRY,O024769,INV-0023494,879.2,1,"payment failed, no successful retry"
L03697,FAILED_PAYMENT_NO_RETRY,O028360,INV-0026894,1165.65,1,"payment failed, no successful retry"
L03698,FAILED_PAYMENT_NO_RETRY,O030511,INV-0028922,921.75,1,"payment failed, no successful retry"
L03699,FAILED_PAYMENT_NO_RETRY,O042136,INV-0039935,635.55,1,"payment failed, no successful retry"
L03700,FAILED_PAYMENT_NO_RETRY,O042228,INV-0040025,2705.4,1,"payment failed, no successful retry"
L03701,FAILED_PAYMENT_NO_RETRY,O041002,INV-0038865,399.0,1,"payment failed, no successful retry"
L03702,FAILED_PAYMENT_NO_RETRY,O023081,INV-0021898,1439.0,1,"payment failed, no successful retry"
L03703,FAILED_PAYMENT_NO_RETRY,O020231,INV-0019196,4271.9,1,"payment failed, no successful retry"
L03704,FAILED_PAYMENT_NO_RETRY,O009183,INV-0008695,1476.75,1,"payment failed, no successful retry"
L03705,FAILED_PAYMENT_NO_RETRY,O003386,INV-0003206,755.1,1,"payment failed, no successful retry"
L03706,FAILED_PAYMENT_NO_RETRY,O013748,INV-0013046,607.05,1,"payment failed, no successful retry"
L03707,FAILED_PAYMENT_NO_RETRY,O007333,INV-0006958,1431.75,1,"payment failed, no successful retry"
L03708,FAILED_PAYMENT_NO_RETRY,O017356,INV-0016477,5228.75,1,"payment failed, no successful retry"
L03709,FAILED_PAYMENT_NO_RETRY,O013670,INV-0012970,529.0,1,"payment failed, no successful retry"
L03710,FAILED_PAYMENT_NO_RETRY,O014613,INV-0013858,3802.8,1,"payment failed, no successful retry"
L03711,FAILED_PAYMENT_NO_RETRY,O003155,INV-0002988,1733.05,1,"payment failed, no successful retry"
L03712,FAILED_PAYMENT_NO_RETRY,O022957,INV-0021778,1179.0,1,"payment failed, no successful retry"
L03713,FAILED_PAYMENT_NO_RETRY,O029067,INV-0027568,1100.1,1,"payment failed, no successful retry"
L03714,FAILED_PAYMENT_NO_RETRY,O042137,INV-0039936,1167.55,1,"payment failed, no successful retry"
L03715,FAILED_PAYMENT_NO_RETRY,O018238,INV-0017312,1207.05,1,"payment failed, no successful retry"
L03716,FAILED_PAYMENT_NO_RETRY,O021613,INV-0020504,1748.4,1,"payment failed, no successful retry"
L03717,FAILED_PAYMENT_NO_RETRY,O006791,INV-0006443,845.1,1,"payment failed, no successful retry"
L03718,FAILED_PAYMENT_NO_RETRY,O040270,INV-0038162,895.2,1,"payment failed, no successful retry"
L03719,FAILED_PAYMENT_NO_RETRY,O003260,INV-0003083,2579.0,1,"payment failed, no successful retry"
L03720,FAILED_PAYMENT_NO_RETRY,O003503,INV-0003317,1338.0,1,"payment failed, no successful retry"
L03721,FAILED_PAYMENT_NO_RETRY,O044389,INV-0042095,1319.0,1,"payment failed, no successful retry"
L03722,FAILED_PAYMENT_NO_RETRY,O007914,INV-0007501,1146.55,1,"payment failed, no successful retry"
L03723,FAILED_PAYMENT_NO_RETRY,O031748,INV-0030094,3058.2,1,"payment failed, no successful retry"
L03724,FAILED_PAYMENT_NO_RETRY,O022832,INV-0021660,853.35,1,"payment failed, no successful retry"
L03725,FAILED_PAYMENT_NO_RETRY,O012082,INV-0011448,3249.0,1,"payment failed, no successful retry"
L03726,FAILED_PAYMENT_NO_RETRY,O007482,INV-0007094,939.55,1,"payment failed, no successful retry"
L03727,FAILED_PAYMENT_NO_RETRY,O043015,INV-0040779,2502.1,1,"payment failed, no successful retry"
L03728,FAILED_PAYMENT_NO_RETRY,O026410,INV-0025048,1016.1,1,"payment failed, no successful retry"
L03729,FAILED_PAYMENT_NO_RETRY,O012516,INV-0011860,989.1,1,"payment failed, no successful retry"
L03730,FAILED_PAYMENT_NO_RETRY,O036080,INV-0034197,1873.3,1,"payment failed, no successful retry"
L03731,FAILED_PAYMENT_NO_RETRY,O012237,INV-0011594,339.0,1,"payment failed, no successful retry"
L03732,FAILED_PAYMENT_NO_RETRY,O004347,INV-0004119,879.0,1,"payment failed, no successful retry"
L03733,FAILED_PAYMENT_NO_RETRY,O004840,INV-0004583,965.05,1,"payment failed, no successful retry"
L03734,FAILED_PAYMENT_NO_RETRY,O009592,INV-0009085,2088.1,1,"payment failed, no successful retry"
L03735,FAILED_PAYMENT_NO_RETRY,O032295,INV-0030612,1582.2,1,"payment failed, no successful retry"
L03736,FAILED_PAYMENT_NO_RETRY,O018955,INV-0017997,1678.0,1,"payment failed, no successful retry"
L03737,FAILED_PAYMENT_NO_RETRY,O036945,INV-0035014,1414.55,1,"payment failed, no successful retry"
L03738,FAILED_PAYMENT_NO_RETRY,O016604,INV-0015755,1449.0,1,"payment failed, no successful retry"
L03739,FAILED_PAYMENT_NO_RETRY,O039506,INV-0037437,1218.0,1,"payment failed, no successful retry"
L03740,FAILED_PAYMENT_NO_RETRY,O014175,INV-0013444,1279.0,1,"payment failed, no successful retry"
L03741,FAILED_PAYMENT_NO_RETRY,O016657,INV-0015807,516.75,1,"payment failed, no successful retry"
L03742,FAILED_PAYMENT_NO_RETRY,O023666,INV-0022450,3771.75,1,"payment failed, no successful retry"
L03743,FAILED_PAYMENT_NO_RETRY,O040582,INV-0038466,2427.6,1,"payment failed, no successful retry"
L03744,FAILED_PAYMENT_NO_RETRY,O039191,INV-0037133,1469.0,1,"payment failed, no successful retry"
L03745,FAILED_PAYMENT_NO_RETRY,O033258,INV-0031519,3191.8,1,"payment failed, no successful retry"
L03746,FAILED_PAYMENT_NO_RETRY,O038972,INV-0036923,1439.0,1,"payment failed, no successful retry"
L03747,FAILED_PAYMENT_NO_RETRY,O043874,INV-0041603,1108.35,1,"payment failed, no successful retry"
L03748,FAILED_PAYMENT_NO_RETRY,O041848,INV-0039661,3712.7,1,"payment failed, no successful retry"
L03749,FAILED_PAYMENT_NO_RETRY,O017565,INV-0016672,1997.1,1,"payment failed, no successful retry"
L03750,FAILED_PAYMENT_NO_RETRY,O007149,INV-0006780,755.1,1,"payment failed, no successful retry"
L03751,FAILED_PAYMENT_NO_RETRY,O042497,INV-0040283,1449.0,1,"payment failed, no successful retry"
L03752,FAILED_PAYMENT_NO_RETRY,O018967,INV-0018008,1034.1,1,"payment failed, no successful retry"
L03753,FAILED_PAYMENT_NO_RETRY,O037156,INV-0035217,6234.25,1,"payment failed, no successful retry"
L03754,FAILED_PAYMENT_NO_RETRY,O031221,INV-0029589,263.2,1,"payment failed, no successful retry"
L03755,FAILED_PAYMENT_NO_RETRY,O040893,INV-0038764,2579.0,1,"payment failed, no successful retry"
L03756,FAILED_PAYMENT_NO_RETRY,O042489,INV-0040276,1459.0,1,"payment failed, no successful retry"
L03757,FAILED_PAYMENT_NO_RETRY,O014392,INV-0013652,1249.0,1,"payment failed, no successful retry"
L03758,FAILED_PAYMENT_NO_RETRY,O004745,INV-0004493,656.1,1,"payment failed, no successful retry"
L03759,FAILED_PAYMENT_NO_RETRY,O038287,INV-0036273,551.2,1,"payment failed, no successful retry"
L03760,FAILED_PAYMENT_NO_RETRY,O031841,INV-0030181,1297.75,1,"payment failed, no successful retry"
L03761,FAILED_PAYMENT_NO_RETRY,O000638,INV-0000607,2394.75,1,"payment failed, no successful retry"
L03762,FAILED_PAYMENT_NO_RETRY,O037272,INV-0035326,246.05,1,"payment failed, no successful retry"
L03763,FAILED_PAYMENT_NO_RETRY,O032681,INV-0030972,2430.1,1,"payment failed, no successful retry"
L03764,FAILED_PAYMENT_NO_RETRY,O021807,INV-0020692,2463.3,1,"payment failed, no successful retry"
L03765,FAILED_PAYMENT_NO_RETRY,O040097,INV-0038001,3322.05,1,"payment failed, no successful retry"
L03766,FAILED_PAYMENT_NO_RETRY,O022580,INV-0021428,548.1,1,"payment failed, no successful retry"
L03767,FAILED_PAYMENT_NO_RETRY,O022973,INV-0021793,1536.3,1,"payment failed, no successful retry"
L03768,FAILED_PAYMENT_NO_RETRY,O039005,INV-0036953,1376.55,1,"payment failed, no successful retry"
L03769,FAILED_PAYMENT_NO_RETRY,O019746,INV-0018744,3352.7,1,"payment failed, no successful retry"
L03770,FAILED_PAYMENT_NO_RETRY,O015328,INV-0014539,1578.2,1,"payment failed, no successful retry"
L03771,FAILED_PAYMENT_NO_RETRY,O025956,INV-0024623,551.2,1,"payment failed, no successful retry"
L03772,FAILED_PAYMENT_NO_RETRY,O002768,INV-0002625,2579.05,1,"payment failed, no successful retry"
L03773,FAILED_PAYMENT_NO_RETRY,O049020,INV-0046514,2447.1,1,"payment failed, no successful retry"
L03774,FAILED_PAYMENT_NO_RETRY,O030892,INV-0029276,2579.0,1,"payment failed, no successful retry"
L03775,FAILED_PAYMENT_NO_RETRY,O047991,INV-0045531,4257.0,1,"payment failed, no successful retry"
L03776,FAILED_PAYMENT_NO_RETRY,O002396,INV-0002272,702.05,1,"payment failed, no successful retry"
L03777,FAILED_PAYMENT_NO_RETRY,O001706,INV-0001623,2938.0,1,"payment failed, no successful retry"
L03778,FAILED_PAYMENT_NO_RETRY,O002305,INV-0002186,476.1,1,"payment failed, no successful retry"
L03779,FAILED_PAYMENT_NO_RETRY,O027257,INV-0025847,939.0,1,"payment failed, no successful retry"
L03780,FAILED_PAYMENT_NO_RETRY,O037584,INV-0035616,3033.65,1,"payment failed, no successful retry"
L03781,FAILED_PAYMENT_NO_RETRY,O041879,INV-0039690,10958.5,1,"payment failed, no successful retry"
L03782,FAILED_PAYMENT_NO_RETRY,O046829,INV-0044423,1806.3,1,"payment failed, no successful retry"
L03783,FAILED_PAYMENT_NO_RETRY,O009835,INV-0009315,2719.0,1,"payment failed, no successful retry"
L03784,FAILED_PAYMENT_NO_RETRY,O049693,INV-0047158,669.0,1,"payment failed, no successful retry"
L03785,FAILED_PAYMENT_NO_RETRY,O004267,INV-0004041,798.15,1,"payment failed, no successful retry"
L03786,FAILED_PAYMENT_NO_RETRY,O027790,INV-0026348,2176.65,1,"payment failed, no successful retry"
L03787,FAILED_PAYMENT_NO_RETRY,O035098,INV-0033275,1678.0,1,"payment failed, no successful retry"
L03788,FAILED_PAYMENT_NO_RETRY,O024776,INV-0023501,6484.05,1,"payment failed, no successful retry"
L03789,FAILED_PAYMENT_NO_RETRY,O022439,INV-0021295,327.2,1,"payment failed, no successful retry"
L03790,FAILED_PAYMENT_NO_RETRY,O020193,INV-0019162,654.4,1,"payment failed, no successful retry"
L03791,FAILED_PAYMENT_NO_RETRY,O035396,INV-0033558,1386.05,1,"payment failed, no successful retry"
L03792,FAILED_PAYMENT_NO_RETRY,O018846,INV-0017893,756.75,1,"payment failed, no successful retry"
L03793,FAILED_PAYMENT_NO_RETRY,O045555,INV-0043204,540.55,1,"payment failed, no successful retry"
L03794,FAILED_PAYMENT_NO_RETRY,O024144,INV-0022903,414.4,1,"payment failed, no successful retry"
L03795,FAILED_PAYMENT_NO_RETRY,O015715,INV-0014910,246.75,1,"payment failed, no successful retry"
L03796,FAILED_PAYMENT_NO_RETRY,O042492,INV-0040279,476.1,1,"payment failed, no successful retry"
L03797,FAILED_PAYMENT_NO_RETRY,O042646,INV-0040424,3118.0,1,"payment failed, no successful retry"
L03798,FAILED_PAYMENT_NO_RETRY,O015861,INV-0015052,2839.55,1,"payment failed, no successful retry"
L03799,FAILED_PAYMENT_NO_RETRY,O006916,INV-0006560,2579.0,1,"payment failed, no successful retry"
L03800,FAILED_PAYMENT_NO_RETRY,O008020,INV-0007597,4855.35,1,"payment failed, no successful retry"
L03801,FAILED_PAYMENT_NO_RETRY,O032322,INV-0030638,2067.0,1,"payment failed, no successful retry"
L03802,FAILED_PAYMENT_NO_RETRY,O019299,INV-0018321,396.75,1,"payment failed, no successful retry"
L03803,FAILED_PAYMENT_NO_RETRY,O002659,INV-0002522,2134.55,1,"payment failed, no successful retry"
L03804,FAILED_PAYMENT_NO_RETRY,O025467,INV-0024154,3685.75,1,"payment failed, no successful retry"
L03805,FAILED_PAYMENT_NO_RETRY,O032002,INV-0030334,1418.65,1,"payment failed, no successful retry"
L03806,FAILED_PAYMENT_NO_RETRY,O036380,INV-0034476,1005.1,1,"payment failed, no successful retry"
L03807,FAILED_PAYMENT_NO_RETRY,O021098,INV-0020016,3741.1,1,"payment failed, no successful retry"
L03808,FAILED_PAYMENT_NO_RETRY,O003459,INV-0003275,373.15,1,"payment failed, no successful retry"
L03809,FAILED_PAYMENT_NO_RETRY,O000287,INV-0000272,2321.1,1,"payment failed, no successful retry"
L03810,FAILED_PAYMENT_NO_RETRY,O046160,INV-0043787,4086.2,1,"payment failed, no successful retry"
L03811,FAILED_PAYMENT_NO_RETRY,O024250,INV-0023002,288.15,1,"payment failed, no successful retry"
L03812,FAILED_PAYMENT_NO_RETRY,O014707,INV-0013946,2067.0,1,"payment failed, no successful retry"
L03813,FAILED_PAYMENT_NO_RETRY,O036158,INV-0034272,739.0,1,"payment failed, no successful retry"
L03814,FAILED_PAYMENT_NO_RETRY,O022348,INV-0021208,1070.1,1,"payment failed, no successful retry"
L03815,FAILED_PAYMENT_NO_RETRY,O046976,INV-0044565,1881.25,1,"payment failed, no successful retry"
L03816,FAILED_PAYMENT_NO_RETRY,O001749,INV-0001662,1619.0,1,"payment failed, no successful retry"
L03817,FAILED_PAYMENT_NO_RETRY,O014867,INV-0014099,407.55,1,"payment failed, no successful retry"
L03818,FAILED_PAYMENT_NO_RETRY,O034903,INV-0033083,476.1,1,"payment failed, no successful retry"
L03819,FAILED_PAYMENT_NO_RETRY,O006312,INV-0005984,1795.3,1,"payment failed, no successful retry"
L03820,FAILED_PAYMENT_NO_RETRY,O035726,INV-0033868,4213.2,1,"payment failed, no successful retry"
L03821,FAILED_PAYMENT_NO_RETRY,O003787,INV-0003595,2794.75,1,"payment failed, no successful retry"
L03822,FAILED_PAYMENT_NO_RETRY,O042590,INV-0040369,989.1,1,"payment failed, no successful retry"
L03823,FAILED_PAYMENT_NO_RETRY,O038855,INV-0036812,1338.0,1,"payment failed, no successful retry"
L03824,FAILED_PAYMENT_NO_RETRY,O027927,INV-0026478,2868.3,1,"payment failed, no successful retry"
L03825,FAILED_PAYMENT_NO_RETRY,O042886,INV-0040653,220.15,1,"payment failed, no successful retry"
L03826,FAILED_PAYMENT_NO_RETRY,O032046,INV-0030377,2989.15,1,"payment failed, no successful retry"
L03827,FAILED_PAYMENT_NO_RETRY,O005627,INV-0005331,3544.15,1,"payment failed, no successful retry"
L03828,FAILED_PAYMENT_NO_RETRY,O048384,INV-0045906,2898.0,1,"payment failed, no successful retry"
L03829,FAILED_PAYMENT_NO_RETRY,O039402,INV-0037337,930.05,1,"payment failed, no successful retry"
L03830,FAILED_PAYMENT_NO_RETRY,O044236,INV-0041945,602.1,1,"payment failed, no successful retry"
L03831,FAILED_PAYMENT_NO_RETRY,O042949,INV-0040715,314.1,1,"payment failed, no successful retry"
L03832,FAILED_PAYMENT_NO_RETRY,O047917,INV-0045465,1077.0,1,"payment failed, no successful retry"
L03833,FAILED_PAYMENT_NO_RETRY,O005788,INV-0005486,3774.05,1,"payment failed, no successful retry"
L03834,FAILED_PAYMENT_NO_RETRY,O039717,INV-0037640,1199.2,1,"payment failed, no successful retry"
L03835,FAILED_PAYMENT_NO_RETRY,O013491,INV-0012795,1106.1,1,"payment failed, no successful retry"
L03836,FAILED_PAYMENT_NO_RETRY,O019674,INV-0018678,1494.4,1,"payment failed, no successful retry"
L03837,FAILED_PAYMENT_NO_RETRY,O034198,INV-0032416,791.2,1,"payment failed, no successful retry"
L03838,FAILED_PAYMENT_NO_RETRY,O009106,INV-0008625,2593.25,1,"payment failed, no successful retry"
L03839,FAILED_PAYMENT_NO_RETRY,O032206,INV-0030527,1963.65,1,"payment failed, no successful retry"
L03840,FAILED_PAYMENT_NO_RETRY,O021986,INV-0020861,1488.65,1,"payment failed, no successful retry"
L03841,FAILED_PAYMENT_NO_RETRY,O035010,INV-0033188,913.5,1,"payment failed, no successful retry"
L03842,FAILED_PAYMENT_NO_RETRY,O002975,INV-0002817,815.05,1,"payment failed, no successful retry"
L03843,FAILED_PAYMENT_NO_RETRY,O013435,INV-0012740,609.0,1,"payment failed, no successful retry"
L03844,FAILED_PAYMENT_NO_RETRY,O017095,INV-0016224,2447.15,1,"payment failed, no successful retry"
L03845,FAILED_PAYMENT_NO_RETRY,O032381,INV-0030696,1459.0,1,"payment failed, no successful retry"
L03846,FAILED_PAYMENT_NO_RETRY,O020709,INV-0019651,591.2,1,"payment failed, no successful retry"
L03847,FAILED_PAYMENT_NO_RETRY,O001357,INV-0001291,689.0,1,"payment failed, no successful retry"
L03848,FAILED_PAYMENT_NO_RETRY,O041341,INV-0039180,845.1,1,"payment failed, no successful retry"
L03849,FAILED_PAYMENT_NO_RETRY,O034471,INV-0032675,3393.05,1,"payment failed, no successful retry"
L03850,FAILED_PAYMENT_NO_RETRY,O003886,INV-0003685,1039.0,1,"payment failed, no successful retry"
L03851,FAILED_PAYMENT_NO_RETRY,O047725,INV-0045284,233.1,1,"payment failed, no successful retry"
L03852,FAILED_PAYMENT_NO_RETRY,O009206,INV-0008717,3868.4,1,"payment failed, no successful retry"
L03853,FAILED_PAYMENT_NO_RETRY,O027483,INV-0026058,259.0,1,"payment failed, no successful retry"
L03854,FAILED_PAYMENT_NO_RETRY,O046018,INV-0043651,2082.75,1,"payment failed, no successful retry"
L03855,FAILED_PAYMENT_NO_RETRY,O010386,INV-0009840,1469.0,1,"payment failed, no successful retry"
L03856,FAILED_PAYMENT_NO_RETRY,O008722,INV-0008257,3236.55,1,"payment failed, no successful retry"
L03857,FAILED_PAYMENT_NO_RETRY,O037076,INV-0035138,2212.2,1,"payment failed, no successful retry"
L03858,FAILED_PAYMENT_NO_RETRY,O038831,INV-0036789,7265.4,1,"payment failed, no successful retry"
L03859,FAILED_PAYMENT_NO_RETRY,O033011,INV-0031285,388.55,1,"payment failed, no successful retry"
L03860,FAILED_PAYMENT_NO_RETRY,O017781,INV-0016879,3232.8,1,"payment failed, no successful retry"
L03861,FAILED_PAYMENT_NO_RETRY,O004459,INV-0004228,585.65,1,"payment failed, no successful retry"
L03862,FAILED_PAYMENT_NO_RETRY,O048152,INV-0045686,1813.85,1,"payment failed, no successful retry"
L03863,FAILED_PAYMENT_NO_RETRY,O039695,INV-0037619,1340.1,1,"payment failed, no successful retry"
L03864,FAILED_PAYMENT_NO_RETRY,O025799,INV-0024474,2619.15,1,"payment failed, no successful retry"
L03865,FAILED_PAYMENT_NO_RETRY,O004553,INV-0004313,3400.15,1,"payment failed, no successful retry"
L03866,FAILED_PAYMENT_NO_RETRY,O003612,INV-0003425,3249.0,1,"payment failed, no successful retry"
L03867,FAILED_PAYMENT_NO_RETRY,O043412,INV-0041156,3629.05,1,"payment failed, no successful retry"
L03868,FAILED_PAYMENT_NO_RETRY,O024538,INV-0023276,739.0,1,"payment failed, no successful retry"
L03869,FAILED_PAYMENT_NO_RETRY,O047982,INV-0045522,3011.3,1,"payment failed, no successful retry"
L03870,FAILED_PAYMENT_NO_RETRY,O019977,INV-0018962,3065.05,1,"payment failed, no successful retry"
L03871,FAILED_PAYMENT_NO_RETRY,O018876,INV-0017920,396.75,1,"payment failed, no successful retry"
L03872,FAILED_PAYMENT_NO_RETRY,O033998,INV-0032221,2062.35,1,"payment failed, no successful retry"
L03873,FAILED_PAYMENT_NO_RETRY,O033950,INV-0032175,908.65,1,"payment failed, no successful retry"
L03874,FAILED_PAYMENT_NO_RETRY,O047315,INV-0044890,588.05,1,"payment failed, no successful retry"
L03875,FAILED_PAYMENT_NO_RETRY,O003653,INV-0003464,1493.1,1,"payment failed, no successful retry"
L03876,FAILED_PAYMENT_NO_RETRY,O027029,INV-0025638,3852.3,1,"payment failed, no successful retry"
L03877,FAILED_PAYMENT_NO_RETRY,O023202,INV-0022016,1502.4,1,"payment failed, no successful retry"
L03878,FAILED_PAYMENT_NO_RETRY,O028035,INV-0026583,1469.0,1,"payment failed, no successful retry"
L03879,FAILED_PAYMENT_NO_RETRY,O018814,INV-0017862,620.1,1,"payment failed, no successful retry"
L03880,FAILED_PAYMENT_NO_RETRY,O018455,INV-0017519,1602.9,1,"payment failed, no successful retry"
L03881,FAILED_PAYMENT_NO_RETRY,O036045,INV-0034163,2658.1,1,"payment failed, no successful retry"
L03882,FAILED_PAYMENT_NO_RETRY,O009199,INV-0008710,1186.55,1,"payment failed, no successful retry"
L03883,FAILED_PAYMENT_NO_RETRY,O001931,INV-0001834,233.1,1,"payment failed, no successful retry"
L03884,FAILED_PAYMENT_NO_RETRY,O037543,INV-0035578,2639.0,1,"payment failed, no successful retry"
L03885,FAILED_PAYMENT_NO_RETRY,O010218,INV-0009679,2701.05,1,"payment failed, no successful retry"
L03886,FAILED_PAYMENT_NO_RETRY,O030236,INV-0028665,1698.3,1,"payment failed, no successful retry"
L03887,FAILED_PAYMENT_NO_RETRY,O011043,INV-0010460,1438.0,1,"payment failed, no successful retry"
L03888,FAILED_PAYMENT_NO_RETRY,O008004,INV-0007582,263.2,1,"payment failed, no successful retry"
L03889,FAILED_PAYMENT_NO_RETRY,O010854,INV-0010281,739.0,1,"payment failed, no successful retry"
L03890,FAILED_PAYMENT_NO_RETRY,O021819,INV-0020703,1206.15,1,"payment failed, no successful retry"
L03891,FAILED_PAYMENT_NO_RETRY,O004518,INV-0004282,1548.0,1,"payment failed, no successful retry"
L03892,FAILED_PAYMENT_NO_RETRY,O042507,INV-0040292,1455.55,1,"payment failed, no successful retry"
L03893,FAILED_PAYMENT_NO_RETRY,O040078,INV-0037982,5020.3,1,"payment failed, no successful retry"
L03894,FAILED_PAYMENT_NO_RETRY,O001823,INV-0001734,1395.55,1,"payment failed, no successful retry"
L03895,FAILED_PAYMENT_NO_RETRY,O015472,INV-0014679,989.1,1,"payment failed, no successful retry"
L03896,FAILED_PAYMENT_NO_RETRY,O025115,INV-0023824,551.65,1,"payment failed, no successful retry"
L03897,FAILED_PAYMENT_NO_RETRY,O008115,INV-0007686,656.1,1,"payment failed, no successful retry"
L03898,FAILED_PAYMENT_NO_RETRY,O036116,INV-0034232,2406.2,1,"payment failed, no successful retry"
L03899,FAILED_PAYMENT_NO_RETRY,O029302,INV-0027790,683.05,1,"payment failed, no successful retry"
L03900,FAILED_PAYMENT_NO_RETRY,O033958,INV-0032182,5128.3,1,"payment failed, no successful retry"
L03901,FAILED_PAYMENT_NO_RETRY,O046261,INV-0043884,1388.65,1,"payment failed, no successful retry"
L03902,FAILED_PAYMENT_NO_RETRY,O006435,INV-0006100,1860.1,1,"payment failed, no successful retry"
L03903,FAILED_PAYMENT_NO_RETRY,O018069,INV-0017156,395.85,1,"payment failed, no successful retry"
L03904,FAILED_PAYMENT_NO_RETRY,O039809,INV-0037725,2450.05,1,"payment failed, no successful retry"
L03905,FAILED_PAYMENT_NO_RETRY,O024346,INV-0023093,1427.3,1,"payment failed, no successful retry"
L03906,FAILED_PAYMENT_NO_RETRY,O022190,INV-0021060,2378.0,1,"payment failed, no successful retry"
L03907,FAILED_PAYMENT_NO_RETRY,O008994,INV-0008515,2544.1,1,"payment failed, no successful retry"
L03908,FAILED_PAYMENT_NO_RETRY,O027196,INV-0025787,669.0,1,"payment failed, no successful retry"
L03909,FAILED_PAYMENT_NO_RETRY,O035316,INV-0033483,1359.0,1,"payment failed, no successful retry"
L03910,FAILED_PAYMENT_NO_RETRY,O024158,INV-0022917,1515.5,1,"payment failed, no successful retry"
L03911,FAILED_PAYMENT_NO_RETRY,O046481,INV-0044100,4334.3,1,"payment failed, no successful retry"
L03912,FAILED_PAYMENT_NO_RETRY,O019027,INV-0018062,4205.9,1,"payment failed, no successful retry"
L03913,FAILED_PAYMENT_NO_RETRY,O021618,INV-0020509,367.2,1,"payment failed, no successful retry"
L03914,FAILED_PAYMENT_NO_RETRY,O045080,INV-0042753,1588.65,1,"payment failed, no successful retry"
L03915,FAILED_PAYMENT_NO_RETRY,O047251,INV-0044830,2048.0,1,"payment failed, no successful retry"
L03916,FAILED_PAYMENT_NO_RETRY,O002933,INV-0002781,246.05,1,"payment failed, no successful retry"
L03917,FAILED_PAYMENT_NO_RETRY,O019536,INV-0018547,2056.15,1,"payment failed, no successful retry"
L03918,FAILED_PAYMENT_NO_RETRY,O036504,INV-0034592,331.55,1,"payment failed, no successful retry"
L03919,FAILED_PAYMENT_NO_RETRY,O001296,INV-0001232,1304.1,1,"payment failed, no successful retry"
L03920,FAILED_PAYMENT_NO_RETRY,O027122,INV-0025723,920.55,1,"payment failed, no successful retry"
L03921,FAILED_PAYMENT_NO_RETRY,O016140,INV-0015320,2562.3,1,"payment failed, no successful retry"
L03922,FAILED_PAYMENT_NO_RETRY,O037136,INV-0035197,4930.1,1,"payment failed, no successful retry"
L03923,FAILED_PAYMENT_NO_RETRY,O033613,INV-0031854,568.65,1,"payment failed, no successful retry"
L03924,FAILED_PAYMENT_NO_RETRY,O027084,INV-0025689,2216.2,1,"payment failed, no successful retry"
L03925,FAILED_PAYMENT_NO_RETRY,O007596,INV-0007204,1828.0,1,"payment failed, no successful retry"
L03926,FAILED_PAYMENT_NO_RETRY,O003510,INV-0003324,2106.15,1,"payment failed, no successful retry"
L03927,FAILED_PAYMENT_NO_RETRY,O039676,INV-0037600,1229.0,1,"payment failed, no successful retry"
L03928,FAILED_PAYMENT_NO_RETRY,O048322,INV-0045848,3714.1,1,"payment failed, no successful retry"
L03929,FAILED_PAYMENT_NO_RETRY,O040877,INV-0038748,7688.6,1,"payment failed, no successful retry"
L03930,FAILED_PAYMENT_NO_RETRY,O038382,INV-0036362,689.0,1,"payment failed, no successful retry"
L03931,FAILED_PAYMENT_NO_RETRY,O039744,INV-0037665,1359.0,1,"payment failed, no successful retry"
L03932,FAILED_PAYMENT_NO_RETRY,O043758,INV-0041493,1639.0,1,"payment failed, no successful retry"
L03933,FAILED_PAYMENT_NO_RETRY,O041008,INV-0038871,2512.05,1,"payment failed, no successful retry"
L03934,FAILED_PAYMENT_NO_RETRY,O010338,INV-0009793,1158.0,1,"payment failed, no successful retry"
L03935,FAILED_PAYMENT_NO_RETRY,O029770,INV-0028232,1196.05,1,"payment failed, no successful retry"
L03936,FAILED_PAYMENT_NO_RETRY,O027601,INV-0026167,2583.05,1,"payment failed, no successful retry"
L03937,FAILED_PAYMENT_NO_RETRY,O041681,INV-0039502,2055.2,1,"payment failed, no successful retry"
L03938,FAILED_PAYMENT_NO_RETRY,O017662,INV-0016765,4814.2,1,"payment failed, no successful retry"
L03939,FAILED_PAYMENT_NO_RETRY,O032387,INV-0030702,2198.0,1,"payment failed, no successful retry"
L03940,FAILED_PAYMENT_NO_RETRY,O017097,INV-0016226,585.65,1,"payment failed, no successful retry"
L03941,FAILED_PAYMENT_NO_RETRY,O006925,INV-0006568,619.0,1,"payment failed, no successful retry"
L03942,FAILED_PAYMENT_NO_RETRY,O037609,INV-0035639,2550.1,1,"payment failed, no successful retry"
L03943,FAILED_PAYMENT_NO_RETRY,O041743,INV-0039561,502.55,1,"payment failed, no successful retry"
L03944,FAILED_PAYMENT_NO_RETRY,O001818,INV-0001729,449.65,1,"payment failed, no successful retry"
L03945,FAILED_PAYMENT_NO_RETRY,O030232,INV-0028662,3146.2,1,"payment failed, no successful retry"
L03946,FAILED_PAYMENT_NO_RETRY,O027841,INV-0026397,1837.15,1,"payment failed, no successful retry"
L03947,FAILED_PAYMENT_NO_RETRY,O012356,INV-0011707,619.0,1,"payment failed, no successful retry"
L03948,FAILED_PAYMENT_NO_RETRY,O011958,INV-0011329,7754.25,1,"payment failed, no successful retry"
L03949,FAILED_PAYMENT_NO_RETRY,O037640,INV-0035669,3160.1,1,"payment failed, no successful retry"
L03950,FAILED_PAYMENT_NO_RETRY,O009642,INV-0009132,3030.2,1,"payment failed, no successful retry"
L03951,FAILED_PAYMENT_NO_RETRY,O046044,INV-0043677,1756.05,1,"payment failed, no successful retry"
L03952,FAILED_PAYMENT_NO_RETRY,O013083,INV-0012403,4754.55,1,"payment failed, no successful retry"
L03953,FAILED_PAYMENT_NO_RETRY,O006645,INV-0006304,1935.15,1,"payment failed, no successful retry"
L03954,FAILED_PAYMENT_NO_RETRY,O016304,INV-0015472,476.1,1,"payment failed, no successful retry"
L03955,FAILED_PAYMENT_NO_RETRY,O022042,INV-0020916,4965.75,1,"payment failed, no successful retry"
L03956,FAILED_PAYMENT_NO_RETRY,O042505,INV-0040291,2018.0,1,"payment failed, no successful retry"
L03957,FAILED_PAYMENT_NO_RETRY,O020886,INV-0019821,751.2,1,"payment failed, no successful retry"
L03958,FAILED_PAYMENT_NO_RETRY,O027623,INV-0026189,1356.75,1,"payment failed, no successful retry"
L03959,FAILED_PAYMENT_NO_RETRY,O008228,INV-0007791,4077.0,1,"payment failed, no successful retry"
L03960,FAILED_PAYMENT_NO_RETRY,O028680,INV-0027197,840.65,1,"payment failed, no successful retry"
L03961,FAILED_PAYMENT_NO_RETRY,O037712,INV-0035737,1469.0,1,"payment failed, no successful retry"
L03962,FAILED_PAYMENT_NO_RETRY,O031842,INV-0030182,823.65,1,"payment failed, no successful retry"
L03963,FAILED_PAYMENT_NO_RETRY,O000529,INV-0000503,892.05,1,"payment failed, no successful retry"
L03964,FAILED_PAYMENT_NO_RETRY,O004473,INV-0004240,8573.8,1,"payment failed, no successful retry"
L03965,FAILED_PAYMENT_NO_RETRY,O014930,INV-0014160,4431.7,1,"payment failed, no successful retry"
L03966,FAILED_PAYMENT_NO_RETRY,O048670,INV-0046176,1639.0,1,"payment failed, no successful retry"
L03967,FAILED_PAYMENT_NO_RETRY,O022518,INV-0021370,1697.35,1,"payment failed, no successful retry"
L03968,FAILED_PAYMENT_NO_RETRY,O005348,INV-0005062,1953.3,1,"payment failed, no successful retry"
L03969,FAILED_PAYMENT_NO_RETRY,O011803,INV-0011179,3757.0,1,"payment failed, no successful retry"
L03970,FAILED_PAYMENT_NO_RETRY,O038960,INV-0036913,1567.55,1,"payment failed, no successful retry"
L03971,FAILED_PAYMENT_NO_RETRY,O019788,INV-0018784,2798.0,1,"payment failed, no successful retry"
L03972,FAILED_PAYMENT_NO_RETRY,O039141,INV-0037083,1063.05,1,"payment failed, no successful retry"
L03973,FAILED_PAYMENT_NO_RETRY,O022300,INV-0021162,890.1,1,"payment failed, no successful retry"
L03974,FAILED_PAYMENT_NO_RETRY,O011065,INV-0010480,1822.1,1,"payment failed, no successful retry"
L03975,FAILED_PAYMENT_NO_RETRY,O044815,INV-0042507,3537.0,1,"payment failed, no successful retry"
L03976,FAILED_PAYMENT_NO_RETRY,O047817,INV-0045369,628.15,1,"payment failed, no successful retry"
L03977,FAILED_PAYMENT_NO_RETRY,O007539,INV-0007149,6694.4,1,"payment failed, no successful retry"
L03978,FAILED_PAYMENT_NO_RETRY,O019181,INV-0018210,1502.4,1,"payment failed, no successful retry"
L03979,FAILED_PAYMENT_NO_RETRY,O045860,INV-0043501,839.0,1,"payment failed, no successful retry"
L03980,FAILED_PAYMENT_NO_RETRY,O016684,INV-0015833,1099.0,1,"payment failed, no successful retry"
L03981,FAILED_PAYMENT_NO_RETRY,O049481,INV-0046951,2198.0,1,"payment failed, no successful retry"
L03982,FAILED_PAYMENT_NO_RETRY,O023517,INV-0022311,2507.25,1,"payment failed, no successful retry"
L03983,FAILED_PAYMENT_NO_RETRY,O006323,INV-0005995,4323.55,1,"payment failed, no successful retry"
L03984,FAILED_PAYMENT_NO_RETRY,O047818,INV-0045370,1009.0,1,"payment failed, no successful retry"
L03985,FAILED_PAYMENT_NO_RETRY,O027313,INV-0025898,2511.3,1,"payment failed, no successful retry"
L03986,FAILED_PAYMENT_NO_RETRY,O040224,INV-0038117,2202.65,1,"payment failed, no successful retry"
L03987,FAILED_PAYMENT_NO_RETRY,O046391,INV-0044011,3114.1,1,"payment failed, no successful retry"
L03988,FAILED_PAYMENT_NO_RETRY,O014014,INV-0013295,4787.75,1,"payment failed, no successful retry"
L03989,FAILED_PAYMENT_NO_RETRY,O028081,INV-0026627,2579.0,1,"payment failed, no successful retry"
L03990,FAILED_PAYMENT_NO_RETRY,O028912,INV-0027422,1934.25,1,"payment failed, no successful retry"
L03991,FAILED_PAYMENT_NO_RETRY,O039306,INV-0037246,5329.2,1,"payment failed, no successful retry"
L03992,FAILED_PAYMENT_NO_RETRY,O048442,INV-0045963,3868.5,1,"payment failed, no successful retry"
L03993,FAILED_PAYMENT_NO_RETRY,O031673,INV-0030020,1469.0,1,"payment failed, no successful retry"
L03994,FAILED_PAYMENT_NO_RETRY,O043066,INV-0040826,4857.0,1,"payment failed, no successful retry"
L03995,FAILED_PAYMENT_NO_RETRY,O023804,INV-0022581,516.75,1,"payment failed, no successful retry"
L03996,FAILED_PAYMENT_NO_RETRY,O003577,INV-0003390,4245.9,1,"payment failed, no successful retry"
L03997,FAILED_PAYMENT_NO_RETRY,O029388,INV-0027871,288.15,1,"payment failed, no successful retry"
L03998,FAILED_PAYMENT_NO_RETRY,O044528,INV-0042228,407.55,1,"payment failed, no successful retry"
L03999,FAILED_PAYMENT_NO_RETRY,O044647,INV-0042342,339.0,1,"payment failed, no successful retry"
L04000,FAILED_PAYMENT_NO_RETRY,O012384,INV-0011734,1223.1,1,"payment failed, no successful retry"
L04001,FAILED_PAYMENT_NO_RETRY,O023077,INV-0021894,2230.2,1,"payment failed, no successful retry"
L04002,FAILED_PAYMENT_NO_RETRY,O040326,INV-0038215,939.0,1,"payment failed, no successful retry"
L04003,FAILED_PAYMENT_NO_RETRY,O035249,INV-0033420,5068.3,1,"payment failed, no successful retry"
L04004,FAILED_PAYMENT_NO_RETRY,O018648,INV-0017703,3238.3,1,"payment failed, no successful retry"
L04005,FAILED_PAYMENT_NO_RETRY,O027710,INV-0026270,849.0,1,"payment failed, no successful retry"
L04006,FAILED_PAYMENT_NO_RETRY,O016265,INV-0015436,2628.0,1,"payment failed, no successful retry"
L04007,FAILED_PAYMENT_NO_RETRY,O013258,INV-0012571,1376.55,1,"payment failed, no successful retry"
L04008,FAILED_PAYMENT_NO_RETRY,O013433,INV-0012739,1592.05,1,"payment failed, no successful retry"
L04009,FAILED_PAYMENT_NO_RETRY,O015365,INV-0014574,5159.45,1,"payment failed, no successful retry"
L04010,FAILED_PAYMENT_NO_RETRY,O013614,INV-0012914,620.1,1,"payment failed, no successful retry"
L04011,FAILED_PAYMENT_NO_RETRY,O034161,INV-0032379,939.55,1,"payment failed, no successful retry"
L04012,FAILED_PAYMENT_NO_RETRY,O019545,INV-0018554,1340.1,1,"payment failed, no successful retry"
L04013,FAILED_PAYMENT_NO_RETRY,O044961,INV-0042643,2122.55,1,"payment failed, no successful retry"
L04014,FAILED_PAYMENT_NO_RETRY,O015997,INV-0015182,702.05,1,"payment failed, no successful retry"
L04015,FAILED_PAYMENT_NO_RETRY,O025928,INV-0024596,2063.2,1,"payment failed, no successful retry"
L04016,FAILED_PAYMENT_NO_RETRY,O032740,INV-0031029,575.2,1,"payment failed, no successful retry"
L04017,FAILED_PAYMENT_NO_RETRY,O026331,INV-0024973,2049.15,1,"payment failed, no successful retry"
L04018,FAILED_PAYMENT_NO_RETRY,O031177,INV-0029548,1149.0,1,"payment failed, no successful retry"
L04019,FAILED_PAYMENT_NO_RETRY,O018158,INV-0017237,512.1,1,"payment failed, no successful retry"
L04020,FAILED_PAYMENT_NO_RETRY,O046472,INV-0044091,5158.0,1,"payment failed, no successful retry"
L04021,FAILED_PAYMENT_NO_RETRY,O049416,INV-0046889,459.0,1,"payment failed, no successful retry"
L04022,FAILED_PAYMENT_NO_RETRY,O038627,INV-0036594,1775.55,1,"payment failed, no successful retry"
L04023,FAILED_PAYMENT_NO_RETRY,O024156,INV-0022915,1376.55,1,"payment failed, no successful retry"
L04024,FAILED_PAYMENT_NO_RETRY,O029304,INV-0027792,5270.3,1,"payment failed, no successful retry"
L04025,FAILED_PAYMENT_NO_RETRY,O011029,INV-0010446,892.05,1,"payment failed, no successful retry"
L04026,FAILED_PAYMENT_NO_RETRY,O011436,INV-0010834,2202.5,1,"payment failed, no successful retry"
L04027,FAILED_PAYMENT_NO_RETRY,O005372,INV-0005085,314.1,1,"payment failed, no successful retry"
L04028,FAILED_PAYMENT_NO_RETRY,O030263,INV-0028690,718.0,1,"payment failed, no successful retry"
L04029,FAILED_PAYMENT_NO_RETRY,O003048,INV-0002885,2591.1,1,"payment failed, no successful retry"
L04030,FAILED_PAYMENT_NO_RETRY,O013382,INV-0012690,1509.0,1,"payment failed, no successful retry"
L04031,FAILED_PAYMENT_NO_RETRY,O001505,INV-0001434,569.0,1,"payment failed, no successful retry"
L04032,FAILED_PAYMENT_NO_RETRY,O012444,INV-0011792,839.0,1,"payment failed, no successful retry"
L04033,FAILED_PAYMENT_NO_RETRY,O016650,INV-0015800,5040.15,1,"payment failed, no successful retry"
L04034,FAILED_PAYMENT_NO_RETRY,O019591,INV-0018596,2072.5,1,"payment failed, no successful retry"
L04035,FAILED_PAYMENT_NO_RETRY,O032617,INV-0030912,263.2,1,"payment failed, no successful retry"
L04036,FAILED_PAYMENT_NO_RETRY,O007811,INV-0007401,1386.05,1,"payment failed, no successful retry"
L04037,FAILED_PAYMENT_NO_RETRY,O031904,INV-0030241,1672.65,1,"payment failed, no successful retry"
L04038,FAILED_PAYMENT_NO_RETRY,O031209,INV-0029578,1538.05,1,"payment failed, no successful retry"
L04039,FAILED_PAYMENT_NO_RETRY,O008520,INV-0008065,1969.0,1,"payment failed, no successful retry"
L04040,FAILED_PAYMENT_NO_RETRY,O033273,INV-0031534,1329.05,1,"payment failed, no successful retry"
L04041,FAILED_PAYMENT_NO_RETRY,O001686,INV-0001604,429.0,1,"payment failed, no successful retry"
L04042,FAILED_PAYMENT_NO_RETRY,O021515,INV-0020410,875.95,1,"payment failed, no successful retry"
L04043,FAILED_PAYMENT_NO_RETRY,O045565,INV-0043214,3627.1,1,"payment failed, no successful retry"
L04044,FAILED_PAYMENT_NO_RETRY,O011692,INV-0011075,2579.0,1,"payment failed, no successful retry"
L04045,FAILED_PAYMENT_NO_RETRY,O006531,INV-0006194,1899.0,1,"payment failed, no successful retry"
L04046,FAILED_PAYMENT_NO_RETRY,O025193,INV-0023899,6487.05,1,"payment failed, no successful retry"
L04047,FAILED_PAYMENT_NO_RETRY,O009271,INV-0008778,1129.55,1,"payment failed, no successful retry"
L04048,FAILED_PAYMENT_NO_RETRY,O019473,INV-0018487,1149.0,1,"payment failed, no successful retry"
L04049,FAILED_PAYMENT_NO_RETRY,O045208,INV-0042877,2639.0,1,"payment failed, no successful retry"
L04050,FAILED_PAYMENT_NO_RETRY,O030037,INV-0028476,1469.0,1,"payment failed, no successful retry"
L04051,FAILED_PAYMENT_NO_RETRY,O007261,INV-0006886,2801.6,1,"payment failed, no successful retry"
L04052,FAILED_PAYMENT_NO_RETRY,O040093,INV-0037997,1509.0,1,"payment failed, no successful retry"
L04053,FAILED_PAYMENT_NO_RETRY,O037605,INV-0035635,702.05,1,"payment failed, no successful retry"
L04054,FAILED_PAYMENT_NO_RETRY,O041487,INV-0039320,2644.2,1,"payment failed, no successful retry"
L04055,FAILED_PAYMENT_NO_RETRY,O037985,INV-0035992,1125.05,1,"payment failed, no successful retry"
L04056,FAILED_PAYMENT_NO_RETRY,O036679,INV-0034758,3086.55,1,"payment failed, no successful retry"
L04057,FAILED_PAYMENT_NO_RETRY,O049789,INV-0047243,2309.2,1,"payment failed, no successful retry"
L04058,FAILED_PAYMENT_NO_RETRY,O047987,INV-0045527,1893.8,1,"payment failed, no successful retry"
L04059,FAILED_PAYMENT_NO_RETRY,O047807,INV-0045360,1099.0,1,"payment failed, no successful retry"
L04060,FAILED_PAYMENT_NO_RETRY,O049251,INV-0046734,1119.0,1,"payment failed, no successful retry"
L04061,FAILED_PAYMENT_NO_RETRY,O030921,INV-0029305,1404.1,1,"payment failed, no successful retry"
L04062,FAILED_PAYMENT_NO_RETRY,O000559,INV-0000530,2323.25,1,"payment failed, no successful retry"
L04063,FAILED_PAYMENT_NO_RETRY,O035203,INV-0033375,1022.05,1,"payment failed, no successful retry"
L04064,FAILED_PAYMENT_NO_RETRY,O011951,INV-0011322,1189.0,1,"payment failed, no successful retry"
L04065,FAILED_PAYMENT_NO_RETRY,O024126,INV-0022886,7744.15,1,"payment failed, no successful retry"
L04066,FAILED_PAYMENT_NO_RETRY,O024610,INV-0023345,3352.7,1,"payment failed, no successful retry"
L04067,FAILED_PAYMENT_NO_RETRY,O020390,INV-0019348,4898.9,1,"payment failed, no successful retry"
L04068,FAILED_PAYMENT_NO_RETRY,O023231,INV-0022045,1215.05,1,"payment failed, no successful retry"
L04069,FAILED_PAYMENT_NO_RETRY,O049063,INV-0046554,669.0,1,"payment failed, no successful retry"
L04070,FAILED_PAYMENT_NO_RETRY,O011778,INV-0011155,4900.1,1,"payment failed, no successful retry"
L04071,FAILED_PAYMENT_NO_RETRY,O046639,INV-0044248,399.0,1,"payment failed, no successful retry"
L04072,FAILED_PAYMENT_NO_RETRY,O039672,INV-0037596,1099.0,1,"payment failed, no successful retry"
L04073,FAILED_PAYMENT_NO_RETRY,O029295,INV-0027783,2694.25,1,"payment failed, no successful retry"
L04074,FAILED_PAYMENT_NO_RETRY,O033476,INV-0031722,1348.05,1,"payment failed, no successful retry"
L04075,FAILED_PAYMENT_NO_RETRY,O045127,INV-0042799,1199.2,1,"payment failed, no successful retry"
L04076,FAILED_PAYMENT_NO_RETRY,O026420,INV-0025058,1463.2,1,"payment failed, no successful retry"
L04077,FAILED_PAYMENT_NO_RETRY,O001083,INV-0001035,1386.05,1,"payment failed, no successful retry"
L04078,FAILED_PAYMENT_NO_RETRY,O029250,INV-0027741,4093.45,1,"payment failed, no successful retry"
L04079,FAILED_PAYMENT_NO_RETRY,O017614,INV-0016718,1231.65,1,"payment failed, no successful retry"
L04080,FAILED_PAYMENT_NO_RETRY,O005278,INV-0004996,8712.3,1,"payment failed, no successful retry"
L04081,FAILED_PAYMENT_NO_RETRY,O022211,INV-0021079,4146.35,1,"payment failed, no successful retry"
L04082,FAILED_PAYMENT_NO_RETRY,O025484,INV-0024170,1678.5,1,"payment failed, no successful retry"
L04083,FAILED_PAYMENT_NO_RETRY,O009475,INV-0008969,7618.9,1,"payment failed, no successful retry"
L04084,FAILED_PAYMENT_NO_RETRY,O004715,INV-0004465,968.65,1,"payment failed, no successful retry"
L04085,FAILED_PAYMENT_NO_RETRY,O038020,INV-0036022,7100.1,1,"payment failed, no successful retry"
L04086,FAILED_PAYMENT_NO_RETRY,O011691,INV-0011074,1319.0,1,"payment failed, no successful retry"
L04087,FAILED_PAYMENT_NO_RETRY,O047475,INV-0045045,1682.1,1,"payment failed, no successful retry"
L04088,FAILED_PAYMENT_NO_RETRY,O029161,INV-0027656,1718.55,1,"payment failed, no successful retry"
L04089,FAILED_PAYMENT_NO_RETRY,O048208,INV-0045740,2577.0,1,"payment failed, no successful retry"
L04090,FAILED_PAYMENT_NO_RETRY,O023496,INV-0022290,503.3,1,"payment failed, no successful retry"
L04091,FAILED_PAYMENT_NO_RETRY,O036901,INV-0034971,1480.75,1,"payment failed, no successful retry"
L04092,FAILED_PAYMENT_NO_RETRY,O006199,INV-0005877,930.05,1,"payment failed, no successful retry"
L04093,FAILED_PAYMENT_NO_RETRY,O006819,INV-0006470,1575.2,1,"payment failed, no successful retry"
L04094,FAILED_PAYMENT_NO_RETRY,O046484,INV-0044103,2894.4,1,"payment failed, no successful retry"
L04095,FAILED_PAYMENT_NO_RETRY,O039785,INV-0037704,2392.1,1,"payment failed, no successful retry"
L04096,FAILED_PAYMENT_NO_RETRY,O038594,INV-0036562,6594.95,1,"payment failed, no successful retry"
L04097,FAILED_PAYMENT_NO_RETRY,O002691,INV-0002553,2476.3,1,"payment failed, no successful retry"
L04098,FAILED_PAYMENT_NO_RETRY,O017202,INV-0016328,2539.55,1,"payment failed, no successful retry"
L04099,FAILED_PAYMENT_NO_RETRY,O043088,INV-0040848,1176.1,1,"payment failed, no successful retry"
L04100,FAILED_PAYMENT_NO_RETRY,O002680,INV-0002542,512.1,1,"payment failed, no successful retry"
L04101,FAILED_PAYMENT_NO_RETRY,O042000,INV-0039805,1289.0,1,"payment failed, no successful retry"
L04102,FAILED_PAYMENT_NO_RETRY,O044023,INV-0041744,4859.15,1,"payment failed, no successful retry"
L04103,FAILED_PAYMENT_NO_RETRY,O013870,INV-0013160,1638.2,1,"payment failed, no successful retry"
L04104,FAILED_PAYMENT_NO_RETRY,O025686,INV-0024368,1386.05,1,"payment failed, no successful retry"
L04105,FAILED_PAYMENT_NO_RETRY,O000415,INV-0000395,647.1,1,"payment failed, no successful retry"
L04106,FAILED_PAYMENT_NO_RETRY,O049644,INV-0047109,509.15,1,"payment failed, no successful retry"
L04107,FAILED_PAYMENT_NO_RETRY,O035169,INV-0033342,678.3,1,"payment failed, no successful retry"
L04108,FAILED_PAYMENT_NO_RETRY,O038447,INV-0036424,669.0,1,"payment failed, no successful retry"
L04109,FAILED_PAYMENT_NO_RETRY,O025779,INV-0024454,398.05,1,"payment failed, no successful retry"
L04110,FAILED_PAYMENT_NO_RETRY,O033653,INV-0031893,849.15,1,"payment failed, no successful retry"
L04111,FAILED_PAYMENT_NO_RETRY,O033413,INV-0031663,5393.15,1,"payment failed, no successful retry"
L04112,FAILED_PAYMENT_NO_RETRY,O040169,INV-0038066,4407.0,1,"payment failed, no successful retry"
L04113,FAILED_PAYMENT_NO_RETRY,O026553,INV-0025187,373.15,1,"payment failed, no successful retry"
L04114,FAILED_PAYMENT_NO_RETRY,O032401,INV-0030715,619.65,1,"payment failed, no successful retry"
L04115,FAILED_PAYMENT_NO_RETRY,O007439,INV-0007056,7737.0,1,"payment failed, no successful retry"
L04116,FAILED_PAYMENT_NO_RETRY,O048708,INV-0046214,2131.2,1,"payment failed, no successful retry"
L04117,FAILED_PAYMENT_NO_RETRY,O048870,INV-0046371,620.1,1,"payment failed, no successful retry"
L04118,FAILED_PAYMENT_NO_RETRY,O045448,INV-0043102,3129.05,1,"payment failed, no successful retry"
L04119,FAILED_PAYMENT_NO_RETRY,O016333,INV-0015498,1396.25,1,"payment failed, no successful retry"
L04120,FAILED_PAYMENT_NO_RETRY,O047118,INV-0044702,678.0,1,"payment failed, no successful retry"
L04121,FAILED_PAYMENT_NO_RETRY,O022569,INV-0021418,1623.55,1,"payment failed, no successful retry"
L04122,FAILED_PAYMENT_NO_RETRY,O010123,INV-0009588,4580.15,1,"payment failed, no successful retry"
L04123,FAILED_PAYMENT_NO_RETRY,O011482,INV-0010879,7132.1,1,"payment failed, no successful retry"
L04124,FAILED_PAYMENT_NO_RETRY,O043343,INV-0041092,341.05,1,"payment failed, no successful retry"
L04125,FAILED_PAYMENT_NO_RETRY,O047781,INV-0045335,2309.2,1,"payment failed, no successful retry"
L04126,FAILED_PAYMENT_NO_RETRY,O019564,INV-0018571,1014.3,1,"payment failed, no successful retry"
L04127,FAILED_PAYMENT_NO_RETRY,O007084,INV-0006716,989.0,1,"payment failed, no successful retry"
L04128,FAILED_PAYMENT_NO_RETRY,O036391,INV-0034487,1498.0,1,"payment failed, no successful retry"
L04129,FAILED_PAYMENT_NO_RETRY,O019471,INV-0018485,4371.2,1,"payment failed, no successful retry"
L04130,FAILED_PAYMENT_NO_RETRY,O037599,INV-0035630,5192.1,1,"payment failed, no successful retry"
L04131,FAILED_PAYMENT_NO_RETRY,O021337,INV-0020240,554.25,1,"payment failed, no successful retry"
L04132,FAILED_PAYMENT_NO_RETRY,O041460,INV-0039294,1063.05,1,"payment failed, no successful retry"
L04133,FAILED_PAYMENT_NO_RETRY,O005638,INV-0005341,2837.55,1,"payment failed, no successful retry"
L04134,FAILED_PAYMENT_NO_RETRY,O015158,INV-0014376,1899.0,1,"payment failed, no successful retry"
L04135,FAILED_PAYMENT_NO_RETRY,O032327,INV-0030643,2198.0,1,"payment failed, no successful retry"
L04136,FAILED_PAYMENT_NO_RETRY,O033288,INV-0031548,1449.0,1,"payment failed, no successful retry"
L04137,FAILED_PAYMENT_NO_RETRY,O040015,INV-0037922,2607.0,1,"payment failed, no successful retry"
L04138,FAILED_PAYMENT_NO_RETRY,O004041,INV-0003834,3249.0,1,"payment failed, no successful retry"
L04139,FAILED_PAYMENT_NO_RETRY,O015909,INV-0015098,2070.2,1,"payment failed, no successful retry"
L04140,FAILED_PAYMENT_NO_RETRY,O005767,INV-0005465,1238.0,1,"payment failed, no successful retry"
L04141,FAILED_PAYMENT_NO_RETRY,O041401,INV-0039238,5973.6,1,"payment failed, no successful retry"
L04142,FAILED_PAYMENT_NO_RETRY,O027724,INV-0026283,3072.65,1,"payment failed, no successful retry"
L04143,FAILED_PAYMENT_NO_RETRY,O031102,INV-0029474,1683.25,1,"payment failed, no successful retry"
L04144,FAILED_PAYMENT_NO_RETRY,O026997,INV-0025608,3871.1,1,"payment failed, no successful retry"
L04145,FAILED_PAYMENT_NO_RETRY,O021777,INV-0020663,2772.1,1,"payment failed, no successful retry"
L04146,FAILED_PAYMENT_NO_RETRY,O018959,INV-0018001,1385.1,1,"payment failed, no successful retry"
L04147,FAILED_PAYMENT_NO_RETRY,O009585,INV-0009078,2578.0,1,"payment failed, no successful retry"
L04148,FAILED_PAYMENT_NO_RETRY,O002053,INV-0001948,476.1,1,"payment failed, no successful retry"
L04149,FAILED_PAYMENT_NO_RETRY,O049279,INV-0046761,1489.0,1,"payment failed, no successful retry"
L04150,FAILED_PAYMENT_NO_RETRY,O026242,INV-0024891,611.15,1,"payment failed, no successful retry"
L04151,FAILED_PAYMENT_NO_RETRY,O000433,INV-0000412,4537.0,1,"payment failed, no successful retry"
L04152,FAILED_PAYMENT_NO_RETRY,O010535,INV-0009982,2538.0,1,"payment failed, no successful retry"
L04153,FAILED_PAYMENT_NO_RETRY,O048636,INV-0046145,305.15,1,"payment failed, no successful retry"
L04154,FAILED_PAYMENT_NO_RETRY,O028498,INV-0027026,669.0,1,"payment failed, no successful retry"
L04155,FAILED_PAYMENT_NO_RETRY,O007338,INV-0006963,4292.1,1,"payment failed, no successful retry"
L04156,FAILED_PAYMENT_NO_RETRY,O004254,INV-0004030,2690.1,1,"payment failed, no successful retry"
L04157,FAILED_PAYMENT_NO_RETRY,O031158,INV-0029529,2600.1,1,"payment failed, no successful retry"
L04158,FAILED_PAYMENT_NO_RETRY,O000150,INV-0000140,483.65,1,"payment failed, no successful retry"
L04159,FAILED_PAYMENT_NO_RETRY,O024747,INV-0023473,3685.3,1,"payment failed, no successful retry"
L04160,FAILED_PAYMENT_NO_RETRY,O041643,INV-0039464,665.1,1,"payment failed, no successful retry"
L04161,FAILED_PAYMENT_NO_RETRY,O038092,INV-0036087,628.15,1,"payment failed, no successful retry"
L04162,FAILED_PAYMENT_NO_RETRY,O037564,INV-0035597,2183.65,1,"payment failed, no successful retry"
L04163,FAILED_PAYMENT_NO_RETRY,O022640,INV-0021481,713.15,1,"payment failed, no successful retry"
L04164,FAILED_PAYMENT_NO_RETRY,O021695,INV-0020584,4301.6,1,"payment failed, no successful retry"
L04165,FAILED_PAYMENT_NO_RETRY,O049351,INV-0046828,2489.65,1,"payment failed, no successful retry"
L04166,FAILED_PAYMENT_NO_RETRY,O046870,INV-0044463,7302.45,1,"payment failed, no successful retry"
L04167,FAILED_PAYMENT_NO_RETRY,O028511,INV-0027038,1850.6,1,"payment failed, no successful retry"
L04168,FAILED_PAYMENT_NO_RETRY,O002100,INV-0001992,628.15,1,"payment failed, no successful retry"
L04169,FAILED_PAYMENT_NO_RETRY,O015950,INV-0015137,2392.1,1,"payment failed, no successful retry"
L04170,FAILED_PAYMENT_NO_RETRY,O006515,INV-0006178,1870.55,1,"payment failed, no successful retry"
L04171,FAILED_PAYMENT_NO_RETRY,O006059,INV-0005744,1204.2,1,"payment failed, no successful retry"
L04172,FAILED_PAYMENT_NO_RETRY,O021965,INV-0020840,1784.3,1,"payment failed, no successful retry"
L04173,FAILED_PAYMENT_NO_RETRY,O018666,INV-0017720,628.15,1,"payment failed, no successful retry"
L04174,FAILED_PAYMENT_NO_RETRY,O016990,INV-0016122,4308.3,1,"payment failed, no successful retry"
L04175,FAILED_PAYMENT_NO_RETRY,O003608,INV-0003421,3938.0,1,"payment failed, no successful retry"
L04176,FAILED_PAYMENT_NO_RETRY,O042781,INV-0040555,331.55,1,"payment failed, no successful retry"
L04177,FAILED_PAYMENT_NO_RETRY,O012370,INV-0011720,1119.2,1,"payment failed, no successful retry"
L04178,FAILED_PAYMENT_NO_RETRY,O043427,INV-0041171,1259.0,1,"payment failed, no successful retry"
L04179,FAILED_PAYMENT_NO_RETRY,O021663,INV-0020553,423.2,1,"payment failed, no successful retry"
L04180,FAILED_PAYMENT_NO_RETRY,O047156,INV-0044738,3344.6,1,"payment failed, no successful retry"
L04181,FAILED_PAYMENT_NO_RETRY,O040400,INV-0038287,1509.0,1,"payment failed, no successful retry"
L04182,FAILED_PAYMENT_NO_RETRY,O011471,INV-0010868,1289.0,1,"payment failed, no successful retry"
L04183,FAILED_PAYMENT_NO_RETRY,O029160,INV-0027655,2898.0,1,"payment failed, no successful retry"
L04184,FAILED_PAYMENT_NO_RETRY,O011015,INV-0010433,872.1,1,"payment failed, no successful retry"
L04185,FAILED_PAYMENT_NO_RETRY,O015395,INV-0014604,4335.6,1,"payment failed, no successful retry"
L04186,FAILED_PAYMENT_NO_RETRY,O002500,INV-0002369,4495.2,1,"payment failed, no successful retry"
L04187,FAILED_PAYMENT_NO_RETRY,O037350,INV-0035401,6223.5,1,"payment failed, no successful retry"
L04188,FAILED_PAYMENT_NO_RETRY,O026835,INV-0025454,919.2,1,"payment failed, no successful retry"
L04189,FAILED_PAYMENT_NO_RETRY,O013754,INV-0013052,1935.2,1,"payment failed, no successful retry"
L04190,FAILED_PAYMENT_NO_RETRY,O032087,INV-0030417,1319.0,1,"payment failed, no successful retry"
L04191,FAILED_PAYMENT_NO_RETRY,O043855,INV-0041586,529.0,1,"payment failed, no successful retry"
L04192,FAILED_PAYMENT_NO_RETRY,O001258,INV-0001195,2367.0,1,"payment failed, no successful retry"
L04193,FAILED_PAYMENT_NO_RETRY,O025441,INV-0024128,2507.05,1,"payment failed, no successful retry"
L04194,FAILED_PAYMENT_NO_RETRY,O010058,INV-0009526,6863.3,1,"payment failed, no successful retry"
L04195,FAILED_PAYMENT_NO_RETRY,O036363,INV-0034461,1475.1,1,"payment failed, no successful retry"
L04196,FAILED_PAYMENT_NO_RETRY,O048547,INV-0046062,296.65,1,"payment failed, no successful retry"
L04197,FAILED_PAYMENT_NO_RETRY,O037658,INV-0035685,602.1,1,"payment failed, no successful retry"
L04198,FAILED_PAYMENT_NO_RETRY,O007142,INV-0006773,791.1,1,"payment failed, no successful retry"
L04199,FAILED_PAYMENT_NO_RETRY,O004364,INV-0004136,6086.8,1,"payment failed, no successful retry"
L04200,FAILED_PAYMENT_NO_RETRY,O041265,INV-0039106,619.0,1,"payment failed, no successful retry"
L04201,FAILED_PAYMENT_NO_RETRY,O040283,INV-0038174,578.55,1,"payment failed, no successful retry"
L04202,FAILED_PAYMENT_NO_RETRY,O000748,INV-0000714,4869.15,1,"payment failed, no successful retry"
L04203,FAILED_PAYMENT_NO_RETRY,O047848,INV-0045398,2060.35,1,"payment failed, no successful retry"
L04204,FAILED_PAYMENT_NO_RETRY,O011532,INV-0010927,1249.0,1,"payment failed, no successful retry"
L04205,FAILED_PAYMENT_NO_RETRY,O007396,INV-0007016,739.0,1,"payment failed, no successful retry"
L04206,FAILED_PAYMENT_NO_RETRY,O013462,INV-0012767,2579.0,1,"payment failed, no successful retry"
L04207,FAILED_PAYMENT_NO_RETRY,O035073,INV-0033251,399.0,1,"payment failed, no successful retry"
L04208,FAILED_PAYMENT_NO_RETRY,O000753,INV-0000719,2345.05,1,"payment failed, no successful retry"
L04209,FAILED_PAYMENT_NO_RETRY,O044425,INV-0042130,1708.1,1,"payment failed, no successful retry"
L04210,FAILED_PAYMENT_NO_RETRY,O030772,INV-0029168,719.1,1,"payment failed, no successful retry"
L04211,FAILED_PAYMENT_NO_RETRY,O000414,INV-0000394,1119.0,1,"payment failed, no successful retry"
L04212,FAILED_PAYMENT_NO_RETRY,O021152,INV-0020068,930.05,1,"payment failed, no successful retry"
L04213,FAILED_PAYMENT_NO_RETRY,O023527,INV-0022321,3256.6,1,"payment failed, no successful retry"
L04214,FAILED_PAYMENT_NO_RETRY,O003911,INV-0003707,407.55,1,"payment failed, no successful retry"
L04215,FAILED_PAYMENT_NO_RETRY,O035486,INV-0033644,7385.05,1,"payment failed, no successful retry"
L04216,FAILED_PAYMENT_NO_RETRY,O040926,INV-0038793,4564.1,1,"payment failed, no successful retry"
L04217,FAILED_PAYMENT_NO_RETRY,O018284,INV-0017356,5004.8,1,"payment failed, no successful retry"
L04218,FAILED_PAYMENT_NO_RETRY,O032022,INV-0030354,1701.1,1,"payment failed, no successful retry"
L04219,FAILED_PAYMENT_NO_RETRY,O028683,INV-0027199,502.55,1,"payment failed, no successful retry"
L04220,FAILED_PAYMENT_NO_RETRY,O031756,INV-0030101,4146.55,1,"payment failed, no successful retry"
L04221,FAILED_PAYMENT_NO_RETRY,O036847,INV-0034919,422.1,1,"payment failed, no successful retry"
L04222,FAILED_PAYMENT_NO_RETRY,O045793,INV-0043435,806.55,1,"payment failed, no successful retry"
L04223,FAILED_PAYMENT_NO_RETRY,O045471,INV-0043124,1538.05,1,"payment failed, no successful retry"
L04224,FAILED_PAYMENT_NO_RETRY,O020707,INV-0019649,6434.5,1,"payment failed, no successful retry"
L04225,FAILED_PAYMENT_NO_RETRY,O035879,INV-0034011,6297.25,1,"payment failed, no successful retry"
L04226,FAILED_PAYMENT_NO_RETRY,O001222,INV-0001164,2659.55,1,"payment failed, no successful retry"
L04227,FAILED_PAYMENT_NO_RETRY,O028030,INV-0026578,1587.0,1,"payment failed, no successful retry"
L04228,FAILED_PAYMENT_NO_RETRY,O019017,INV-0018052,635.55,1,"payment failed, no successful retry"
L04229,FAILED_PAYMENT_NO_RETRY,O043347,INV-0041096,4114.35,1,"payment failed, no successful retry"
L04230,FAILED_PAYMENT_NO_RETRY,O032685,INV-0030976,755.1,1,"payment failed, no successful retry"
L04231,FAILED_PAYMENT_NO_RETRY,O040176,INV-0038073,1969.0,1,"payment failed, no successful retry"
L04232,FAILED_PAYMENT_NO_RETRY,O000839,INV-0000801,639.0,1,"payment failed, no successful retry"
L04233,FAILED_PAYMENT_NO_RETRY,O029509,INV-0027987,493.5,1,"payment failed, no successful retry"
L04234,FAILED_PAYMENT_NO_RETRY,O005755,INV-0005454,626.05,1,"payment failed, no successful retry"
L04235,FAILED_PAYMENT_NO_RETRY,O040092,INV-0037996,989.1,1,"payment failed, no successful retry"
L04236,FAILED_PAYMENT_NO_RETRY,O021567,INV-0020461,1099.0,1,"payment failed, no successful retry"
L04237,FAILED_PAYMENT_NO_RETRY,O016372,INV-0015534,1099.0,1,"payment failed, no successful retry"
L04238,FAILED_PAYMENT_NO_RETRY,O019896,INV-0018887,540.55,1,"payment failed, no successful retry"
L04239,FAILED_PAYMENT_NO_RETRY,O027525,INV-0026097,920.55,1,"payment failed, no successful retry"
L04240,FAILED_PAYMENT_NO_RETRY,O014686,INV-0013925,1222.3,1,"payment failed, no successful retry"
L04241,FAILED_PAYMENT_NO_RETRY,O049189,INV-0046674,1509.0,1,"payment failed, no successful retry"
L04242,FAILED_PAYMENT_NO_RETRY,O017006,INV-0016137,665.1,1,"payment failed, no successful retry"
L04243,FAILED_PAYMENT_NO_RETRY,O007374,INV-0006994,719.0,1,"payment failed, no successful retry"
L04244,FAILED_PAYMENT_NO_RETRY,O019548,INV-0018557,923.25,1,"payment failed, no successful retry"
L04245,FAILED_PAYMENT_NO_RETRY,O042709,INV-0040486,718.2,1,"payment failed, no successful retry"
L04246,FAILED_PAYMENT_NO_RETRY,O009985,INV-0009459,835.05,1,"payment failed, no successful retry"
L04247,FAILED_PAYMENT_NO_RETRY,O019964,INV-0018949,1238.85,1,"payment failed, no successful retry"
L04248,FAILED_PAYMENT_NO_RETRY,O041283,INV-0039124,2803.25,1,"payment failed, no successful retry"
L04249,FAILED_PAYMENT_NO_RETRY,O025460,INV-0024147,4010.3,1,"payment failed, no successful retry"
L04250,FAILED_PAYMENT_NO_RETRY,O046471,INV-0044090,5507.7,1,"payment failed, no successful retry"
L04251,FAILED_PAYMENT_NO_RETRY,O017658,INV-0016761,1108.5,1,"payment failed, no successful retry"
L04252,FAILED_PAYMENT_NO_RETRY,O035181,INV-0033353,836.1,1,"payment failed, no successful retry"
L04253,FAILED_PAYMENT_NO_RETRY,O031860,INV-0030199,669.0,1,"payment failed, no successful retry"
L04254,FAILED_PAYMENT_NO_RETRY,O000312,INV-0000295,1204.55,1,"payment failed, no successful retry"
L04255,FAILED_PAYMENT_NO_RETRY,O019859,INV-0018851,2321.1,1,"payment failed, no successful retry"
L04256,FAILED_PAYMENT_NO_RETRY,O040150,INV-0038050,1650.15,1,"payment failed, no successful retry"
L04257,FAILED_PAYMENT_NO_RETRY,O005799,INV-0005497,3418.0,1,"payment failed, no successful retry"
L04258,FAILED_PAYMENT_NO_RETRY,O003582,INV-0003395,702.05,1,"payment failed, no successful retry"
L04259,FAILED_PAYMENT_NO_RETRY,O043259,INV-0041010,1319.0,1,"payment failed, no successful retry"
L04260,FAILED_PAYMENT_NO_RETRY,O020948,INV-0019881,1388.3,1,"payment failed, no successful retry"
L04261,FAILED_PAYMENT_NO_RETRY,O008786,INV-0008319,719.0,1,"payment failed, no successful retry"
L04262,FAILED_PAYMENT_NO_RETRY,O034352,INV-0032562,1224.55,1,"payment failed, no successful retry"
L04263,FAILED_PAYMENT_NO_RETRY,O016217,INV-0015390,2501.1,1,"payment failed, no successful retry"
L04264,FAILED_PAYMENT_NO_RETRY,O010177,INV-0009639,16134.55,1,"payment failed, no successful retry"
L04265,FAILED_PAYMENT_NO_RETRY,O047412,INV-0044984,3208.7,1,"payment failed, no successful retry"
L04266,FAILED_PAYMENT_NO_RETRY,O008551,INV-0008094,1817.55,1,"payment failed, no successful retry"
L04267,FAILED_PAYMENT_NO_RETRY,O049137,INV-0046624,2554.55,1,"payment failed, no successful retry"
L04268,FAILED_PAYMENT_NO_RETRY,O001902,INV-0001808,2583.05,1,"payment failed, no successful retry"
L04269,FAILED_PAYMENT_NO_RETRY,O021778,INV-0020664,2838.05,1,"payment failed, no successful retry"
L04270,FAILED_PAYMENT_NO_RETRY,O035303,INV-0033470,449.65,1,"payment failed, no successful retry"
L04271,FAILED_PAYMENT_NO_RETRY,O039660,INV-0037584,1069.0,1,"payment failed, no successful retry"
L04272,FAILED_PAYMENT_NO_RETRY,O032414,INV-0030727,6498.0,1,"payment failed, no successful retry"
L04273,FAILED_PAYMENT_NO_RETRY,O028516,INV-0027043,719.0,1,"payment failed, no successful retry"
L04274,FAILED_PAYMENT_NO_RETRY,O016913,INV-0016050,775.2,1,"payment failed, no successful retry"
L04275,FAILED_PAYMENT_NO_RETRY,O033237,INV-0031499,1044.05,1,"payment failed, no successful retry"
L04276,FAILED_PAYMENT_NO_RETRY,O000937,INV-0000894,1618.0,1,"payment failed, no successful retry"
L04277,FAILED_PAYMENT_NO_RETRY,O038858,INV-0036815,1044.65,1,"payment failed, no successful retry"
L04278,FAILED_PAYMENT_NO_RETRY,O007423,INV-0007041,1322.1,1,"payment failed, no successful retry"
L04279,FAILED_PAYMENT_NO_RETRY,O010340,INV-0009795,592.2,1,"payment failed, no successful retry"
L04280,FAILED_PAYMENT_NO_RETRY,O040604,INV-0038488,938.6,1,"payment failed, no successful retry"
L04281,FAILED_PAYMENT_NO_RETRY,O038647,INV-0036614,2192.15,1,"payment failed, no successful retry"
L04282,FAILED_PAYMENT_NO_RETRY,O044105,INV-0041820,3192.7,1,"payment failed, no successful retry"
L04283,FAILED_PAYMENT_NO_RETRY,O017987,INV-0017077,4409.7,1,"payment failed, no successful retry"
L04284,FAILED_PAYMENT_NO_RETRY,O034552,INV-0032753,1451.85,1,"payment failed, no successful retry"
L04285,FAILED_PAYMENT_NO_RETRY,O009075,INV-0008595,669.0,1,"payment failed, no successful retry"
L04286,FAILED_PAYMENT_NO_RETRY,O031528,INV-0029881,939.55,1,"payment failed, no successful retry"
L04287,FAILED_PAYMENT_NO_RETRY,O037539,INV-0035575,1528.2,1,"payment failed, no successful retry"
L04288,FAILED_PAYMENT_NO_RETRY,O011462,INV-0010860,9197.5,1,"payment failed, no successful retry"
L04289,FAILED_PAYMENT_NO_RETRY,O011553,INV-0010948,279.65,1,"payment failed, no successful retry"
L04290,FAILED_PAYMENT_NO_RETRY,O036130,INV-0034245,3448.1,1,"payment failed, no successful retry"
L04291,FAILED_PAYMENT_NO_RETRY,O004607,INV-0004365,1978.2,1,"payment failed, no successful retry"
L04292,FAILED_PAYMENT_NO_RETRY,O010000,INV-0009474,4128.05,1,"payment failed, no successful retry"
L04293,FAILED_PAYMENT_NO_RETRY,O046083,INV-0043713,1459.0,1,"payment failed, no successful retry"
L04294,FAILED_PAYMENT_NO_RETRY,O021979,INV-0020854,921.75,1,"payment failed, no successful retry"
L04295,FAILED_PAYMENT_NO_RETRY,O041728,INV-0039547,569.0,1,"payment failed, no successful retry"
L04296,FAILED_PAYMENT_NO_RETRY,O017245,INV-0016369,1044.05,1,"payment failed, no successful retry"
L04297,FAILED_PAYMENT_NO_RETRY,O003840,INV-0003643,2343.2,1,"payment failed, no successful retry"
L04298,FAILED_PAYMENT_NO_RETRY,O043667,INV-0041405,839.0,1,"payment failed, no successful retry"
L04299,FAILED_PAYMENT_NO_RETRY,O043893,INV-0041622,7767.1,1,"payment failed, no successful retry"
L04300,FAILED_PAYMENT_NO_RETRY,O037907,INV-0035920,2815.4,1,"payment failed, no successful retry"
L04301,FAILED_PAYMENT_NO_RETRY,O025449,INV-0024136,364.65,1,"payment failed, no successful retry"
L04302,FAILED_PAYMENT_NO_RETRY,O004827,INV-0004570,6195.3,1,"payment failed, no successful retry"
L04303,FAILED_PAYMENT_NO_RETRY,O005080,INV-0004812,1449.0,1,"payment failed, no successful retry"
L04304,FAILED_PAYMENT_NO_RETRY,O016027,INV-0015212,6149.65,1,"payment failed, no successful retry"
L04305,FAILED_PAYMENT_NO_RETRY,O030751,INV-0029148,1215.05,1,"payment failed, no successful retry"
L04306,FAILED_PAYMENT_NO_RETRY,O007823,INV-0007412,1809.0,1,"payment failed, no successful retry"
L04307,FAILED_PAYMENT_NO_RETRY,O009220,INV-0008730,2801.55,1,"payment failed, no successful retry"
L04308,FAILED_PAYMENT_NO_RETRY,O024606,INV-0023342,349.0,1,"payment failed, no successful retry"
L04309,FAILED_PAYMENT_NO_RETRY,O041215,INV-0039062,949.05,1,"payment failed, no successful retry"
L04310,FAILED_PAYMENT_NO_RETRY,O040537,INV-0038422,2638.0,1,"payment failed, no successful retry"
L04311,FAILED_PAYMENT_NO_RETRY,O036040,INV-0034158,3512.15,1,"payment failed, no successful retry"
L04312,FAILED_PAYMENT_NO_RETRY,O036495,INV-0034584,3249.0,1,"payment failed, no successful retry"
L04313,FAILED_PAYMENT_NO_RETRY,O008740,INV-0008274,839.0,1,"payment failed, no successful retry"
L04314,FAILED_PAYMENT_NO_RETRY,O027922,INV-0026473,4760.45,1,"payment failed, no successful retry"
L04315,FAILED_PAYMENT_NO_RETRY,O004547,INV-0004307,3877.8,1,"payment failed, no successful retry"
L04316,FAILED_PAYMENT_NO_RETRY,O024420,INV-0023165,1189.0,1,"payment failed, no successful retry"
L04317,FAILED_PAYMENT_NO_RETRY,O014777,INV-0014013,2579.0,1,"payment failed, no successful retry"
L04318,FAILED_PAYMENT_NO_RETRY,O042207,INV-0040005,529.0,1,"payment failed, no successful retry"
L04319,FAILED_PAYMENT_NO_RETRY,O010904,INV-0010328,2443.2,1,"payment failed, no successful retry"
L04320,FAILED_PAYMENT_NO_RETRY,O009889,INV-0009368,1099.0,1,"payment failed, no successful retry"
L04321,FAILED_PAYMENT_NO_RETRY,O011151,INV-0010562,1478.0,1,"payment failed, no successful retry"
L04322,FAILED_PAYMENT_NO_RETRY,O008894,INV-0008418,233.1,1,"payment failed, no successful retry"
L04323,FAILED_PAYMENT_NO_RETRY,O034257,INV-0032471,1231.65,1,"payment failed, no successful retry"
L04324,FAILED_PAYMENT_NO_RETRY,O019036,INV-0018071,261.75,1,"payment failed, no successful retry"
L04325,FAILED_PAYMENT_NO_RETRY,O016596,INV-0015747,2063.2,1,"payment failed, no successful retry"
L04326,FAILED_PAYMENT_NO_RETRY,O016689,INV-0015838,6559.3,1,"payment failed, no successful retry"
L04327,FAILED_PAYMENT_NO_RETRY,O019713,INV-0018713,2894.95,1,"payment failed, no successful retry"
L04328,FAILED_PAYMENT_NO_RETRY,O013361,INV-0012669,1099.0,1,"payment failed, no successful retry"
L04329,FAILED_PAYMENT_NO_RETRY,O043388,INV-0041133,1319.0,1,"payment failed, no successful retry"
L04330,FAILED_PAYMENT_NO_RETRY,O003694,INV-0003505,2380.15,1,"payment failed, no successful retry"
L04331,FAILED_PAYMENT_NO_RETRY,O047870,INV-0045420,665.1,1,"payment failed, no successful retry"
L04332,FAILED_PAYMENT_NO_RETRY,O016395,INV-0015557,5848.2,1,"payment failed, no successful retry"
L04333,FAILED_PAYMENT_NO_RETRY,O017445,INV-0016557,5477.15,1,"payment failed, no successful retry"
L04334,FAILED_PAYMENT_NO_RETRY,O039452,INV-0037386,2198.0,1,"payment failed, no successful retry"
L04335,FAILED_PAYMENT_NO_RETRY,O046755,INV-0044356,1289.0,1,"payment failed, no successful retry"
L04336,FAILED_PAYMENT_NO_RETRY,O008044,INV-0007620,1449.0,1,"payment failed, no successful retry"
L04337,FAILED_PAYMENT_NO_RETRY,O038797,INV-0036758,2968.75,1,"payment failed, no successful retry"
L04338,FAILED_PAYMENT_NO_RETRY,O035366,INV-0033531,550.05,1,"payment failed, no successful retry"
L04339,FAILED_PAYMENT_NO_RETRY,O040179,INV-0038076,609.0,1,"payment failed, no successful retry"
L04340,FAILED_PAYMENT_NO_RETRY,O011277,INV-0010682,2388.0,1,"payment failed, no successful retry"
L04341,FAILED_PAYMENT_NO_RETRY,O000310,INV-0000293,3352.95,1,"payment failed, no successful retry"
L04342,FAILED_PAYMENT_NO_RETRY,O024157,INV-0022916,2192.15,1,"payment failed, no successful retry"
L04343,FAILED_PAYMENT_NO_RETRY,O040918,INV-0038786,1433.55,1,"payment failed, no successful retry"
L04344,FAILED_PAYMENT_NO_RETRY,O022997,INV-0021817,1259.1,1,"payment failed, no successful retry"
L04345,FAILED_PAYMENT_NO_RETRY,O005185,INV-0004910,4129.65,1,"payment failed, no successful retry"
L04346,FAILED_PAYMENT_NO_RETRY,O032186,INV-0030507,809.0,1,"payment failed, no successful retry"
L04347,FAILED_PAYMENT_NO_RETRY,O011057,INV-0010472,1676.05,1,"payment failed, no successful retry"
L04348,FAILED_PAYMENT_NO_RETRY,O019905,INV-0018895,1399.0,1,"payment failed, no successful retry"
L04349,FAILED_PAYMENT_NO_RETRY,O010059,INV-0009527,2254.1,1,"payment failed, no successful retry"
L04350,FAILED_PAYMENT_NO_RETRY,O022537,INV-0021389,665.1,1,"payment failed, no successful retry"
L04351,FAILED_PAYMENT_NO_RETRY,O042613,INV-0040391,1348.0,1,"payment failed, no successful retry"
L04352,FAILED_PAYMENT_NO_RETRY,O023866,INV-0022641,1386.85,1,"payment failed, no successful retry"
L04353,FAILED_PAYMENT_NO_RETRY,O027262,INV-0025852,990.2,1,"payment failed, no successful retry"
L04354,FAILED_PAYMENT_NO_RETRY,O002001,INV-0001901,739.0,1,"payment failed, no successful retry"
L04355,FAILED_PAYMENT_NO_RETRY,O044201,INV-0041913,3807.4,1,"payment failed, no successful retry"
L04356,FAILED_PAYMENT_NO_RETRY,O019161,INV-0018190,529.0,1,"payment failed, no successful retry"
L04357,FAILED_PAYMENT_NO_RETRY,O005761,INV-0005460,445.55,1,"payment failed, no successful retry"
L04358,FAILED_PAYMENT_NO_RETRY,O038484,INV-0036457,1449.0,1,"payment failed, no successful retry"
L04359,FAILED_PAYMENT_NO_RETRY,O016735,INV-0015881,669.0,1,"payment failed, no successful retry"
L04360,FAILED_PAYMENT_NO_RETRY,O019279,INV-0018301,754.2,1,"payment failed, no successful retry"
L04361,FAILED_PAYMENT_NO_RETRY,O041537,INV-0039366,2860.1,1,"payment failed, no successful retry"
L04362,FAILED_PAYMENT_NO_RETRY,O019970,INV-0018955,2274.3,1,"payment failed, no successful retry"
L04363,FAILED_PAYMENT_NO_RETRY,O013739,INV-0013037,729.0,1,"payment failed, no successful retry"
L04364,FAILED_PAYMENT_NO_RETRY,O041316,INV-0039155,588.05,1,"payment failed, no successful retry"
L04365,FAILED_PAYMENT_NO_RETRY,O007537,INV-0007147,1368.1,1,"payment failed, no successful retry"
L04366,FAILED_PAYMENT_NO_RETRY,O019276,INV-0018298,1187.1,1,"payment failed, no successful retry"
L04367,FAILED_PAYMENT_NO_RETRY,O046595,INV-0044207,329.0,1,"payment failed, no successful retry"
L04368,FAILED_PAYMENT_NO_RETRY,O020953,INV-0019886,2056.15,1,"payment failed, no successful retry"
L04369,FAILED_PAYMENT_NO_RETRY,O025826,INV-0024498,692.3,1,"payment failed, no successful retry"
L04370,FAILED_PAYMENT_NO_RETRY,O043659,INV-0041398,1213.35,1,"payment failed, no successful retry"
L04371,FAILED_PAYMENT_NO_RETRY,O012835,INV-0012165,920.55,1,"payment failed, no successful retry"
L04372,FAILED_PAYMENT_NO_RETRY,O049641,INV-0047106,2579.0,1,"payment failed, no successful retry"
L04373,FAILED_PAYMENT_NO_RETRY,O001729,INV-0001643,2582.1,1,"payment failed, no successful retry"
L04374,FAILED_PAYMENT_NO_RETRY,O026073,INV-0024732,692.3,1,"payment failed, no successful retry"
L04375,FAILED_PAYMENT_NO_RETRY,O023090,INV-0021907,1330.9,1,"payment failed, no successful retry"
L04376,FAILED_PAYMENT_NO_RETRY,O039463,INV-0037396,5523.3,1,"payment failed, no successful retry"
L04377,FAILED_PAYMENT_NO_RETRY,O031027,INV-0029403,669.0,1,"payment failed, no successful retry"
L04378,FAILED_PAYMENT_NO_RETRY,O039899,INV-0037811,1229.15,1,"payment failed, no successful retry"
L04379,FAILED_PAYMENT_NO_RETRY,O014158,INV-0013428,1313.1,1,"payment failed, no successful retry"
L04380,FAILED_PAYMENT_NO_RETRY,O006886,INV-0006534,4864.2,1,"payment failed, no successful retry"
L04381,FAILED_PAYMENT_NO_RETRY,O049617,INV-0047083,683.05,1,"payment failed, no successful retry"
L04382,FAILED_PAYMENT_NO_RETRY,O028515,INV-0027042,2506.1,1,"payment failed, no successful retry"
L04383,FAILED_PAYMENT_NO_RETRY,O003093,INV-0002927,1698.3,1,"payment failed, no successful retry"
L04384,FAILED_PAYMENT_NO_RETRY,O031244,INV-0029609,4890.3,1,"payment failed, no successful retry"
L04385,FAILED_PAYMENT_NO_RETRY,O036114,INV-0034230,973.5,1,"payment failed, no successful retry"
L04386,FAILED_PAYMENT_NO_RETRY,O008445,INV-0007992,934.15,1,"payment failed, no successful retry"
L04387,FAILED_PAYMENT_NO_RETRY,O022799,INV-0021629,879.2,1,"payment failed, no successful retry"
L04388,FAILED_PAYMENT_NO_RETRY,O028022,INV-0026570,550.05,1,"payment failed, no successful retry"
L04389,FAILED_PAYMENT_NO_RETRY,O024352,INV-0023098,1878.0,1,"payment failed, no successful retry"
L04390,FAILED_PAYMENT_NO_RETRY,O034327,INV-0032538,1189.0,1,"payment failed, no successful retry"
L04391,FAILED_PAYMENT_NO_RETRY,O021788,INV-0020674,1941.0,1,"payment failed, no successful retry"
L04392,FAILED_PAYMENT_NO_RETRY,O004559,INV-0004318,7341.9,1,"payment failed, no successful retry"
L04393,FAILED_PAYMENT_NO_RETRY,O034991,INV-0033170,2540.65,1,"payment failed, no successful retry"
L04394,FAILED_PAYMENT_NO_RETRY,O021496,INV-0020393,591.2,1,"payment failed, no successful retry"
L04395,FAILED_PAYMENT_NO_RETRY,O011851,INV-0011224,7014.05,1,"payment failed, no successful retry"
L04396,FAILED_PAYMENT_NO_RETRY,O015063,INV-0014286,1129.55,1,"payment failed, no successful retry"
L04397,FAILED_PAYMENT_NO_RETRY,O007848,INV-0007437,3668.3,1,"payment failed, no successful retry"
L04398,FAILED_PAYMENT_NO_RETRY,O000797,INV-0000760,3018.0,1,"payment failed, no successful retry"
L04399,FAILED_PAYMENT_NO_RETRY,O033207,INV-0031470,5127.0,1,"payment failed, no successful retry"
L04400,FAILED_PAYMENT_NO_RETRY,O022512,INV-0021364,2319.5,1,"payment failed, no successful retry"
L04401,FAILED_PAYMENT_NO_RETRY,O008458,INV-0008005,2637.0,1,"payment failed, no successful retry"
L04402,FAILED_PAYMENT_NO_RETRY,O033874,INV-0032104,1621.65,1,"payment failed, no successful retry"
L04403,FAILED_PAYMENT_NO_RETRY,O014403,INV-0013662,719.0,1,"payment failed, no successful retry"
L04404,FAILED_PAYMENT_NO_RETRY,O038621,INV-0036588,1909.0,1,"payment failed, no successful retry"
L04405,FAILED_PAYMENT_NO_RETRY,O008860,INV-0008386,2092.05,1,"payment failed, no successful retry"
L04406,FAILED_PAYMENT_NO_RETRY,O003054,INV-0002891,1376.55,1,"payment failed, no successful retry"
L04407,FAILED_PAYMENT_NO_RETRY,O005699,INV-0005400,8255.1,1,"payment failed, no successful retry"
L04408,FAILED_PAYMENT_NO_RETRY,O044601,INV-0042297,2321.1,1,"payment failed, no successful retry"
L04409,FAILED_PAYMENT_NO_RETRY,O045652,INV-0043299,2978.0,1,"payment failed, no successful retry"
L04410,FAILED_PAYMENT_NO_RETRY,O014908,INV-0014138,409.0,1,"payment failed, no successful retry"
L04411,FAILED_PAYMENT_NO_RETRY,O018142,INV-0017221,1106.1,1,"payment failed, no successful retry"
L04412,FAILED_PAYMENT_NO_RETRY,O015822,INV-0015015,2055.2,1,"payment failed, no successful retry"
L04413,FAILED_PAYMENT_NO_RETRY,O016842,INV-0015980,1034.1,1,"payment failed, no successful retry"
L04414,FAILED_PAYMENT_NO_RETRY,O033234,INV-0031496,1944.65,1,"payment failed, no successful retry"
L04415,FAILED_PAYMENT_NO_RETRY,O011607,INV-0010999,1039.0,1,"payment failed, no successful retry"
L04416,FAILED_PAYMENT_NO_RETRY,O041857,INV-0039670,3837.0,1,"payment failed, no successful retry"
L04417,FAILED_PAYMENT_NO_RETRY,O034958,INV-0033137,891.75,1,"payment failed, no successful retry"
L04418,FAILED_PAYMENT_NO_RETRY,O004332,INV-0004104,3834.75,1,"payment failed, no successful retry"
L04419,FAILED_PAYMENT_NO_RETRY,O047177,INV-0044758,879.0,1,"payment failed, no successful retry"
L04420,FAILED_PAYMENT_NO_RETRY,O031479,INV-0029835,5855.0,1,"payment failed, no successful retry"
L04421,FAILED_PAYMENT_NO_RETRY,O049513,INV-0046982,5671.05,1,"payment failed, no successful retry"
L04422,FAILED_PAYMENT_NO_RETRY,O033080,INV-0031352,1099.0,1,"payment failed, no successful retry"
L04423,FAILED_PAYMENT_NO_RETRY,O022562,INV-0021411,1902.3,1,"payment failed, no successful retry"
L04424,FAILED_PAYMENT_NO_RETRY,O032714,INV-0031004,987.05,1,"payment failed, no successful retry"
L04425,FAILED_PAYMENT_NO_RETRY,O031305,INV-0029668,764.1,1,"payment failed, no successful retry"
L04426,FAILED_PAYMENT_NO_RETRY,O042359,INV-0040150,4527.0,1,"payment failed, no successful retry"
L04427,FAILED_PAYMENT_NO_RETRY,O038497,INV-0036470,1741.1,1,"payment failed, no successful retry"
L04428,FAILED_PAYMENT_NO_RETRY,O035388,INV-0033551,1240.15,1,"payment failed, no successful retry"
L04429,FAILED_PAYMENT_NO_RETRY,O041962,INV-0039768,4141.35,1,"payment failed, no successful retry"
L04430,FAILED_PAYMENT_NO_RETRY,O011814,INV-0011190,3306.65,1,"payment failed, no successful retry"
L04431,FAILED_PAYMENT_NO_RETRY,O024380,INV-0023126,516.75,1,"payment failed, no successful retry"
L04432,FAILED_PAYMENT_NO_RETRY,O042657,INV-0040434,602.1,1,"payment failed, no successful retry"
L04433,FAILED_PAYMENT_NO_RETRY,O030786,INV-0029181,12768.55,1,"payment failed, no successful retry"
L04434,FAILED_PAYMENT_NO_RETRY,O015965,INV-0015152,2897.0,1,"payment failed, no successful retry"
L04435,FAILED_PAYMENT_NO_RETRY,O032545,INV-0030845,593.1,1,"payment failed, no successful retry"
L04436,FAILED_PAYMENT_NO_RETRY,O039698,INV-0037622,439.0,1,"payment failed, no successful retry"
L04437,FAILED_PAYMENT_NO_RETRY,O028769,INV-0027282,2529.1,1,"payment failed, no successful retry"
L04438,FAILED_PAYMENT_NO_RETRY,O018802,INV-0017850,1056.3,1,"payment failed, no successful retry"
L04439,FAILED_PAYMENT_NO_RETRY,O005795,INV-0005493,628.2,1,"payment failed, no successful retry"
L04440,FAILED_PAYMENT_NO_RETRY,O048292,INV-0045820,1878.0,1,"payment failed, no successful retry"
L04441,FAILED_PAYMENT_NO_RETRY,O023705,INV-0022486,2377.15,1,"payment failed, no successful retry"
L04442,FAILED_PAYMENT_NO_RETRY,O035526,INV-0033682,1775.55,1,"payment failed, no successful retry"
L04443,FAILED_PAYMENT_NO_RETRY,O035997,INV-0034118,1419.0,1,"payment failed, no successful retry"
L04444,FAILED_PAYMENT_NO_RETRY,O005494,INV-0005204,2192.15,1,"payment failed, no successful retry"
L04445,FAILED_PAYMENT_NO_RETRY,O011573,INV-0010967,4136.2,1,"payment failed, no successful retry"
L04446,FAILED_PAYMENT_NO_RETRY,O018965,INV-0018006,2528.2,1,"payment failed, no successful retry"
L04447,FAILED_PAYMENT_NO_RETRY,O000408,INV-0000388,1589.65,1,"payment failed, no successful retry"
L04448,FAILED_PAYMENT_NO_RETRY,O012463,INV-0011810,5446.1,1,"payment failed, no successful retry"
L04449,FAILED_PAYMENT_NO_RETRY,O042621,INV-0040399,3150.4,1,"payment failed, no successful retry"
L04450,FAILED_PAYMENT_NO_RETRY,O037271,INV-0035325,476.1,1,"payment failed, no successful retry"
L04451,FAILED_PAYMENT_NO_RETRY,O012429,INV-0011777,1489.0,1,"payment failed, no successful retry"
L04452,FAILED_PAYMENT_NO_RETRY,O034915,INV-0033095,730.55,1,"payment failed, no successful retry"
L04453,FAILED_PAYMENT_NO_RETRY,O035250,INV-0033421,3762.95,1,"payment failed, no successful retry"
L04454,FAILED_PAYMENT_NO_RETRY,O033131,INV-0031400,1737.55,1,"payment failed, no successful retry"
L04455,FAILED_PAYMENT_NO_RETRY,O032286,INV-0030603,769.0,1,"payment failed, no successful retry"
L04456,FAILED_PAYMENT_NO_RETRY,O043670,INV-0041408,6554.55,1,"payment failed, no successful retry"
L04457,FAILED_PAYMENT_NO_RETRY,O008294,INV-0007850,233.1,1,"payment failed, no successful retry"
L04458,FAILED_PAYMENT_NO_RETRY,O043417,INV-0041161,2948.0,1,"payment failed, no successful retry"
L04459,FAILED_PAYMENT_NO_RETRY,O048343,INV-0045867,1119.0,1,"payment failed, no successful retry"
L04460,FAILED_PAYMENT_NO_RETRY,O039953,INV-0037865,1932.25,1,"payment failed, no successful retry"
L04461,FAILED_PAYMENT_NO_RETRY,O048844,INV-0046345,698.0,1,"payment failed, no successful retry"
L04462,FAILED_PAYMENT_NO_RETRY,O035293,INV-0033460,8595.0,1,"payment failed, no successful retry"
L04463,FAILED_PAYMENT_NO_RETRY,O038262,INV-0036248,1765.05,1,"payment failed, no successful retry"
L04464,FAILED_PAYMENT_NO_RETRY,O021682,INV-0020572,502.55,1,"payment failed, no successful retry"
L04465,FAILED_PAYMENT_NO_RETRY,O019556,INV-0018564,1079.25,1,"payment failed, no successful retry"
L04466,FAILED_PAYMENT_NO_RETRY,O029616,INV-0028088,739.0,1,"payment failed, no successful retry"
L04467,FAILED_PAYMENT_NO_RETRY,O044721,INV-0042414,1599.2,1,"payment failed, no successful retry"
L04468,FAILED_PAYMENT_NO_RETRY,O037570,INV-0035603,892.05,1,"payment failed, no successful retry"
L04469,FAILED_PAYMENT_NO_RETRY,O047866,INV-0045416,3291.4,1,"payment failed, no successful retry"
L04470,FAILED_PAYMENT_NO_RETRY,O045088,INV-0042761,10220.4,1,"payment failed, no successful retry"
L04471,FAILED_PAYMENT_NO_RETRY,O030496,INV-0028908,2706.4,1,"payment failed, no successful retry"
L04472,FAILED_PAYMENT_NO_RETRY,O035349,INV-0033515,2818.0,1,"payment failed, no successful retry"
L04473,FAILED_PAYMENT_NO_RETRY,O024506,INV-0023247,1187.1,1,"payment failed, no successful retry"
L04474,FAILED_PAYMENT_NO_RETRY,O009891,INV-0009370,3828.0,1,"payment failed, no successful retry"
L04475,FAILED_PAYMENT_NO_RETRY,O046383,INV-0044004,7984.0,1,"payment failed, no successful retry"
L04476,FAILED_PAYMENT_NO_RETRY,O025830,INV-0024502,3886.25,1,"payment failed, no successful retry"
L04477,FAILED_PAYMENT_NO_RETRY,O043533,INV-0041274,4841.75,1,"payment failed, no successful retry"
L04478,FAILED_PAYMENT_NO_RETRY,O006966,INV-0006608,979.0,1,"payment failed, no successful retry"
L04479,FAILED_PAYMENT_NO_RETRY,O000492,INV-0000468,1411.2,1,"payment failed, no successful retry"
L04480,FAILED_PAYMENT_NO_RETRY,O048631,INV-0046141,4290.1,1,"payment failed, no successful retry"
L04481,FAILED_PAYMENT_NO_RETRY,O020881,INV-0019818,2274.3,1,"payment failed, no successful retry"
L04482,FAILED_PAYMENT_NO_RETRY,O045941,INV-0043575,858.0,1,"payment failed, no successful retry"
L04483,FAILED_PAYMENT_NO_RETRY,O041726,INV-0039545,2259.0,1,"payment failed, no successful retry"
L04484,FAILED_PAYMENT_NO_RETRY,O010441,INV-0009894,3668.0,1,"payment failed, no successful retry"
L04485,FAILED_PAYMENT_NO_RETRY,O039457,INV-0037390,1271.1,1,"payment failed, no successful retry"
L04486,FAILED_PAYMENT_NO_RETRY,O029332,INV-0027819,839.0,1,"payment failed, no successful retry"
L04487,FAILED_PAYMENT_NO_RETRY,O007388,INV-0007008,607.05,1,"payment failed, no successful retry"
L04488,FAILED_PAYMENT_NO_RETRY,O033728,INV-0031964,2515.7,1,"payment failed, no successful retry"
L04489,FAILED_PAYMENT_NO_RETRY,O013187,INV-0012505,1307.65,1,"payment failed, no successful retry"
L04490,FAILED_PAYMENT_NO_RETRY,O031371,INV-0029733,5387.55,1,"payment failed, no successful retry"
L04491,FAILED_PAYMENT_NO_RETRY,O049052,INV-0046544,2926.25,1,"payment failed, no successful retry"
L04492,FAILED_PAYMENT_NO_RETRY,O025681,INV-0024363,935.35,1,"payment failed, no successful retry"
L04493,FAILED_PAYMENT_NO_RETRY,O026058,INV-0024717,1304.1,1,"payment failed, no successful retry"
L04494,FAILED_PAYMENT_NO_RETRY,O012932,INV-0012259,3365.2,1,"payment failed, no successful retry"
L04495,FAILED_PAYMENT_NO_RETRY,O010459,INV-0009910,1825.2,1,"payment failed, no successful retry"
L04496,FAILED_PAYMENT_NO_RETRY,O015285,INV-0014496,939.55,1,"payment failed, no successful retry"
L04497,FAILED_PAYMENT_NO_RETRY,O002897,INV-0002747,892.05,1,"payment failed, no successful retry"
L04498,FAILED_PAYMENT_NO_RETRY,O023664,INV-0022449,689.45,1,"payment failed, no successful retry"
L04499,FAILED_PAYMENT_NO_RETRY,O011890,INV-0011262,999.2,1,"payment failed, no successful retry"
L04500,FAILED_PAYMENT_NO_RETRY,O029711,INV-0028177,1186.55,1,"payment failed, no successful retry"
L04501,FAILED_PAYMENT_NO_RETRY,O017829,INV-0016925,3210.5,1,"payment failed, no successful retry"
L04502,FAILED_PAYMENT_NO_RETRY,O009459,INV-0008953,1538.2,1,"payment failed, no successful retry"
L04503,FAILED_PAYMENT_NO_RETRY,O021853,INV-0020736,1016.1,1,"payment failed, no successful retry"
L04504,FAILED_PAYMENT_NO_RETRY,O033593,INV-0031836,1415.85,1,"payment failed, no successful retry"
L04505,FAILED_PAYMENT_NO_RETRY,O040804,INV-0038677,1133.1,1,"payment failed, no successful retry"
L04506,FAILED_PAYMENT_NO_RETRY,O020571,INV-0019520,1010.65,1,"payment failed, no successful retry"
L04507,FAILED_PAYMENT_NO_RETRY,O032253,INV-0030572,476.1,1,"payment failed, no successful retry"
L04508,FAILED_PAYMENT_NO_RETRY,O045645,INV-0043293,1623.7,1,"payment failed, no successful retry"
L04509,FAILED_PAYMENT_NO_RETRY,O026259,INV-0024906,668.85,1,"payment failed, no successful retry"
L04510,FAILED_PAYMENT_NO_RETRY,O046881,INV-0044473,5020.95,1,"payment failed, no successful retry"
L04511,FAILED_PAYMENT_NO_RETRY,O007675,INV-0007276,3741.1,1,"payment failed, no successful retry"
L04512,FAILED_PAYMENT_NO_RETRY,O025835,INV-0024507,2323.05,1,"payment failed, no successful retry"
L04513,FAILED_PAYMENT_NO_RETRY,O025192,INV-0023898,934.15,1,"payment failed, no successful retry"
L04514,FAILED_PAYMENT_NO_RETRY,O046752,INV-0044353,2579.0,1,"payment failed, no successful retry"
L04515,FAILED_PAYMENT_NO_RETRY,O049390,INV-0046866,1525.75,1,"payment failed, no successful retry"
L04516,FAILED_PAYMENT_NO_RETRY,O003023,INV-0002862,2321.1,1,"payment failed, no successful retry"
L04517,FAILED_PAYMENT_NO_RETRY,O015053,INV-0014277,683.05,1,"payment failed, no successful retry"
L04518,FAILED_PAYMENT_NO_RETRY,O023057,INV-0021875,1104.3,1,"payment failed, no successful retry"
L04519,FAILED_PAYMENT_NO_RETRY,O045817,INV-0043458,2027.25,1,"payment failed, no successful retry"
L04520,FAILED_PAYMENT_NO_RETRY,O033280,INV-0031540,6887.15,1,"payment failed, no successful retry"
L04521,FAILED_PAYMENT_NO_RETRY,O000862,INV-0000823,2449.35,1,"payment failed, no successful retry"
L04522,FAILED_PAYMENT_NO_RETRY,O042797,INV-0040571,2571.2,1,"payment failed, no successful retry"
L04523,FAILED_PAYMENT_NO_RETRY,O031008,INV-0029385,5020.95,1,"payment failed, no successful retry"
L04524,FAILED_PAYMENT_NO_RETRY,O007179,INV-0006806,359.0,1,"payment failed, no successful retry"
L04525,FAILED_PAYMENT_NO_RETRY,O015248,INV-0014461,1449.0,1,"payment failed, no successful retry"
L04526,FAILED_PAYMENT_NO_RETRY,O006624,INV-0006283,578.55,1,"payment failed, no successful retry"
L04527,FAILED_PAYMENT_NO_RETRY,O026448,INV-0025086,482.3,1,"payment failed, no successful retry"
L04528,FAILED_PAYMENT_NO_RETRY,O022960,INV-0021781,891.75,1,"payment failed, no successful retry"
L04529,FAILED_PAYMENT_NO_RETRY,O040474,INV-0038359,635.55,1,"payment failed, no successful retry"
L04530,FAILED_PAYMENT_NO_RETRY,O029324,INV-0027811,569.0,1,"payment failed, no successful retry"
L04531,FAILED_PAYMENT_NO_RETRY,O012041,INV-0011408,7028.5,1,"payment failed, no successful retry"
L04532,FAILED_PAYMENT_NO_RETRY,O014880,INV-0014111,1179.0,1,"payment failed, no successful retry"
L04533,FAILED_PAYMENT_NO_RETRY,O016854,INV-0015992,702.05,1,"payment failed, no successful retry"
L04534,FAILED_PAYMENT_NO_RETRY,O013180,INV-0012498,639.0,1,"payment failed, no successful retry"
L04535,FAILED_PAYMENT_NO_RETRY,O011281,INV-0010686,3127.7,1,"payment failed, no successful retry"
L04536,FAILED_PAYMENT_NO_RETRY,O003716,INV-0003526,1151.1,1,"payment failed, no successful retry"
L04537,FAILED_PAYMENT_NO_RETRY,O020182,INV-0019152,1485.75,1,"payment failed, no successful retry"
L04538,FAILED_PAYMENT_NO_RETRY,O019171,INV-0018200,1878.0,1,"payment failed, no successful retry"
L04539,FAILED_PAYMENT_NO_RETRY,O038312,INV-0036297,1851.3,1,"payment failed, no successful retry"
L04540,FAILED_PAYMENT_NO_RETRY,O020798,INV-0019739,2881.5,1,"payment failed, no successful retry"
L04541,FAILED_PAYMENT_NO_RETRY,O029014,INV-0027517,445.55,1,"payment failed, no successful retry"
L04542,FAILED_PAYMENT_NO_RETRY,O002169,INV-0002055,2735.05,1,"payment failed, no successful retry"
L04543,FAILED_PAYMENT_NO_RETRY,O024725,INV-0023454,2489.35,1,"payment failed, no successful retry"
L04544,FAILED_PAYMENT_NO_RETRY,O045343,INV-0043003,540.55,1,"payment failed, no successful retry"
L04545,FAILED_PAYMENT_NO_RETRY,O032970,INV-0031248,2879.0,1,"payment failed, no successful retry"
L04546,FAILED_PAYMENT_NO_RETRY,O005982,INV-0005669,1029.0,1,"payment failed, no successful retry"
L04547,FAILED_PAYMENT_NO_RETRY,O002159,INV-0002045,719.0,1,"payment failed, no successful retry"
L04548,FAILED_PAYMENT_NO_RETRY,O001530,INV-0001459,2809.15,1,"payment failed, no successful retry"
L04549,FAILED_PAYMENT_NO_RETRY,O008326,INV-0007879,2579.0,1,"payment failed, no successful retry"
L04550,FAILED_PAYMENT_NO_RETRY,O005552,INV-0005259,2861.2,1,"payment failed, no successful retry"
L04551,FAILED_PAYMENT_NO_RETRY,O028206,INV-0026747,339.0,1,"payment failed, no successful retry"
L04552,FAILED_PAYMENT_NO_RETRY,O042092,INV-0039895,653.65,1,"payment failed, no successful retry"
L04553,FAILED_PAYMENT_NO_RETRY,O038784,INV-0036745,1278.0,1,"payment failed, no successful retry"
L04554,FAILED_PAYMENT_NO_RETRY,O036499,INV-0034588,739.0,1,"payment failed, no successful retry"
L04555,FAILED_PAYMENT_NO_RETRY,O003157,INV-0002990,930.05,1,"payment failed, no successful retry"
L04556,FAILED_PAYMENT_NO_RETRY,O007151,INV-0006782,2063.2,1,"payment failed, no successful retry"
L04557,FAILED_PAYMENT_NO_RETRY,O044033,INV-0041754,1307.1,1,"payment failed, no successful retry"
L04558,FAILED_PAYMENT_NO_RETRY,O012327,INV-0011679,3400.2,1,"payment failed, no successful retry"
L04559,FAILED_PAYMENT_NO_RETRY,O045532,INV-0043183,739.0,1,"payment failed, no successful retry"
L04560,FAILED_PAYMENT_NO_RETRY,O013941,INV-0013224,2185.2,1,"payment failed, no successful retry"
L04561,FAILED_PAYMENT_NO_RETRY,O031618,INV-0029966,4609.65,1,"payment failed, no successful retry"
L04562,FAILED_PAYMENT_NO_RETRY,O018285,INV-0017357,331.55,1,"payment failed, no successful retry"
L04563,FAILED_PAYMENT_NO_RETRY,O036482,INV-0034574,806.55,1,"payment failed, no successful retry"
L04564,FAILED_PAYMENT_NO_RETRY,O000079,INV-0000073,1196.05,1,"payment failed, no successful retry"
L04565,FAILED_PAYMENT_NO_RETRY,O039739,INV-0037660,2258.0,1,"payment failed, no successful retry"
L04566,FAILED_PAYMENT_NO_RETRY,O037033,INV-0035098,679.0,1,"payment failed, no successful retry"
L04567,FAILED_PAYMENT_NO_RETRY,O007886,INV-0007474,540.55,1,"payment failed, no successful retry"
L04568,FAILED_PAYMENT_NO_RETRY,O046333,INV-0043955,4046.4,1,"payment failed, no successful retry"
L04569,FAILED_PAYMENT_NO_RETRY,O047933,INV-0045479,557.1,1,"payment failed, no successful retry"
L04570,FAILED_PAYMENT_NO_RETRY,O004585,INV-0004344,540.55,1,"payment failed, no successful retry"
L04571,FAILED_PAYMENT_NO_RETRY,O011785,INV-0011162,3808.65,1,"payment failed, no successful retry"
L04572,FAILED_PAYMENT_NO_RETRY,O023728,INV-0022506,2809.5,1,"payment failed, no successful retry"
L04573,FAILED_PAYMENT_NO_RETRY,O040532,INV-0038417,2907.0,1,"payment failed, no successful retry"
L04574,FAILED_PAYMENT_NO_RETRY,O035088,INV-0033265,516.75,1,"payment failed, no successful retry"
L04575,FAILED_PAYMENT_NO_RETRY,O045360,INV-0043018,3086.55,1,"payment failed, no successful retry"
L04576,FAILED_PAYMENT_NO_RETRY,O015882,INV-0015072,2579.0,1,"payment failed, no successful retry"
L04577,FAILED_PAYMENT_NO_RETRY,O046960,INV-0044550,790.2,1,"payment failed, no successful retry"
L04578,FAILED_PAYMENT_NO_RETRY,O033003,INV-0031277,939.55,1,"payment failed, no successful retry"
L04579,FAILED_PAYMENT_NO_RETRY,O023134,INV-0021949,951.2,1,"payment failed, no successful retry"
L04580,FAILED_PAYMENT_NO_RETRY,O041655,INV-0039476,2979.65,1,"payment failed, no successful retry"
L04581,FAILED_PAYMENT_NO_RETRY,O036175,INV-0034288,1151.1,1,"payment failed, no successful retry"
L04582,FAILED_PAYMENT_NO_RETRY,O027628,INV-0026194,4068.2,1,"payment failed, no successful retry"
L04583,FAILED_PAYMENT_NO_RETRY,O001347,INV-0001282,1178.65,1,"payment failed, no successful retry"
L04584,FAILED_PAYMENT_NO_RETRY,O025880,INV-0024550,1121.15,1,"payment failed, no successful retry"
L04585,FAILED_PAYMENT_NO_RETRY,O016263,INV-0015434,629.1,1,"payment failed, no successful retry"
L04586,FAILED_PAYMENT_NO_RETRY,O031853,INV-0030192,3621.65,1,"payment failed, no successful retry"
L04587,FAILED_PAYMENT_NO_RETRY,O023763,INV-0022540,5028.6,1,"payment failed, no successful retry"
L04588,FAILED_PAYMENT_NO_RETRY,O011801,INV-0011178,949.05,1,"payment failed, no successful retry"
L04589,FAILED_PAYMENT_NO_RETRY,O035685,INV-0033830,1449.0,1,"payment failed, no successful retry"
L04590,FAILED_PAYMENT_NO_RETRY,O012404,INV-0011754,920.55,1,"payment failed, no successful retry"
L04591,FAILED_PAYMENT_NO_RETRY,O029782,INV-0028242,1058.0,1,"payment failed, no successful retry"
L04592,FAILED_PAYMENT_NO_RETRY,O012186,INV-0011547,840.65,1,"payment failed, no successful retry"
L04593,FAILED_PAYMENT_NO_RETRY,O027455,INV-0026030,1157.15,1,"payment failed, no successful retry"
L04594,FAILED_PAYMENT_NO_RETRY,O006689,INV-0006346,2713.4,1,"payment failed, no successful retry"
L04595,FAILED_PAYMENT_NO_RETRY,O032646,INV-0030940,1671.3,1,"payment failed, no successful retry"
L04596,FAILED_PAYMENT_NO_RETRY,O016134,INV-0015315,2954.5,1,"payment failed, no successful retry"
L04597,FAILED_PAYMENT_NO_RETRY,O006547,INV-0006207,1709.0,1,"payment failed, no successful retry"
L04598,FAILED_PAYMENT_NO_RETRY,O016551,INV-0015704,1376.55,1,"payment failed, no successful retry"
L04599,FAILED_PAYMENT_NO_RETRY,O046270,INV-0043893,1725.55,1,"payment failed, no successful retry"
L04600,FAILED_PAYMENT_NO_RETRY,O046787,INV-0044385,3906.8,1,"payment failed, no successful retry"
L04601,FAILED_PAYMENT_NO_RETRY,O011206,INV-0010614,4776.2,1,"payment failed, no successful retry"
L04602,FAILED_PAYMENT_NO_RETRY,O023809,INV-0022586,2243.15,1,"payment failed, no successful retry"
L04603,DECOY_RETRIED_PAYMENT,O013737,INV-0013035,0.0,0,"failed first, retry succeeded - NOT a leak"
L04604,DECOY_RETRIED_PAYMENT,O040920,INV-0038788,0.0,0,"failed first, retry succeeded - NOT a leak"
L04605,DECOY_RETRIED_PAYMENT,O033926,INV-0032152,0.0,0,"failed first, retry succeeded - NOT a leak"
L04606,DECOY_RETRIED_PAYMENT,O046790,INV-0044388,0.0,0,"failed first, retry succeeded - NOT a leak"
L04607,DECOY_RETRIED_PAYMENT,O028192,INV-0026734,0.0,0,"failed first, retry succeeded - NOT a leak"
L04608,DECOY_RETRIED_PAYMENT,O046114,INV-0043743,0.0,0,"failed first, retry succeeded - NOT a leak"
L04609,DECOY_RETRIED_PAYMENT,O013250,INV-0012564,0.0,0,"failed first, retry succeeded - NOT a leak"
L04610,DECOY_RETRIED_PAYMENT,O017566,INV-0016673,0.0,0,"failed first, retry succeeded - NOT a leak"
L04611,DECOY_RETRIED_PAYMENT,O014463,INV-0013717,0.0,0,"failed first, retry succeeded - NOT a leak"
L04612,DECOY_RETRIED_PAYMENT,O025422,INV-0024109,0.0,0,"failed first, retry succeeded - NOT a leak"
L04613,DECOY_RETRIED_PAYMENT,O016362,INV-0015524,0.0,0,"failed first, retry succeeded - NOT a leak"
L04614,DECOY_RETRIED_PAYMENT,O036947,INV-0035016,0.0,0,"failed first, retry succeeded - NOT a leak"
L04615,DECOY_RETRIED_PAYMENT,O023458,INV-0022255,0.0,0,"failed first, retry succeeded - NOT a leak"
L04616,DECOY_RETRIED_PAYMENT,O032985,INV-0031261,0.0,0,"failed first, retry succeeded - NOT a leak"
L04617,DECOY_RETRIED_PAYMENT,O018016,INV-0017105,0.0,0,"failed first, retry succeeded - NOT a leak"
L04618,DECOY_RETRIED_PAYMENT,O016078,INV-0015260,0.0,0,"failed first, retry succeeded - NOT a leak"
L04619,DECOY_RETRIED_PAYMENT,O024757,INV-0023483,0.0,0,"failed first, retry succeeded - NOT a leak"
L04620,DECOY_RETRIED_PAYMENT,O034407,INV-0032615,0.0,0,"failed first, retry succeeded - NOT a leak"
L04621,DECOY_RETRIED_PAYMENT,O026460,INV-0025098,0.0,0,"failed first, retry succeeded - NOT a leak"
L04622,DECOY_RETRIED_PAYMENT,O036565,INV-0034651,0.0,0,"failed first, retry succeeded - NOT a leak"
L04623,DECOY_RETRIED_PAYMENT,O042181,INV-0039979,0.0,0,"failed first, retry succeeded - NOT a leak"
L04624,DECOY_RETRIED_PAYMENT,O042022,INV-0039827,0.0,0,"failed first, retry succeeded - NOT a leak"
L04625,DECOY_RETRIED_PAYMENT,O047904,INV-0045452,0.0,0,"failed first, retry succeeded - NOT a leak"
L04626,DECOY_RETRIED_PAYMENT,O027070,INV-0025676,0.0,0,"failed first, retry succeeded - NOT a leak"
L04627,DECOY_RETRIED_PAYMENT,O003902,INV-0003699,0.0,0,"failed first, retry succeeded - NOT a leak"
L04628,DECOY_RETRIED_PAYMENT,O000369,INV-0000350,0.0,0,"failed first, retry succeeded - NOT a leak"
L04629,DECOY_RETRIED_PAYMENT,O048930,INV-0046427,0.0,0,"failed first, retry succeeded - NOT a leak"
L04630,DECOY_RETRIED_PAYMENT,O000250,INV-0000237,0.0,0,"failed first, retry succeeded - NOT a leak"
L04631,DECOY_RETRIED_PAYMENT,O041600,INV-0039426,0.0,0,"failed first, retry succeeded - NOT a leak"
L04632,DECOY_RETRIED_PAYMENT,O032905,INV-0031186,0.0,0,"failed first, retry succeeded - NOT a leak"
L04633,DECOY_RETRIED_PAYMENT,O025790,INV-0024465,0.0,0,"failed first, retry succeeded - NOT a leak"
L04634,DECOY_RETRIED_PAYMENT,O010341,INV-0009796,0.0,0,"failed first, retry succeeded - NOT a leak"
L04635,DECOY_RETRIED_PAYMENT,O002281,INV-0002162,0.0,0,"failed first, retry succeeded - NOT a leak"
L04636,DECOY_RETRIED_PAYMENT,O031223,INV-0029590,0.0,0,"failed first, retry succeeded - NOT a leak"
L04637,DECOY_RETRIED_PAYMENT,O015827,INV-0015020,0.0,0,"failed first, retry succeeded - NOT a leak"
L04638,DECOY_RETRIED_PAYMENT,O038935,INV-0036889,0.0,0,"failed first, retry succeeded - NOT a leak"
L04639,DECOY_RETRIED_PAYMENT,O022757,INV-0021590,0.0,0,"failed first, retry succeeded - NOT a leak"
L04640,DECOY_RETRIED_PAYMENT,O011710,INV-0011092,0.0,0,"failed first, retry succeeded - NOT a leak"
L04641,DECOY_RETRIED_PAYMENT,O034709,INV-0032895,0.0,0,"failed first, retry succeeded - NOT a leak"
L04642,DECOY_RETRIED_PAYMENT,O018373,INV-0017441,0.0,0,"failed first, retry succeeded - NOT a leak"
L04643,DECOY_RETRIED_PAYMENT,O004551,INV-0004311,0.0,0,"failed first, retry succeeded - NOT a leak"
L04644,DECOY_RETRIED_PAYMENT,O035157,INV-0033332,0.0,0,"failed first, retry succeeded - NOT a leak"
L04645,DECOY_RETRIED_PAYMENT,O045489,INV-0043141,0.0,0,"failed first, retry succeeded - NOT a leak"
L04646,DECOY_RETRIED_PAYMENT,O005285,INV-0005001,0.0,0,"failed first, retry succeeded - NOT a leak"
L04647,DECOY_RETRIED_PAYMENT,O037695,INV-0035722,0.0,0,"failed first, retry succeeded - NOT a leak"
L04648,DECOY_RETRIED_PAYMENT,O016868,INV-0016005,0.0,0,"failed first, retry succeeded - NOT a leak"
L04649,DECOY_RETRIED_PAYMENT,O039087,INV-0037032,0.0,0,"failed first, retry succeeded - NOT a leak"
L04650,DECOY_RETRIED_PAYMENT,O045047,INV-0042722,0.0,0,"failed first, retry succeeded - NOT a leak"
L04651,DECOY_RETRIED_PAYMENT,O019230,INV-0018254,0.0,0,"failed first, retry succeeded - NOT a leak"
L04652,DECOY_RETRIED_PAYMENT,O010457,INV-0009908,0.0,0,"failed first, retry succeeded - NOT a leak"
L04653,DECOY_RETRIED_PAYMENT,O035522,INV-0033678,0.0,0,"failed first, retry succeeded - NOT a leak"
L04654,DECOY_RETRIED_PAYMENT,O035919,INV-0034046,0.0,0,"failed first, retry succeeded - NOT a leak"
L04655,DECOY_RETRIED_PAYMENT,O014962,INV-0014190,0.0,0,"failed first, retry succeeded - NOT a leak"
L04656,DECOY_RETRIED_PAYMENT,O013281,INV-0012593,0.0,0,"failed first, retry succeeded - NOT a leak"
L04657,DECOY_RETRIED_PAYMENT,O028585,INV-0027107,0.0,0,"failed first, retry succeeded - NOT a leak"
L04658,DECOY_RETRIED_PAYMENT,O046467,INV-0044086,0.0,0,"failed first, retry succeeded - NOT a leak"
L04659,DECOY_RETRIED_PAYMENT,O016409,INV-0015569,0.0,0,"failed first, retry succeeded - NOT a leak"
L04660,DECOY_RETRIED_PAYMENT,O008829,INV-0008357,0.0,0,"failed first, retry succeeded - NOT a leak"
L04661,DECOY_RETRIED_PAYMENT,O035337,INV-0033504,0.0,0,"failed first, retry succeeded - NOT a leak"
L04662,DECOY_RETRIED_PAYMENT,O031979,INV-0030312,0.0,0,"failed first, retry succeeded - NOT a leak"
L04663,DECOY_RETRIED_PAYMENT,O045678,INV-0043325,0.0,0,"failed first, retry succeeded - NOT a leak"
L04664,DECOY_RETRIED_PAYMENT,O019265,INV-0018287,0.0,0,"failed first, retry succeeded - NOT a leak"
L04665,DECOY_RETRIED_PAYMENT,O001635,INV-0001557,0.0,0,"failed first, retry succeeded - NOT a leak"
L04666,DECOY_RETRIED_PAYMENT,O013752,INV-0013050,0.0,0,"failed first, retry succeeded - NOT a leak"
L04667,DECOY_RETRIED_PAYMENT,O012887,INV-0012217,0.0,0,"failed first, retry succeeded - NOT a leak"
L04668,DECOY_RETRIED_PAYMENT,O008061,INV-0007636,0.0,0,"failed first, retry succeeded - NOT a leak"
L04669,DECOY_RETRIED_PAYMENT,O022135,INV-0021005,0.0,0,"failed first, retry succeeded - NOT a leak"
L04670,DECOY_RETRIED_PAYMENT,O040201,INV-0038096,0.0,0,"failed first, retry succeeded - NOT a leak"
L04671,DECOY_RETRIED_PAYMENT,O035936,INV-0034063,0.0,0,"failed first, retry succeeded - NOT a leak"
L04672,DECOY_RETRIED_PAYMENT,O023520,INV-0022314,0.0,0,"failed first, retry succeeded - NOT a leak"
L04673,DECOY_RETRIED_PAYMENT,O005311,INV-0005026,0.0,0,"failed first, retry succeeded - NOT a leak"
L04674,DECOY_RETRIED_PAYMENT,O044397,INV-0042102,0.0,0,"failed first, retry succeeded - NOT a leak"
L04675,DECOY_RETRIED_PAYMENT,O048021,INV-0045559,0.0,0,"failed first, retry succeeded - NOT a leak"
L04676,DECOY_RETRIED_PAYMENT,O023351,INV-0022155,0.0,0,"failed first, retry succeeded - NOT a leak"
L04677,DECOY_RETRIED_PAYMENT,O035994,INV-0034115,0.0,0,"failed first, retry succeeded - NOT a leak"
L04678,DECOY_RETRIED_PAYMENT,O008083,INV-0007656,0.0,0,"failed first, retry succeeded - NOT a leak"
L04679,DECOY_RETRIED_PAYMENT,O007315,INV-0006940,0.0,0,"failed first, retry succeeded - NOT a leak"
L04680,DECOY_RETRIED_PAYMENT,O021575,INV-0020468,0.0,0,"failed first, retry succeeded - NOT a leak"
L04681,DECOY_RETRIED_PAYMENT,O008660,INV-0008196,0.0,0,"failed first, retry succeeded - NOT a leak"
L04682,DECOY_RETRIED_PAYMENT,O034788,INV-0032971,0.0,0,"failed first, retry succeeded - NOT a leak"
L04683,DECOY_RETRIED_PAYMENT,O019526,INV-0018538,0.0,0,"failed first, retry succeeded - NOT a leak"
L04684,DECOY_RETRIED_PAYMENT,O016467,INV-0015625,0.0,0,"failed first, retry succeeded - NOT a leak"
L04685,DECOY_RETRIED_PAYMENT,O017738,INV-0016840,0.0,0,"failed first, retry succeeded - NOT a leak"
L04686,DECOY_RETRIED_PAYMENT,O045325,INV-0042985,0.0,0,"failed first, retry succeeded - NOT a leak"
L04687,DECOY_RETRIED_PAYMENT,O020145,INV-0019120,0.0,0,"failed first, retry succeeded - NOT a leak"
L04688,DECOY_RETRIED_PAYMENT,O042327,INV-0040119,0.0,0,"failed first, retry succeeded - NOT a leak"
L04689,DECOY_RETRIED_PAYMENT,O038721,INV-0036687,0.0,0,"failed first, retry succeeded - NOT a leak"
L04690,DECOY_RETRIED_PAYMENT,O045743,INV-0043387,0.0,0,"failed first, retry succeeded - NOT a leak"
L04691,DECOY_RETRIED_PAYMENT,O031985,INV-0030318,0.0,0,"failed first, retry succeeded - NOT a leak"
L04692,DECOY_RETRIED_PAYMENT,O037770,INV-0035790,0.0,0,"failed first, retry succeeded - NOT a leak"
L04693,DECOY_RETRIED_PAYMENT,O012320,INV-0011673,0.0,0,"failed first, retry succeeded - NOT a leak"
L04694,DECOY_RETRIED_PAYMENT,O021584,INV-0020476,0.0,0,"failed first, retry succeeded - NOT a leak"
L04695,DECOY_RETRIED_PAYMENT,O043792,INV-0041527,0.0,0,"failed first, retry succeeded - NOT a leak"
L04696,DECOY_RETRIED_PAYMENT,O003536,INV-0003350,0.0,0,"failed first, retry succeeded - NOT a leak"
L04697,DECOY_RETRIED_PAYMENT,O037762,INV-0035782,0.0,0,"failed first, retry succeeded - NOT a leak"
L04698,DECOY_RETRIED_PAYMENT,O010051,INV-0009519,0.0,0,"failed first, retry succeeded - NOT a leak"
L04699,DECOY_RETRIED_PAYMENT,O042804,INV-0040578,0.0,0,"failed first, retry succeeded - NOT a leak"
L04700,DECOY_RETRIED_PAYMENT,O042643,INV-0040421,0.0,0,"failed first, retry succeeded - NOT a leak"
L04701,DECOY_RETRIED_PAYMENT,O007003,INV-0006642,0.0,0,"failed first, retry succeeded - NOT a leak"
L04702,DECOY_RETRIED_PAYMENT,O003920,INV-0003716,0.0,0,"failed first, retry succeeded - NOT a leak"
L04703,DECOY_RETRIED_PAYMENT,O047263,INV-0044840,0.0,0,"failed first, retry succeeded - NOT a leak"
L04704,DECOY_RETRIED_PAYMENT,O001607,INV-0001533,0.0,0,"failed first, retry succeeded - NOT a leak"
L04705,DECOY_RETRIED_PAYMENT,O026925,INV-0025539,0.0,0,"failed first, retry succeeded - NOT a leak"
L04706,DECOY_RETRIED_PAYMENT,O005802,INV-0005500,0.0,0,"failed first, retry succeeded - NOT a leak"
L04707,DECOY_RETRIED_PAYMENT,O017990,INV-0017080,0.0,0,"failed first, retry succeeded - NOT a leak"
L04708,DECOY_RETRIED_PAYMENT,O036669,INV-0034748,0.0,0,"failed first, retry succeeded - NOT a leak"
L04709,DECOY_RETRIED_PAYMENT,O005950,INV-0005642,0.0,0,"failed first, retry succeeded - NOT a leak"
L04710,DECOY_RETRIED_PAYMENT,O007955,INV-0007540,0.0,0,"failed first, retry succeeded - NOT a leak"
L04711,DECOY_RETRIED_PAYMENT,O001832,INV-0001743,0.0,0,"failed first, retry succeeded - NOT a leak"
L04712,DECOY_RETRIED_PAYMENT,O008295,INV-0007851,0.0,0,"failed first, retry succeeded - NOT a leak"
L04713,DECOY_RETRIED_PAYMENT,O002350,INV-0002229,0.0,0,"failed first, retry succeeded - NOT a leak"
L04714,DECOY_RETRIED_PAYMENT,O027378,INV-0025959,0.0,0,"failed first, retry succeeded - NOT a leak"
L04715,DECOY_RETRIED_PAYMENT,O024297,INV-0023046,0.0,0,"failed first, retry succeeded - NOT a leak"
L04716,DECOY_RETRIED_PAYMENT,O048809,INV-0046311,0.0,0,"failed first, retry succeeded - NOT a leak"
L04717,DECOY_RETRIED_PAYMENT,O029384,INV-0027867,0.0,0,"failed first, retry succeeded - NOT a leak"
L04718,DECOY_RETRIED_PAYMENT,O035205,INV-0033377,0.0,0,"failed first, retry succeeded - NOT a leak"
L04719,DECOY_RETRIED_PAYMENT,O014630,INV-0013873,0.0,0,"failed first, retry succeeded - NOT a leak"
L04720,DECOY_RETRIED_PAYMENT,O007299,INV-0006924,0.0,0,"failed first, retry succeeded - NOT a leak"
L04721,DECOY_RETRIED_PAYMENT,O037120,INV-0035181,0.0,0,"failed first, retry succeeded - NOT a leak"
L04722,DECOY_RETRIED_PAYMENT,O018155,INV-0017234,0.0,0,"failed first, retry succeeded - NOT a leak"
L04723,DECOY_RETRIED_PAYMENT,O008018,INV-0007595,0.0,0,"failed first, retry succeeded - NOT a leak"
L04724,DECOY_RETRIED_PAYMENT,O005428,INV-0005141,0.0,0,"failed first, retry succeeded - NOT a leak"
L04725,DECOY_RETRIED_PAYMENT,O010696,INV-0010136,0.0,0,"failed first, retry succeeded - NOT a leak"
L04726,DECOY_RETRIED_PAYMENT,O022996,INV-0021816,0.0,0,"failed first, retry succeeded - NOT a leak"
L04727,DECOY_RETRIED_PAYMENT,O020479,INV-0019435,0.0,0,"failed first, retry succeeded - NOT a leak"
L04728,DECOY_RETRIED_PAYMENT,O045806,INV-0043448,0.0,0,"failed first, retry succeeded - NOT a leak"
L04729,DECOY_RETRIED_PAYMENT,O035933,INV-0034060,0.0,0,"failed first, retry succeeded - NOT a leak"
L04730,DECOY_RETRIED_PAYMENT,O005530,INV-0005239,0.0,0,"failed first, retry succeeded - NOT a leak"
L04731,DECOY_RETRIED_PAYMENT,O033642,INV-0031882,0.0,0,"failed first, retry succeeded - NOT a leak"
L04732,DECOY_RETRIED_PAYMENT,O049102,INV-0046592,0.0,0,"failed first, retry succeeded - NOT a leak"
L04733,DECOY_RETRIED_PAYMENT,O046517,INV-0044132,0.0,0,"failed first, retry succeeded - NOT a leak"
L04734,DECOY_RETRIED_PAYMENT,O004464,INV-0004232,0.0,0,"failed first, retry succeeded - NOT a leak"
L04735,DECOY_RETRIED_PAYMENT,O039048,INV-0036995,0.0,0,"failed first, retry succeeded - NOT a leak"
L04736,DECOY_RETRIED_PAYMENT,O016284,INV-0015453,0.0,0,"failed first, retry succeeded - NOT a leak"
L04737,DECOY_RETRIED_PAYMENT,O045169,INV-0042839,0.0,0,"failed first, retry succeeded - NOT a leak"
L04738,DECOY_RETRIED_PAYMENT,O032813,INV-0031097,0.0,0,"failed first, retry succeeded - NOT a leak"
L04739,DECOY_RETRIED_PAYMENT,O002650,INV-0002513,0.0,0,"failed first, retry succeeded - NOT a leak"
L04740,DECOY_RETRIED_PAYMENT,O024883,INV-0023602,0.0,0,"failed first, retry succeeded - NOT a leak"
L04741,DECOY_RETRIED_PAYMENT,O004835,INV-0004578,0.0,0,"failed first, retry succeeded - NOT a leak"
L04742,DECOY_RETRIED_PAYMENT,O010461,INV-0009912,0.0,0,"failed first, retry succeeded - NOT a leak"
L04743,DECOY_RETRIED_PAYMENT,O027269,INV-0025857,0.0,0,"failed first, retry succeeded - NOT a leak"
L04744,DECOY_RETRIED_PAYMENT,O042106,INV-0039909,0.0,0,"failed first, retry succeeded - NOT a leak"
L04745,DECOY_RETRIED_PAYMENT,O008033,INV-0007610,0.0,0,"failed first, retry succeeded - NOT a leak"
L04746,DECOY_RETRIED_PAYMENT,O009806,INV-0009287,0.0,0,"failed first, retry succeeded - NOT a leak"
L04747,DECOY_RETRIED_PAYMENT,O012075,INV-0011441,0.0,0,"failed first, retry succeeded - NOT a leak"
L04748,DECOY_RETRIED_PAYMENT,O017515,INV-0016623,0.0,0,"failed first, retry succeeded - NOT a leak"
L04749,DECOY_RETRIED_PAYMENT,O031650,INV-0029997,0.0,0,"failed first, retry succeeded - NOT a leak"
L04750,DECOY_RETRIED_PAYMENT,O039150,INV-0037092,0.0,0,"failed first, retry succeeded - NOT a leak"
L04751,DECOY_RETRIED_PAYMENT,O003593,INV-0003406,0.0,0,"failed first, retry succeeded - NOT a leak"
L04752,DECOY_RETRIED_PAYMENT,O045815,INV-0043456,0.0,0,"failed first, retry succeeded - NOT a leak"
L04753,DECOY_RETRIED_PAYMENT,O019631,INV-0018635,0.0,0,"failed first, retry succeeded - NOT a leak"
L04754,DECOY_RETRIED_PAYMENT,O012910,INV-0012238,0.0,0,"failed first, retry succeeded - NOT a leak"
L04755,DECOY_RETRIED_PAYMENT,O011242,INV-0010650,0.0,0,"failed first, retry succeeded - NOT a leak"
L04756,DECOY_RETRIED_PAYMENT,O013277,INV-0012589,0.0,0,"failed first, retry succeeded - NOT a leak"
L04757,DECOY_RETRIED_PAYMENT,O006396,INV-0006064,0.0,0,"failed first, retry succeeded - NOT a leak"
L04758,DECOY_RETRIED_PAYMENT,O028732,INV-0027245,0.0,0,"failed first, retry succeeded - NOT a leak"
L04759,DECOY_RETRIED_PAYMENT,O025607,INV-0024290,0.0,0,"failed first, retry succeeded - NOT a leak"
L04760,DECOY_RETRIED_PAYMENT,O036261,INV-0034368,0.0,0,"failed first, retry succeeded - NOT a leak"
L04761,DECOY_RETRIED_PAYMENT,O015093,INV-0014315,0.0,0,"failed first, retry succeeded - NOT a leak"
L04762,DECOY_RETRIED_PAYMENT,O030016,INV-0028456,0.0,0,"failed first, retry succeeded - NOT a leak"
L04763,DECOY_RETRIED_PAYMENT,O037135,INV-0035196,0.0,0,"failed first, retry succeeded - NOT a leak"
L04764,DECOY_RETRIED_PAYMENT,O048900,INV-0046399,0.0,0,"failed first, retry succeeded - NOT a leak"
L04765,DECOY_RETRIED_PAYMENT,O029671,INV-0028139,0.0,0,"failed first, retry succeeded - NOT a leak"
L04766,DECOY_RETRIED_PAYMENT,O024952,INV-0023668,0.0,0,"failed first, retry succeeded - NOT a leak"
L04767,DECOY_RETRIED_PAYMENT,O039355,INV-0037293,0.0,0,"failed first, retry succeeded - NOT a leak"
L04768,DECOY_RETRIED_PAYMENT,O012279,INV-0011634,0.0,0,"failed first, retry succeeded - NOT a leak"
L04769,DECOY_RETRIED_PAYMENT,O046929,INV-0044520,0.0,0,"failed first, retry succeeded - NOT a leak"
L04770,DECOY_RETRIED_PAYMENT,O007235,INV-0006861,0.0,0,"failed first, retry succeeded - NOT a leak"
L04771,DECOY_RETRIED_PAYMENT,O028323,INV-0026858,0.0,0,"failed first, retry succeeded - NOT a leak"
L04772,DECOY_RETRIED_PAYMENT,O008363,INV-0007914,0.0,0,"failed first, retry succeeded - NOT a leak"
L04773,DECOY_RETRIED_PAYMENT,O035304,INV-0033471,0.0,0,"failed first, retry succeeded - NOT a leak"
L04774,DECOY_RETRIED_PAYMENT,O012639,INV-0011978,0.0,0,"failed first, retry succeeded - NOT a leak"
L04775,DECOY_RETRIED_PAYMENT,O027649,INV-0026215,0.0,0,"failed first, retry succeeded - NOT a leak"
L04776,DECOY_RETRIED_PAYMENT,O021159,INV-0020075,0.0,0,"failed first, retry succeeded - NOT a leak"
L04777,DECOY_RETRIED_PAYMENT,O048455,INV-0045975,0.0,0,"failed first, retry succeeded - NOT a leak"
L04778,DECOY_RETRIED_PAYMENT,O048376,INV-0045898,0.0,0,"failed first, retry succeeded - NOT a leak"
L04779,DECOY_RETRIED_PAYMENT,O021634,INV-0020524,0.0,0,"failed first, retry succeeded - NOT a leak"
L04780,DECOY_RETRIED_PAYMENT,O019623,INV-0018627,0.0,0,"failed first, retry succeeded - NOT a leak"
L04781,DECOY_RETRIED_PAYMENT,O021904,INV-0020785,0.0,0,"failed first, retry succeeded - NOT a leak"
L04782,DECOY_RETRIED_PAYMENT,O041712,INV-0039532,0.0,0,"failed first, retry succeeded - NOT a leak"
L04783,DECOY_RETRIED_PAYMENT,O020575,INV-0019524,0.0,0,"failed first, retry succeeded - NOT a leak"
L04784,DECOY_RETRIED_PAYMENT,O043196,INV-0040948,0.0,0,"failed first, retry succeeded - NOT a leak"
L04785,DECOY_RETRIED_PAYMENT,O008993,INV-0008514,0.0,0,"failed first, retry succeeded - NOT a leak"
L04786,DECOY_RETRIED_PAYMENT,O032875,INV-0031156,0.0,0,"failed first, retry succeeded - NOT a leak"
L04787,DECOY_RETRIED_PAYMENT,O022534,INV-0021386,0.0,0,"failed first, retry succeeded - NOT a leak"
L04788,DECOY_RETRIED_PAYMENT,O024268,INV-0023020,0.0,0,"failed first, retry succeeded - NOT a leak"
L04789,DECOY_RETRIED_PAYMENT,O030302,INV-0028727,0.0,0,"failed first, retry succeeded - NOT a leak"
L04790,DECOY_RETRIED_PAYMENT,O044514,INV-0042214,0.0,0,"failed first, retry succeeded - NOT a leak"
L04791,DECOY_RETRIED_PAYMENT,O047701,INV-0045260,0.0,0,"failed first, retry succeeded - NOT a leak"
L04792,DECOY_RETRIED_PAYMENT,O045560,INV-0043209,0.0,0,"failed first, retry succeeded - NOT a leak"
L04793,DECOY_RETRIED_PAYMENT,O008015,INV-0007592,0.0,0,"failed first, retry succeeded - NOT a leak"
L04794,DECOY_RETRIED_PAYMENT,O022772,INV-0021604,0.0,0,"failed first, retry succeeded - NOT a leak"
L04795,DECOY_RETRIED_PAYMENT,O015516,INV-0014722,0.0,0,"failed first, retry succeeded - NOT a leak"
L04796,DECOY_RETRIED_PAYMENT,O014792,INV-0014028,0.0,0,"failed first, retry succeeded - NOT a leak"
L04797,DECOY_RETRIED_PAYMENT,O025633,INV-0024316,0.0,0,"failed first, retry succeeded - NOT a leak"
L04798,DECOY_RETRIED_PAYMENT,O016993,INV-0016125,0.0,0,"failed first, retry succeeded - NOT a leak"
L04799,DECOY_RETRIED_PAYMENT,O030799,INV-0029194,0.0,0,"failed first, retry succeeded - NOT a leak"
L04800,DECOY_RETRIED_PAYMENT,O015675,INV-0014872,0.0,0,"failed first, retry succeeded - NOT a leak"
L04801,DECOY_RETRIED_PAYMENT,O047504,INV-0045073,0.0,0,"failed first, retry succeeded - NOT a leak"
L04802,DECOY_RETRIED_PAYMENT,O011805,INV-0011181,0.0,0,"failed first, retry succeeded - NOT a leak"
L04803,DECOY_RETRIED_PAYMENT,O023897,INV-0022670,0.0,0,"failed first, retry succeeded - NOT a leak"
L04804,DECOY_RETRIED_PAYMENT,O027175,INV-0025769,0.0,0,"failed first, retry succeeded - NOT a leak"
L04805,DECOY_RETRIED_PAYMENT,O021672,INV-0020562,0.0,0,"failed first, retry succeeded - NOT a leak"
L04806,DECOY_RETRIED_PAYMENT,O012830,INV-0012161,0.0,0,"failed first, retry succeeded - NOT a leak"
L04807,DECOY_RETRIED_PAYMENT,O010197,INV-0009659,0.0,0,"failed first, retry succeeded - NOT a leak"
L04808,DECOY_RETRIED_PAYMENT,O026982,INV-0025593,0.0,0,"failed first, retry succeeded - NOT a leak"
L04809,DECOY_RETRIED_PAYMENT,O030115,INV-0028553,0.0,0,"failed first, retry succeeded - NOT a leak"
L04810,DECOY_RETRIED_PAYMENT,O039485,INV-0037417,0.0,0,"failed first, retry succeeded - NOT a leak"
L04811,DECOY_RETRIED_PAYMENT,O020259,INV-0019223,0.0,0,"failed first, retry succeeded - NOT a leak"
L04812,DECOY_RETRIED_PAYMENT,O032563,INV-0030861,0.0,0,"failed first, retry succeeded - NOT a leak"
L04813,DECOY_RETRIED_PAYMENT,O038002,INV-0036006,0.0,0,"failed first, retry succeeded - NOT a leak"
L04814,DECOY_RETRIED_PAYMENT,O013935,INV-0013218,0.0,0,"failed first, retry succeeded - NOT a leak"
L04815,DECOY_RETRIED_PAYMENT,O030381,INV-0028801,0.0,0,"failed first, retry succeeded - NOT a leak"
L04816,DECOY_RETRIED_PAYMENT,O048503,INV-0046020,0.0,0,"failed first, retry succeeded - NOT a leak"
L04817,DECOY_RETRIED_PAYMENT,O033119,INV-0031388,0.0,0,"failed first, retry succeeded - NOT a leak"
L04818,DECOY_RETRIED_PAYMENT,O049910,INV-0047358,0.0,0,"failed first, retry succeeded - NOT a leak"
L04819,DECOY_RETRIED_PAYMENT,O014491,INV-0013743,0.0,0,"failed first, retry succeeded - NOT a leak"
L04820,DECOY_RETRIED_PAYMENT,O010315,INV-0009773,0.0,0,"failed first, retry succeeded - NOT a leak"
L04821,DECOY_RETRIED_PAYMENT,O027195,INV-0025786,0.0,0,"failed first, retry succeeded - NOT a leak"
L04822,DECOY_RETRIED_PAYMENT,O001133,INV-0001080,0.0,0,"failed first, retry succeeded - NOT a leak"
L04823,DECOY_RETRIED_PAYMENT,O040171,INV-0038068,0.0,0,"failed first, retry succeeded - NOT a leak"
L04824,DECOY_RETRIED_PAYMENT,O011966,INV-0011337,0.0,0,"failed first, retry succeeded - NOT a leak"
L04825,DECOY_RETRIED_PAYMENT,O013735,INV-0013033,0.0,0,"failed first, retry succeeded - NOT a leak"
L04826,DECOY_RETRIED_PAYMENT,O022362,INV-0021222,0.0,0,"failed first, retry succeeded - NOT a leak"
L04827,DECOY_RETRIED_PAYMENT,O009631,INV-0009124,0.0,0,"failed first, retry succeeded - NOT a leak"
L04828,DECOY_RETRIED_PAYMENT,O014511,INV-0013762,0.0,0,"failed first, retry succeeded - NOT a leak"
L04829,DECOY_RETRIED_PAYMENT,O032066,INV-0030397,0.0,0,"failed first, retry succeeded - NOT a leak"
L04830,DECOY_RETRIED_PAYMENT,O000109,INV-0000102,0.0,0,"failed first, retry succeeded - NOT a leak"
L04831,DECOY_RETRIED_PAYMENT,O014796,INV-0014032,0.0,0,"failed first, retry succeeded - NOT a leak"
L04832,DECOY_RETRIED_PAYMENT,O044373,INV-0042079,0.0,0,"failed first, retry succeeded - NOT a leak"
L04833,DECOY_RETRIED_PAYMENT,O015150,INV-0014368,0.0,0,"failed first, retry succeeded - NOT a leak"
L04834,DECOY_RETRIED_PAYMENT,O030074,INV-0028513,0.0,0,"failed first, retry succeeded - NOT a leak"
L04835,DECOY_RETRIED_PAYMENT,O027991,INV-0026541,0.0,0,"failed first, retry succeeded - NOT a leak"
L04836,DECOY_RETRIED_PAYMENT,O038763,INV-0036726,0.0,0,"failed first, retry succeeded - NOT a leak"
L04837,DECOY_RETRIED_PAYMENT,O006814,INV-0006465,0.0,0,"failed first, retry succeeded - NOT a leak"
L04838,DECOY_RETRIED_PAYMENT,O022683,INV-0021521,0.0,0,"failed first, retry succeeded - NOT a leak"
L04839,DECOY_RETRIED_PAYMENT,O046363,INV-0043984,0.0,0,"failed first, retry succeeded - NOT a leak"
L04840,DECOY_RETRIED_PAYMENT,O040828,INV-0038700,0.0,0,"failed first, retry succeeded - NOT a leak"
L04841,DECOY_RETRIED_PAYMENT,O001206,INV-0001148,0.0,0,"failed first, retry succeeded - NOT a leak"
L04842,DECOY_RETRIED_PAYMENT,O004904,INV-0004643,0.0,0,"failed first, retry succeeded - NOT a leak"
L04843,DECOY_RETRIED_PAYMENT,O047413,INV-0044985,0.0,0,"failed first, retry succeeded - NOT a leak"
L04844,DECOY_RETRIED_PAYMENT,O027281,INV-0025868,0.0,0,"failed first, retry succeeded - NOT a leak"
L04845,DECOY_RETRIED_PAYMENT,O024511,INV-0023252,0.0,0,"failed first, retry succeeded - NOT a leak"
L04846,DECOY_RETRIED_PAYMENT,O035481,INV-0033639,0.0,0,"failed first, retry succeeded - NOT a leak"
L04847,DECOY_RETRIED_PAYMENT,O015900,INV-0015089,0.0,0,"failed first, retry succeeded - NOT a leak"
L04848,DECOY_RETRIED_PAYMENT,O033868,INV-0032098,0.0,0,"failed first, retry succeeded - NOT a leak"
L04849,DECOY_RETRIED_PAYMENT,O037230,INV-0035288,0.0,0,"failed first, retry succeeded - NOT a leak"
L04850,DECOY_RETRIED_PAYMENT,O022531,INV-0021383,0.0,0,"failed first, retry succeeded - NOT a leak"
L04851,DECOY_RETRIED_PAYMENT,O022480,INV-0021334,0.0,0,"failed first, retry succeeded - NOT a leak"
L04852,DECOY_RETRIED_PAYMENT,O048310,INV-0045837,0.0,0,"failed first, retry succeeded - NOT a leak"
L04853,DECOY_RETRIED_PAYMENT,O049262,INV-0046745,0.0,0,"failed first, retry succeeded - NOT a leak"
L04854,DECOY_RETRIED_PAYMENT,O033422,INV-0031672,0.0,0,"failed first, retry succeeded - NOT a leak"
L04855,DECOY_RETRIED_PAYMENT,O018438,INV-0017504,0.0,0,"failed first, retry succeeded - NOT a leak"
L04856,DECOY_RETRIED_PAYMENT,O028579,INV-0027101,0.0,0,"failed first, retry succeeded - NOT a leak"
L04857,DECOY_RETRIED_PAYMENT,O040688,INV-0038567,0.0,0,"failed first, retry succeeded - NOT a leak"
L04858,DECOY_RETRIED_PAYMENT,O044499,INV-0042200,0.0,0,"failed first, retry succeeded - NOT a leak"
L04859,DECOY_RETRIED_PAYMENT,O027097,INV-0025701,0.0,0,"failed first, retry succeeded - NOT a leak"
L04860,DECOY_RETRIED_PAYMENT,O038639,INV-0036606,0.0,0,"failed first, retry succeeded - NOT a leak"
L04861,DECOY_RETRIED_PAYMENT,O045134,INV-0042806,0.0,0,"failed first, retry succeeded - NOT a leak"
L04862,DECOY_RETRIED_PAYMENT,O024574,INV-0023310,0.0,0,"failed first, retry succeeded - NOT a leak"
L04863,DECOY_RETRIED_PAYMENT,O033205,INV-0031468,0.0,0,"failed first, retry succeeded - NOT a leak"
L04864,DECOY_RETRIED_PAYMENT,O049424,INV-0046897,0.0,0,"failed first, retry succeeded - NOT a leak"
L04865,DECOY_RETRIED_PAYMENT,O025679,INV-0024361,0.0,0,"failed first, retry succeeded - NOT a leak"
L04866,DECOY_RETRIED_PAYMENT,O003697,INV-0003508,0.0,0,"failed first, retry succeeded - NOT a leak"
L04867,DECOY_RETRIED_PAYMENT,O024850,INV-0023572,0.0,0,"failed first, retry succeeded - NOT a leak"
L04868,DECOY_RETRIED_PAYMENT,O000069,INV-0000063,0.0,0,"failed first, retry succeeded - NOT a leak"
L04869,DECOY_RETRIED_PAYMENT,O007706,INV-0007303,0.0,0,"failed first, retry succeeded - NOT a leak"
L04870,DECOY_RETRIED_PAYMENT,O046740,INV-0044342,0.0,0,"failed first, retry succeeded - NOT a leak"
L04871,DECOY_RETRIED_PAYMENT,O023503,INV-0022297,0.0,0,"failed first, retry succeeded - NOT a leak"
L04872,DECOY_RETRIED_PAYMENT,O006933,INV-0006576,0.0,0,"failed first, retry succeeded - NOT a leak"
L04873,DECOY_RETRIED_PAYMENT,O036990,INV-0035057,0.0,0,"failed first, retry succeeded - NOT a leak"
L04874,DECOY_RETRIED_PAYMENT,O017932,INV-0017025,0.0,0,"failed first, retry succeeded - NOT a leak"
L04875,DECOY_RETRIED_PAYMENT,O042508,INV-0040293,0.0,0,"failed first, retry succeeded - NOT a leak"
L04876,DECOY_RETRIED_PAYMENT,O019577,INV-0018582,0.0,0,"failed first, retry succeeded - NOT a leak"
L04877,DECOY_RETRIED_PAYMENT,O005892,INV-0005585,0.0,0,"failed first, retry succeeded - NOT a leak"
L04878,DECOY_RETRIED_PAYMENT,O034914,INV-0033094,0.0,0,"failed first, retry succeeded - NOT a leak"
L04879,DECOY_RETRIED_PAYMENT,O039566,INV-0037495,0.0,0,"failed first, retry succeeded - NOT a leak"
L04880,DECOY_RETRIED_PAYMENT,O022541,INV-0021392,0.0,0,"failed first, retry succeeded - NOT a leak"
L04881,DECOY_RETRIED_PAYMENT,O016275,INV-0015445,0.0,0,"failed first, retry succeeded - NOT a leak"
L04882,DECOY_RETRIED_PAYMENT,O042854,INV-0040625,0.0,0,"failed first, retry succeeded - NOT a leak"
L04883,DECOY_RETRIED_PAYMENT,O015835,INV-0015028,0.0,0,"failed first, retry succeeded - NOT a leak"
L04884,DECOY_RETRIED_PAYMENT,O001140,INV-0001086,0.0,0,"failed first, retry succeeded - NOT a leak"
L04885,DECOY_RETRIED_PAYMENT,O005011,INV-0004746,0.0,0,"failed first, retry succeeded - NOT a leak"
L04886,DECOY_RETRIED_PAYMENT,O009507,INV-0009000,0.0,0,"failed first, retry succeeded - NOT a leak"
L04887,DECOY_RETRIED_PAYMENT,O039003,INV-0036951,0.0,0,"failed first, retry succeeded - NOT a leak"
L04888,DECOY_RETRIED_PAYMENT,O048440,INV-0045961,0.0,0,"failed first, retry succeeded - NOT a leak"
L04889,DECOY_RETRIED_PAYMENT,O043129,INV-0040886,0.0,0,"failed first, retry succeeded - NOT a leak"
L04890,DECOY_RETRIED_PAYMENT,O016426,INV-0015584,0.0,0,"failed first, retry succeeded - NOT a leak"
L04891,DECOY_RETRIED_PAYMENT,O043546,INV-0041287,0.0,0,"failed first, retry succeeded - NOT a leak"
L04892,DECOY_RETRIED_PAYMENT,O004701,INV-0004451,0.0,0,"failed first, retry succeeded - NOT a leak"
L04893,DECOY_RETRIED_PAYMENT,O049534,INV-0047002,0.0,0,"failed first, retry succeeded - NOT a leak"
L04894,DECOY_RETRIED_PAYMENT,O026993,INV-0025604,0.0,0,"failed first, retry succeeded - NOT a leak"
L04895,DECOY_RETRIED_PAYMENT,O049012,INV-0046507,0.0,0,"failed first, retry succeeded - NOT a leak"
L04896,DECOY_RETRIED_PAYMENT,O015250,INV-0014463,0.0,0,"failed first, retry succeeded - NOT a leak"
L04897,DECOY_RETRIED_PAYMENT,O012747,INV-0012081,0.0,0,"failed first, retry succeeded - NOT a leak"
L04898,DECOY_RETRIED_PAYMENT,O035811,INV-0033948,0.0,0,"failed first, retry succeeded - NOT a leak"
L04899,DECOY_RETRIED_PAYMENT,O044004,INV-0041729,0.0,0,"failed first, retry succeeded - NOT a leak"
L04900,DECOY_RETRIED_PAYMENT,O028216,INV-0026757,0.0,0,"failed first, retry succeeded - NOT a leak"
L04901,DECOY_RETRIED_PAYMENT,O009907,INV-0009385,0.0,0,"failed first, retry succeeded - NOT a leak"
L04902,DECOY_RETRIED_PAYMENT,O014233,INV-0013500,0.0,0,"failed first, retry succeeded - NOT a leak"
L04903,DECOY_RETRIED_PAYMENT,O014413,INV-0013671,0.0,0,"failed first, retry succeeded - NOT a leak"
L04904,DECOY_RETRIED_PAYMENT,O026716,INV-0025339,0.0,0,"failed first, retry succeeded - NOT a leak"
L04905,DECOY_RETRIED_PAYMENT,O034432,INV-0032638,0.0,0,"failed first, retry succeeded - NOT a leak"
L04906,DECOY_RETRIED_PAYMENT,O048443,INV-0045964,0.0,0,"failed first, retry succeeded - NOT a leak"
L04907,DECOY_RETRIED_PAYMENT,O027861,INV-0026415,0.0,0,"failed first, retry succeeded - NOT a leak"
L04908,DECOY_RETRIED_PAYMENT,O015192,INV-0014408,0.0,0,"failed first, retry succeeded - NOT a leak"
L04909,DECOY_RETRIED_PAYMENT,O012198,INV-0011558,0.0,0,"failed first, retry succeeded - NOT a leak"
L04910,DECOY_RETRIED_PAYMENT,O040556,INV-0038441,0.0,0,"failed first, retry succeeded - NOT a leak"
L04911,DECOY_RETRIED_PAYMENT,O003967,INV-0003763,0.0,0,"failed first, retry succeeded - NOT a leak"
L04912,DECOY_RETRIED_PAYMENT,O019845,INV-0018838,0.0,0,"failed first, retry succeeded - NOT a leak"
L04913,DECOY_RETRIED_PAYMENT,O004928,INV-0004665,0.0,0,"failed first, retry succeeded - NOT a leak"
L04914,DECOY_RETRIED_PAYMENT,O005959,INV-0005649,0.0,0,"failed first, retry succeeded - NOT a leak"
L04915,DECOY_RETRIED_PAYMENT,O011780,INV-0011157,0.0,0,"failed first, retry succeeded - NOT a leak"
L04916,DECOY_RETRIED_PAYMENT,O039120,INV-0037064,0.0,0,"failed first, retry succeeded - NOT a leak"
L04917,DECOY_RETRIED_PAYMENT,O035630,INV-0033778,0.0,0,"failed first, retry succeeded - NOT a leak"
L04918,DECOY_RETRIED_PAYMENT,O040591,INV-0038475,0.0,0,"failed first, retry succeeded - NOT a leak"
L04919,DECOY_RETRIED_PAYMENT,O008578,INV-0008120,0.0,0,"failed first, retry succeeded - NOT a leak"
L04920,DECOY_RETRIED_PAYMENT,O043150,INV-0040904,0.0,0,"failed first, retry succeeded - NOT a leak"
L04921,DECOY_RETRIED_PAYMENT,O002754,INV-0002612,0.0,0,"failed first, retry succeeded - NOT a leak"
L04922,DECOY_RETRIED_PAYMENT,O031939,INV-0030273,0.0,0,"failed first, retry succeeded - NOT a leak"
L04923,DECOY_RETRIED_PAYMENT,O022164,INV-0021034,0.0,0,"failed first, retry succeeded - NOT a leak"
L04924,DECOY_RETRIED_PAYMENT,O025482,INV-0024168,0.0,0,"failed first, retry succeeded - NOT a leak"
L04925,DECOY_RETRIED_PAYMENT,O032446,INV-0030756,0.0,0,"failed first, retry succeeded - NOT a leak"
L04926,DECOY_RETRIED_PAYMENT,O008475,INV-0008021,0.0,0,"failed first, retry succeeded - NOT a leak"
L04927,DECOY_RETRIED_PAYMENT,O014397,INV-0013656,0.0,0,"failed first, retry succeeded - NOT a leak"
L04928,DECOY_RETRIED_PAYMENT,O037823,INV-0035839,0.0,0,"failed first, retry succeeded - NOT a leak"
L04929,DECOY_RETRIED_PAYMENT,O008229,INV-0007792,0.0,0,"failed first, retry succeeded - NOT a leak"
L04930,DECOY_RETRIED_PAYMENT,O031198,INV-0029568,0.0,0,"failed first, retry succeeded - NOT a leak"
L04931,DECOY_RETRIED_PAYMENT,O005564,INV-0005270,0.0,0,"failed first, retry succeeded - NOT a leak"
L04932,DECOY_RETRIED_PAYMENT,O022324,INV-0021185,0.0,0,"failed first, retry succeeded - NOT a leak"
L04933,DECOY_RETRIED_PAYMENT,O001479,INV-0001410,0.0,0,"failed first, retry succeeded - NOT a leak"
L04934,DECOY_RETRIED_PAYMENT,O044119,INV-0041833,0.0,0,"failed first, retry succeeded - NOT a leak"
L04935,DECOY_RETRIED_PAYMENT,O024318,INV-0023067,0.0,0,"failed first, retry succeeded - NOT a leak"
L04936,DECOY_RETRIED_PAYMENT,O040387,INV-0038274,0.0,0,"failed first, retry succeeded - NOT a leak"
L04937,DECOY_RETRIED_PAYMENT,O042780,INV-0040554,0.0,0,"failed first, retry succeeded - NOT a leak"
L04938,DECOY_RETRIED_PAYMENT,O026095,INV-0024753,0.0,0,"failed first, retry succeeded - NOT a leak"
L04939,DECOY_RETRIED_PAYMENT,O021836,INV-0020720,0.0,0,"failed first, retry succeeded - NOT a leak"
L04940,DECOY_RETRIED_PAYMENT,O037395,INV-0035440,0.0,0,"failed first, retry succeeded - NOT a leak"
L04941,DECOY_RETRIED_PAYMENT,O029206,INV-0027698,0.0,0,"failed first, retry succeeded - NOT a leak"
L04942,DECOY_RETRIED_PAYMENT,O048850,INV-0046351,0.0,0,"failed first, retry succeeded - NOT a leak"
L04943,DECOY_RETRIED_PAYMENT,O019338,INV-0018358,0.0,0,"failed first, retry succeeded - NOT a leak"
L04944,DECOY_RETRIED_PAYMENT,O029710,INV-0028176,0.0,0,"failed first, retry succeeded - NOT a leak"
L04945,DECOY_RETRIED_PAYMENT,O032198,INV-0030519,0.0,0,"failed first, retry succeeded - NOT a leak"
L04946,DECOY_RETRIED_PAYMENT,O032205,INV-0030526,0.0,0,"failed first, retry succeeded - NOT a leak"
L04947,DECOY_RETRIED_PAYMENT,O024037,INV-0022800,0.0,0,"failed first, retry succeeded - NOT a leak"
L04948,DECOY_RETRIED_PAYMENT,O012020,INV-0011389,0.0,0,"failed first, retry succeeded - NOT a leak"
L04949,DECOY_RETRIED_PAYMENT,O022181,INV-0021051,0.0,0,"failed first, retry succeeded - NOT a leak"
L04950,DECOY_RETRIED_PAYMENT,O001777,INV-0001689,0.0,0,"failed first, retry succeeded - NOT a leak"
L04951,DECOY_RETRIED_PAYMENT,O033173,INV-0031439,0.0,0,"failed first, retry succeeded - NOT a leak"
L04952,DECOY_RETRIED_PAYMENT,O025245,INV-0023947,0.0,0,"failed first, retry succeeded - NOT a leak"
L04953,DECOY_RETRIED_PAYMENT,O040527,INV-0038412,0.0,0,"failed first, retry succeeded - NOT a leak"
L04954,DECOY_RETRIED_PAYMENT,O033252,INV-0031513,0.0,0,"failed first, retry succeeded - NOT a leak"
L04955,DECOY_RETRIED_PAYMENT,O019720,INV-0018720,0.0,0,"failed first, retry succeeded - NOT a leak"
L04956,DECOY_RETRIED_PAYMENT,O034606,INV-0032801,0.0,0,"failed first, retry succeeded - NOT a leak"
L04957,DECOY_RETRIED_PAYMENT,O007618,INV-0007222,0.0,0,"failed first, retry succeeded - NOT a leak"
L04958,DECOY_RETRIED_PAYMENT,O012112,INV-0011477,0.0,0,"failed first, retry succeeded - NOT a leak"
L04959,DECOY_RETRIED_PAYMENT,O047535,INV-0045102,0.0,0,"failed first, retry succeeded - NOT a leak"
L04960,DECOY_RETRIED_PAYMENT,O017037,INV-0016167,0.0,0,"failed first, retry succeeded - NOT a leak"
L04961,DECOY_RETRIED_PAYMENT,O046794,INV-0044392,0.0,0,"failed first, retry succeeded - NOT a leak"
L04962,DECOY_RETRIED_PAYMENT,O043948,INV-0041675,0.0,0,"failed first, retry succeeded - NOT a leak"
L04963,DECOY_RETRIED_PAYMENT,O043351,INV-0041100,0.0,0,"failed first, retry succeeded - NOT a leak"
L04964,DECOY_RETRIED_PAYMENT,O006746,INV-0006401,0.0,0,"failed first, retry succeeded - NOT a leak"
L04965,DECOY_RETRIED_PAYMENT,O029527,INV-0028004,0.0,0,"failed first, retry succeeded - NOT a leak"
L04966,DECOY_RETRIED_PAYMENT,O030001,INV-0028441,0.0,0,"failed first, retry succeeded - NOT a leak"
L04967,DECOY_RETRIED_PAYMENT,O034896,INV-0033076,0.0,0,"failed first, retry succeeded - NOT a leak"
L04968,DECOY_RETRIED_PAYMENT,O010671,INV-0010111,0.0,0,"failed first, retry succeeded - NOT a leak"
L04969,DECOY_RETRIED_PAYMENT,O040686,INV-0038565,0.0,0,"failed first, retry succeeded - NOT a leak"
L04970,DECOY_RETRIED_PAYMENT,O017839,INV-0016935,0.0,0,"failed first, retry succeeded - NOT a leak"
L04971,DECOY_RETRIED_PAYMENT,O019440,INV-0018455,0.0,0,"failed first, retry succeeded - NOT a leak"
L04972,DECOY_RETRIED_PAYMENT,O005213,INV-0004938,0.0,0,"failed first, retry succeeded - NOT a leak"
L04973,DECOY_RETRIED_PAYMENT,O030439,INV-0028856,0.0,0,"failed first, retry succeeded - NOT a leak"
L04974,DECOY_RETRIED_PAYMENT,O024381,INV-0023127,0.0,0,"failed first, retry succeeded - NOT a leak"
L04975,DECOY_RETRIED_PAYMENT,O003733,INV-0003543,0.0,0,"failed first, retry succeeded - NOT a leak"
L04976,DECOY_RETRIED_PAYMENT,O027650,INV-0026216,0.0,0,"failed first, retry succeeded - NOT a leak"
L04977,DECOY_RETRIED_PAYMENT,O022753,INV-0021586,0.0,0,"failed first, retry succeeded - NOT a leak"
L04978,DECOY_RETRIED_PAYMENT,O032406,INV-0030719,0.0,0,"failed first, retry succeeded - NOT a leak"
L04979,DECOY_RETRIED_PAYMENT,O002230,INV-0002113,0.0,0,"failed first, retry succeeded - NOT a leak"
L04980,DECOY_RETRIED_PAYMENT,O025801,INV-0024476,0.0,0,"failed first, retry succeeded - NOT a leak"
L04981,DECOY_RETRIED_PAYMENT,O000721,INV-0000687,0.0,0,"failed first, retry succeeded - NOT a leak"
L04982,DECOY_RETRIED_PAYMENT,O012933,INV-0012260,0.0,0,"failed first, retry succeeded - NOT a leak"
L04983,DECOY_RETRIED_PAYMENT,O049133,INV-0046620,0.0,0,"failed first, retry succeeded - NOT a leak"
L04984,DECOY_RETRIED_PAYMENT,O025097,INV-0023809,0.0,0,"failed first, retry succeeded - NOT a leak"
L04985,DECOY_RETRIED_PAYMENT,O015378,INV-0014587,0.0,0,"failed first, retry succeeded - NOT a leak"
L04986,DECOY_RETRIED_PAYMENT,O003530,INV-0003344,0.0,0,"failed first, retry succeeded - NOT a leak"
L04987,DECOY_RETRIED_PAYMENT,O001886,INV-0001793,0.0,0,"failed first, retry succeeded - NOT a leak"
L04988,DECOY_RETRIED_PAYMENT,O049611,INV-0047077,0.0,0,"failed first, retry succeeded - NOT a leak"
L04989,DECOY_RETRIED_PAYMENT,O029884,INV-0028332,0.0,0,"failed first, retry succeeded - NOT a leak"
L04990,DECOY_RETRIED_PAYMENT,O004215,INV-0003993,0.0,0,"failed first, retry succeeded - NOT a leak"
L04991,DECOY_RETRIED_PAYMENT,O028445,INV-0026976,0.0,0,"failed first, retry succeeded - NOT a leak"
L04992,DECOY_RETRIED_PAYMENT,O016943,INV-0016077,0.0,0,"failed first, retry succeeded - NOT a leak"
L04993,DECOY_RETRIED_PAYMENT,O034293,INV-0032507,0.0,0,"failed first, retry succeeded - NOT a leak"
L04994,DECOY_RETRIED_PAYMENT,O007735,INV-0007329,0.0,0,"failed first, retry succeeded - NOT a leak"
L04995,DECOY_RETRIED_PAYMENT,O036500,INV-0034589,0.0,0,"failed first, retry succeeded - NOT a leak"
L04996,DECOY_RETRIED_PAYMENT,O011750,INV-0011127,0.0,0,"failed first, retry succeeded - NOT a leak"
L04997,DECOY_RETRIED_PAYMENT,O048786,INV-0046289,0.0,0,"failed first, retry succeeded - NOT a leak"
L04998,DECOY_RETRIED_PAYMENT,O047432,INV-0045004,0.0,0,"failed first, retry succeeded - NOT a leak"
L04999,DECOY_RETRIED_PAYMENT,O032234,INV-0030554,0.0,0,"failed first, retry succeeded - NOT a leak"
L05000,DECOY_RETRIED_PAYMENT,O033883,INV-0032113,0.0,0,"failed first, retry succeeded - NOT a leak"
L05001,DECOY_RETRIED_PAYMENT,O039220,INV-0037162,0.0,0,"failed first, retry succeeded - NOT a leak"
L05002,DECOY_RETRIED_PAYMENT,O047309,INV-0044884,0.0,0,"failed first, retry succeeded - NOT a leak"
L05003,DECOY_RETRIED_PAYMENT,O043689,INV-0041427,0.0,0,"failed first, retry succeeded - NOT a leak"
L05004,DECOY_RETRIED_PAYMENT,O039375,INV-0037310,0.0,0,"failed first, retry succeeded - NOT a leak"
L05005,DECOY_RETRIED_PAYMENT,O035399,INV-0033561,0.0,0,"failed first, retry succeeded - NOT a leak"
L05006,DECOY_RETRIED_PAYMENT,O029748,INV-0028212,0.0,0,"failed first, retry succeeded - NOT a leak"
L05007,DECOY_RETRIED_PAYMENT,O018126,INV-0017206,0.0,0,"failed first, retry succeeded - NOT a leak"
L05008,DECOY_RETRIED_PAYMENT,O036657,INV-0034737,0.0,0,"failed first, retry succeeded - NOT a leak"
L05009,DECOY_RETRIED_PAYMENT,O042105,INV-0039908,0.0,0,"failed first, retry succeeded - NOT a leak"
L05010,DECOY_RETRIED_PAYMENT,O047404,INV-0044976,0.0,0,"failed first, retry succeeded - NOT a leak"
L05011,DECOY_RETRIED_PAYMENT,O006386,INV-0006056,0.0,0,"failed first, retry succeeded - NOT a leak"
L05012,DECOY_RETRIED_PAYMENT,O049355,INV-0046832,0.0,0,"failed first, retry succeeded - NOT a leak"
L05013,DECOY_RETRIED_PAYMENT,O034220,INV-0032436,0.0,0,"failed first, retry succeeded - NOT a leak"
L05014,DECOY_RETRIED_PAYMENT,O018070,INV-0017157,0.0,0,"failed first, retry succeeded - NOT a leak"
L05015,DECOY_RETRIED_PAYMENT,O014768,INV-0014004,0.0,0,"failed first, retry succeeded - NOT a leak"
L05016,DECOY_RETRIED_PAYMENT,O047620,INV-0045181,0.0,0,"failed first, retry succeeded - NOT a leak"
L05017,DECOY_RETRIED_PAYMENT,O010525,INV-0009972,0.0,0,"failed first, retry succeeded - NOT a leak"
L05018,DECOY_RETRIED_PAYMENT,O006792,INV-0006444,0.0,0,"failed first, retry succeeded - NOT a leak"
L05019,DECOY_RETRIED_PAYMENT,O043039,INV-0040801,0.0,0,"failed first, retry succeeded - NOT a leak"
L05020,DECOY_RETRIED_PAYMENT,O002087,INV-0001980,0.0,0,"failed first, retry succeeded - NOT a leak"
L05021,DECOY_RETRIED_PAYMENT,O011249,INV-0010657,0.0,0,"failed first, retry succeeded - NOT a leak"
L05022,DECOY_RETRIED_PAYMENT,O033467,INV-0031714,0.0,0,"failed first, retry succeeded - NOT a leak"
L05023,DECOY_RETRIED_PAYMENT,O029483,INV-0027962,0.0,0,"failed first, retry succeeded - NOT a leak"
L05024,DECOY_RETRIED_PAYMENT,O027961,INV-0026512,0.0,0,"failed first, retry succeeded - NOT a leak"
L05025,DECOY_RETRIED_PAYMENT,O035097,INV-0033274,0.0,0,"failed first, retry succeeded - NOT a leak"
L05026,DECOY_RETRIED_PAYMENT,O002654,INV-0002517,0.0,0,"failed first, retry succeeded - NOT a leak"
L05027,DECOY_RETRIED_PAYMENT,O026735,INV-0025357,0.0,0,"failed first, retry succeeded - NOT a leak"
L05028,DECOY_RETRIED_PAYMENT,O025516,INV-0024202,0.0,0,"failed first, retry succeeded - NOT a leak"
L05029,DECOY_RETRIED_PAYMENT,O028616,INV-0027137,0.0,0,"failed first, retry succeeded - NOT a leak"
L05030,DECOY_RETRIED_PAYMENT,O000334,INV-0000316,0.0,0,"failed first, retry succeeded - NOT a leak"
L05031,DECOY_RETRIED_PAYMENT,O028796,INV-0027308,0.0,0,"failed first, retry succeeded - NOT a leak"
L05032,DECOY_RETRIED_PAYMENT,O030539,INV-0028948,0.0,0,"failed first, retry succeeded - NOT a leak"
L05033,DECOY_RETRIED_PAYMENT,O024919,INV-0023636,0.0,0,"failed first, retry succeeded - NOT a leak"
L05034,DECOY_RETRIED_PAYMENT,O048277,INV-0045806,0.0,0,"failed first, retry succeeded - NOT a leak"
L05035,DECOY_RETRIED_PAYMENT,O008431,INV-0007979,0.0,0,"failed first, retry succeeded - NOT a leak"
L05036,DECOY_RETRIED_PAYMENT,O015566,INV-0014769,0.0,0,"failed first, retry succeeded - NOT a leak"
L05037,DECOY_RETRIED_PAYMENT,O038689,INV-0036655,0.0,0,"failed first, retry succeeded - NOT a leak"
L05038,DECOY_RETRIED_PAYMENT,O013392,INV-0012699,0.0,0,"failed first, retry succeeded - NOT a leak"
L05039,DECOY_RETRIED_PAYMENT,O034329,INV-0032540,0.0,0,"failed first, retry succeeded - NOT a leak"
L05040,DECOY_RETRIED_PAYMENT,O021539,INV-0020433,0.0,0,"failed first, retry succeeded - NOT a leak"
L05041,DECOY_RETRIED_PAYMENT,O048842,INV-0046343,0.0,0,"failed first, retry succeeded - NOT a leak"
L05042,DECOY_RETRIED_PAYMENT,O003504,INV-0003318,0.0,0,"failed first, retry succeeded - NOT a leak"
L05043,DECOY_RETRIED_PAYMENT,O006549,INV-0006209,0.0,0,"failed first, retry succeeded - NOT a leak"
L05044,DECOY_RETRIED_PAYMENT,O031090,INV-0029464,0.0,0,"failed first, retry succeeded - NOT a leak"
L05045,DECOY_RETRIED_PAYMENT,O003008,INV-0002847,0.0,0,"failed first, retry succeeded - NOT a leak"
L05046,DECOY_RETRIED_PAYMENT,O034817,INV-0032999,0.0,0,"failed first, retry succeeded - NOT a leak"
L05047,DECOY_RETRIED_PAYMENT,O028129,INV-0026672,0.0,0,"failed first, retry succeeded - NOT a leak"
L05048,DECOY_RETRIED_PAYMENT,O026907,INV-0025521,0.0,0,"failed first, retry succeeded - NOT a leak"
L05049,DECOY_RETRIED_PAYMENT,O020762,INV-0019704,0.0,0,"failed first, retry succeeded - NOT a leak"
L05050,DECOY_RETRIED_PAYMENT,O002108,INV-0002000,0.0,0,"failed first, retry succeeded - NOT a leak"
L05051,DECOY_RETRIED_PAYMENT,O031701,INV-0030048,0.0,0,"failed first, retry succeeded - NOT a leak"
L05052,DECOY_RETRIED_PAYMENT,O024389,INV-0023135,0.0,0,"failed first, retry succeeded - NOT a leak"
L05053,DECOY_RETRIED_PAYMENT,O024704,INV-0023435,0.0,0,"failed first, retry succeeded - NOT a leak"
L05054,DECOY_RETRIED_PAYMENT,O015834,INV-0015027,0.0,0,"failed first, retry succeeded - NOT a leak"
L05055,DECOY_RETRIED_PAYMENT,O020346,INV-0019306,0.0,0,"failed first, retry succeeded - NOT a leak"
L05056,DECOY_RETRIED_PAYMENT,O048163,INV-0045696,0.0,0,"failed first, retry succeeded - NOT a leak"
L05057,DECOY_RETRIED_PAYMENT,O025150,INV-0023859,0.0,0,"failed first, retry succeeded - NOT a leak"
L05058,DECOY_RETRIED_PAYMENT,O004987,INV-0004723,0.0,0,"failed first, retry succeeded - NOT a leak"
L05059,DECOY_RETRIED_PAYMENT,O033573,INV-0031816,0.0,0,"failed first, retry succeeded - NOT a leak"
L05060,DECOY_RETRIED_PAYMENT,O005413,INV-0005126,0.0,0,"failed first, retry succeeded - NOT a leak"
L05061,DECOY_RETRIED_PAYMENT,O009388,INV-0008888,0.0,0,"failed first, retry succeeded - NOT a leak"
L05062,DECOY_RETRIED_PAYMENT,O011658,INV-0011044,0.0,0,"failed first, retry succeeded - NOT a leak"
L05063,DECOY_RETRIED_PAYMENT,O013376,INV-0012684,0.0,0,"failed first, retry succeeded - NOT a leak"
L05064,DECOY_RETRIED_PAYMENT,O013663,INV-0012963,0.0,0,"failed first, retry succeeded - NOT a leak"
L05065,DECOY_RETRIED_PAYMENT,O002833,INV-0002688,0.0,0,"failed first, retry succeeded - NOT a leak"
L05066,DECOY_RETRIED_PAYMENT,O037094,INV-0035156,0.0,0,"failed first, retry succeeded - NOT a leak"
L05067,DECOY_RETRIED_PAYMENT,O046186,INV-0043811,0.0,0,"failed first, retry succeeded - NOT a leak"
L05068,DECOY_RETRIED_PAYMENT,O032264,INV-0030582,0.0,0,"failed first, retry succeeded - NOT a leak"
L05069,DECOY_RETRIED_PAYMENT,O005454,INV-0005164,0.0,0,"failed first, retry succeeded - NOT a leak"
L05070,DECOY_RETRIED_PAYMENT,O003040,INV-0002877,0.0,0,"failed first, retry succeeded - NOT a leak"
L05071,DECOY_RETRIED_PAYMENT,O029893,INV-0028341,0.0,0,"failed first, retry succeeded - NOT a leak"
L05072,DECOY_RETRIED_PAYMENT,O042956,INV-0040722,0.0,0,"failed first, retry succeeded - NOT a leak"
L05073,DECOY_RETRIED_PAYMENT,O039349,INV-0037287,0.0,0,"failed first, retry succeeded - NOT a leak"
L05074,DECOY_RETRIED_PAYMENT,O022482,INV-0021336,0.0,0,"failed first, retry succeeded - NOT a leak"
L05075,DECOY_RETRIED_PAYMENT,O031555,INV-0029908,0.0,0,"failed first, retry succeeded - NOT a leak"
L05076,DECOY_RETRIED_PAYMENT,O021599,INV-0020490,0.0,0,"failed first, retry succeeded - NOT a leak"
L05077,DECOY_RETRIED_PAYMENT,O006084,INV-0005767,0.0,0,"failed first, retry succeeded - NOT a leak"
L05078,DECOY_RETRIED_PAYMENT,O037059,INV-0035122,0.0,0,"failed first, retry succeeded - NOT a leak"
L05079,DECOY_RETRIED_PAYMENT,O034491,INV-0032694,0.0,0,"failed first, retry succeeded - NOT a leak"
L05080,DECOY_RETRIED_PAYMENT,O004719,INV-0004468,0.0,0,"failed first, retry succeeded - NOT a leak"
L05081,DECOY_RETRIED_PAYMENT,O038067,INV-0036065,0.0,0,"failed first, retry succeeded - NOT a leak"
L05082,DECOY_RETRIED_PAYMENT,O025711,INV-0024391,0.0,0,"failed first, retry succeeded - NOT a leak"
L05083,DECOY_RETRIED_PAYMENT,O030413,INV-0028832,0.0,0,"failed first, retry succeeded - NOT a leak"
L05084,DECOY_RETRIED_PAYMENT,O001853,INV-0001764,0.0,0,"failed first, retry succeeded - NOT a leak"
L05085,DECOY_RETRIED_PAYMENT,O007160,INV-0006791,0.0,0,"failed first, retry succeeded - NOT a leak"
L05086,DECOY_RETRIED_PAYMENT,O026817,INV-0025436,0.0,0,"failed first, retry succeeded - NOT a leak"
L05087,DECOY_RETRIED_PAYMENT,O040658,INV-0038540,0.0,0,"failed first, retry succeeded - NOT a leak"
L05088,DECOY_RETRIED_PAYMENT,O022087,INV-0020961,0.0,0,"failed first, retry succeeded - NOT a leak"
L05089,DECOY_RETRIED_PAYMENT,O028514,INV-0027041,0.0,0,"failed first, retry succeeded - NOT a leak"
L05090,DECOY_RETRIED_PAYMENT,O012990,INV-0012315,0.0,0,"failed first, retry succeeded - NOT a leak"
L05091,DECOY_RETRIED_PAYMENT,O043281,INV-0041031,0.0,0,"failed first, retry succeeded - NOT a leak"
L05092,DECOY_RETRIED_PAYMENT,O039327,INV-0037265,0.0,0,"failed first, retry succeeded - NOT a leak"
L05093,DECOY_RETRIED_PAYMENT,O036217,INV-0034327,0.0,0,"failed first, retry succeeded - NOT a leak"
L05094,DECOY_RETRIED_PAYMENT,O042576,INV-0040357,0.0,0,"failed first, retry succeeded - NOT a leak"
L05095,DECOY_RETRIED_PAYMENT,O039411,INV-0037346,0.0,0,"failed first, retry succeeded - NOT a leak"
L05096,DECOY_RETRIED_PAYMENT,O009680,INV-0009164,0.0,0,"failed first, retry succeeded - NOT a leak"
L05097,DECOY_RETRIED_PAYMENT,O028422,INV-0026954,0.0,0,"failed first, retry succeeded - NOT a leak"
L05098,DECOY_RETRIED_PAYMENT,O039366,INV-0037303,0.0,0,"failed first, retry succeeded - NOT a leak"
L05099,DECOY_RETRIED_PAYMENT,O037955,INV-0035963,0.0,0,"failed first, retry succeeded - NOT a leak"
L05100,DECOY_RETRIED_PAYMENT,O006436,INV-0006101,0.0,0,"failed first, retry succeeded - NOT a leak"
L05101,DECOY_RETRIED_PAYMENT,O000227,INV-0000214,0.0,0,"failed first, retry succeeded - NOT a leak"
L05102,DECOY_RETRIED_PAYMENT,O016909,INV-0016046,0.0,0,"failed first, retry succeeded - NOT a leak"
L05103,DECOY_RETRIED_PAYMENT,O029921,INV-0028369,0.0,0,"failed first, retry succeeded - NOT a leak"
L05104,DECOY_RETRIED_PAYMENT,O034702,INV-0032888,0.0,0,"failed first, retry succeeded - NOT a leak"
L05105,DECOY_RETRIED_PAYMENT,O003013,INV-0002852,0.0,0,"failed first, retry succeeded - NOT a leak"
L05106,DECOY_RETRIED_PAYMENT,O005235,INV-0004957,0.0,0,"failed first, retry succeeded - NOT a leak"
L05107,DECOY_RETRIED_PAYMENT,O025296,INV-0023996,0.0,0,"failed first, retry succeeded - NOT a leak"
L05108,DECOY_RETRIED_PAYMENT,O018548,INV-0017609,0.0,0,"failed first, retry succeeded - NOT a leak"
L05109,DECOY_RETRIED_PAYMENT,O029261,INV-0027752,0.0,0,"failed first, retry succeeded - NOT a leak"
L05110,DECOY_RETRIED_PAYMENT,O028468,INV-0026997,0.0,0,"failed first, retry succeeded - NOT a leak"
L05111,DECOY_RETRIED_PAYMENT,O045350,INV-0043010,0.0,0,"failed first, retry succeeded - NOT a leak"
L05112,DECOY_RETRIED_PAYMENT,O042370,INV-0040161,0.0,0,"failed first, retry succeeded - NOT a leak"
L05113,DECOY_RETRIED_PAYMENT,O033420,INV-0031670,0.0,0,"failed first, retry succeeded - NOT a leak"
L05114,DECOY_RETRIED_PAYMENT,O040232,INV-0038125,0.0,0,"failed first, retry succeeded - NOT a leak"
L05115,DECOY_RETRIED_PAYMENT,O049112,INV-0046601,0.0,0,"failed first, retry succeeded - NOT a leak"
L05116,DECOY_RETRIED_PAYMENT,O014178,INV-0013447,0.0,0,"failed first, retry succeeded - NOT a leak"
L05117,DECOY_RETRIED_PAYMENT,O015061,INV-0014285,0.0,0,"failed first, retry succeeded - NOT a leak"
L05118,DECOY_RETRIED_PAYMENT,O001875,INV-0001782,0.0,0,"failed first, retry succeeded - NOT a leak"
L05119,DECOY_RETRIED_PAYMENT,O033317,INV-0031574,0.0,0,"failed first, retry succeeded - NOT a leak"
L05120,DECOY_RETRIED_PAYMENT,O010214,INV-0009675,0.0,0,"failed first, retry succeeded - NOT a leak"
L05121,DECOY_RETRIED_PAYMENT,O046887,INV-0044479,0.0,0,"failed first, retry succeeded - NOT a leak"
L05122,DECOY_RETRIED_PAYMENT,O044654,INV-0042349,0.0,0,"failed first, retry succeeded - NOT a leak"
L05123,DECOY_RETRIED_PAYMENT,O004240,INV-0004017,0.0,0,"failed first, retry succeeded - NOT a leak"
L05124,DECOY_RETRIED_PAYMENT,O013495,INV-0012799,0.0,0,"failed first, retry succeeded - NOT a leak"
L05125,DECOY_RETRIED_PAYMENT,O017453,INV-0016564,0.0,0,"failed first, retry succeeded - NOT a leak"
L05126,DECOY_RETRIED_PAYMENT,O018787,INV-0017835,0.0,0,"failed first, retry succeeded - NOT a leak"
L05127,DECOY_RETRIED_PAYMENT,O039118,INV-0037062,0.0,0,"failed first, retry succeeded - NOT a leak"
L05128,DECOY_RETRIED_PAYMENT,O019186,INV-0018214,0.0,0,"failed first, retry succeeded - NOT a leak"
L05129,DECOY_RETRIED_PAYMENT,O005764,INV-0005462,0.0,0,"failed first, retry succeeded - NOT a leak"
L05130,DECOY_RETRIED_PAYMENT,O006089,INV-0005772,0.0,0,"failed first, retry succeeded - NOT a leak"
L05131,DECOY_RETRIED_PAYMENT,O037966,INV-0035974,0.0,0,"failed first, retry succeeded - NOT a leak"
L05132,DECOY_RETRIED_PAYMENT,O028849,INV-0027359,0.0,0,"failed first, retry succeeded - NOT a leak"
L05133,DECOY_RETRIED_PAYMENT,O041964,INV-0039770,0.0,0,"failed first, retry succeeded - NOT a leak"
L05134,DECOY_RETRIED_PAYMENT,O032953,INV-0031232,0.0,0,"failed first, retry succeeded - NOT a leak"
L05135,DECOY_RETRIED_PAYMENT,O001054,INV-0001008,0.0,0,"failed first, retry succeeded - NOT a leak"
L05136,DECOY_RETRIED_PAYMENT,O039294,INV-0037234,0.0,0,"failed first, retry succeeded - NOT a leak"
L05137,DECOY_RETRIED_PAYMENT,O027756,INV-0026314,0.0,0,"failed first, retry succeeded - NOT a leak"
L05138,DECOY_RETRIED_PAYMENT,O010875,INV-0010300,0.0,0,"failed first, retry succeeded - NOT a leak"
L05139,DECOY_RETRIED_PAYMENT,O021848,INV-0020731,0.0,0,"failed first, retry succeeded - NOT a leak"
L05140,DECOY_RETRIED_PAYMENT,O000887,INV-0000845,0.0,0,"failed first, retry succeeded - NOT a leak"
L05141,DECOY_RETRIED_PAYMENT,O013768,INV-0013064,0.0,0,"failed first, retry succeeded - NOT a leak"
L05142,DECOY_RETRIED_PAYMENT,O021994,INV-0020869,0.0,0,"failed first, retry succeeded - NOT a leak"
L05143,DECOY_RETRIED_PAYMENT,O021747,INV-0020634,0.0,0,"failed first, retry succeeded - NOT a leak"
L05144,DECOY_RETRIED_PAYMENT,O038501,INV-0036474,0.0,0,"failed first, retry succeeded - NOT a leak"
L05145,DECOY_RETRIED_PAYMENT,O045025,INV-0042700,0.0,0,"failed first, retry succeeded - NOT a leak"
L05146,DECOY_RETRIED_PAYMENT,O049575,INV-0047041,0.0,0,"failed first, retry succeeded - NOT a leak"
L05147,DECOY_RETRIED_PAYMENT,O048756,INV-0046259,0.0,0,"failed first, retry succeeded - NOT a leak"
L05148,DECOY_RETRIED_PAYMENT,O027214,INV-0025805,0.0,0,"failed first, retry succeeded - NOT a leak"
L05149,DECOY_RETRIED_PAYMENT,O023519,INV-0022313,0.0,0,"failed first, retry succeeded - NOT a leak"
L05150,DECOY_RETRIED_PAYMENT,O013858,INV-0013149,0.0,0,"failed first, retry succeeded - NOT a leak"
L05151,DECOY_RETRIED_PAYMENT,O012928,INV-0012255,0.0,0,"failed first, retry succeeded - NOT a leak"
L05152,DECOY_RETRIED_PAYMENT,O014887,INV-0014118,0.0,0,"failed first, retry succeeded - NOT a leak"
L05153,DECOY_RETRIED_PAYMENT,O004063,INV-0003855,0.0,0,"failed first, retry succeeded - NOT a leak"
L05154,DECOY_RETRIED_PAYMENT,O048843,INV-0046344,0.0,0,"failed first, retry succeeded - NOT a leak"
L05155,DECOY_RETRIED_PAYMENT,O008193,INV-0007758,0.0,0,"failed first, retry succeeded - NOT a leak"
L05156,DECOY_RETRIED_PAYMENT,O020784,INV-0019725,0.0,0,"failed first, retry succeeded - NOT a leak"
L05157,DECOY_RETRIED_PAYMENT,O003745,INV-0003555,0.0,0,"failed first, retry succeeded - NOT a leak"
L05158,DECOY_RETRIED_PAYMENT,O025871,INV-0024541,0.0,0,"failed first, retry succeeded - NOT a leak"
L05159,DECOY_RETRIED_PAYMENT,O020952,INV-0019885,0.0,0,"failed first, retry succeeded - NOT a leak"
L05160,DECOY_RETRIED_PAYMENT,O046366,INV-0043987,0.0,0,"failed first, retry succeeded - NOT a leak"
L05161,DECOY_RETRIED_PAYMENT,O047313,INV-0044888,0.0,0,"failed first, retry succeeded - NOT a leak"
L05162,DECOY_RETRIED_PAYMENT,O010500,INV-0009950,0.0,0,"failed first, retry succeeded - NOT a leak"
L05163,DECOY_RETRIED_PAYMENT,O042107,INV-0039910,0.0,0,"failed first, retry succeeded - NOT a leak"
L05164,DECOY_RETRIED_PAYMENT,O005314,INV-0005029,0.0,0,"failed first, retry succeeded - NOT a leak"
L05165,DECOY_RETRIED_PAYMENT,O012754,INV-0012088,0.0,0,"failed first, retry succeeded - NOT a leak"
L05166,DECOY_RETRIED_PAYMENT,O001155,INV-0001100,0.0,0,"failed first, retry succeeded - NOT a leak"
L05167,DECOY_RETRIED_PAYMENT,O049088,INV-0046578,0.0,0,"failed first, retry succeeded - NOT a leak"
L05168,DECOY_RETRIED_PAYMENT,O007497,INV-0007108,0.0,0,"failed first, retry succeeded - NOT a leak"
L05169,DECOY_RETRIED_PAYMENT,O032640,INV-0030934,0.0,0,"failed first, retry succeeded - NOT a leak"
L05170,DECOY_RETRIED_PAYMENT,O042036,INV-0039841,0.0,0,"failed first, retry succeeded - NOT a leak"
L05171,DECOY_RETRIED_PAYMENT,O006353,INV-0006024,0.0,0,"failed first, retry succeeded - NOT a leak"
L05172,DECOY_RETRIED_PAYMENT,O003211,INV-0003037,0.0,0,"failed first, retry succeeded - NOT a leak"
L05173,DECOY_RETRIED_PAYMENT,O007508,INV-0007118,0.0,0,"failed first, retry succeeded - NOT a leak"
L05174,DECOY_RETRIED_PAYMENT,O013996,INV-0013278,0.0,0,"failed first, retry succeeded - NOT a leak"
L05175,DECOY_RETRIED_PAYMENT,O020735,INV-0019677,0.0,0,"failed first, retry succeeded - NOT a leak"
L05176,DECOY_RETRIED_PAYMENT,O018812,INV-0017860,0.0,0,"failed first, retry succeeded - NOT a leak"
L05177,DECOY_RETRIED_PAYMENT,O013835,INV-0013127,0.0,0,"failed first, retry succeeded - NOT a leak"
L05178,DECOY_RETRIED_PAYMENT,O038027,INV-0036028,0.0,0,"failed first, retry succeeded - NOT a leak"
L05179,DECOY_RETRIED_PAYMENT,O047160,INV-0044742,0.0,0,"failed first, retry succeeded - NOT a leak"
L05180,DECOY_RETRIED_PAYMENT,O034935,INV-0033115,0.0,0,"failed first, retry succeeded - NOT a leak"
L05181,DECOY_RETRIED_PAYMENT,O033229,INV-0031491,0.0,0,"failed first, retry succeeded - NOT a leak"
L05182,DECOY_RETRIED_PAYMENT,O040250,INV-0038143,0.0,0,"failed first, retry succeeded - NOT a leak"
L05183,DECOY_RETRIED_PAYMENT,O015244,INV-0014458,0.0,0,"failed first, retry succeeded - NOT a leak"
L05184,DECOY_RETRIED_PAYMENT,O018898,INV-0017941,0.0,0,"failed first, retry succeeded - NOT a leak"
L05185,DECOY_RETRIED_PAYMENT,O025258,INV-0023960,0.0,0,"failed first, retry succeeded - NOT a leak"
L05186,DECOY_RETRIED_PAYMENT,O029886,INV-0028334,0.0,0,"failed first, retry succeeded - NOT a leak"
L05187,DECOY_RETRIED_PAYMENT,O010487,INV-0009937,0.0,0,"failed first, retry succeeded - NOT a leak"
L05188,DECOY_RETRIED_PAYMENT,O013401,INV-0012708,0.0,0,"failed first, retry succeeded - NOT a leak"
L05189,DECOY_RETRIED_PAYMENT,O037009,INV-0035075,0.0,0,"failed first, retry succeeded - NOT a leak"
L05190,DECOY_RETRIED_PAYMENT,O027571,INV-0026139,0.0,0,"failed first, retry succeeded - NOT a leak"
L05191,DECOY_RETRIED_PAYMENT,O036519,INV-0034606,0.0,0,"failed first, retry succeeded - NOT a leak"
L05192,DECOY_RETRIED_PAYMENT,O045481,INV-0043134,0.0,0,"failed first, retry succeeded - NOT a leak"
L05193,DECOY_RETRIED_PAYMENT,O040055,INV-0037960,0.0,0,"failed first, retry succeeded - NOT a leak"
L05194,DECOY_RETRIED_PAYMENT,O016123,INV-0015304,0.0,0,"failed first, retry succeeded - NOT a leak"
L05195,DECOY_RETRIED_PAYMENT,O002136,INV-0002025,0.0,0,"failed first, retry succeeded - NOT a leak"
L05196,DECOY_RETRIED_PAYMENT,O019111,INV-0018145,0.0,0,"failed first, retry succeeded - NOT a leak"
L05197,DECOY_RETRIED_PAYMENT,O001476,INV-0001407,0.0,0,"failed first, retry succeeded - NOT a leak"
L05198,DECOY_RETRIED_PAYMENT,O007760,INV-0007352,0.0,0,"failed first, retry succeeded - NOT a leak"
L05199,DECOY_RETRIED_PAYMENT,O017624,INV-0016728,0.0,0,"failed first, retry succeeded - NOT a leak"
L05200,DECOY_RETRIED_PAYMENT,O021054,INV-0019975,0.0,0,"failed first, retry succeeded - NOT a leak"
L05201,DECOY_RETRIED_PAYMENT,O037586,INV-0035618,0.0,0,"failed first, retry succeeded - NOT a leak"
L05202,DECOY_RETRIED_PAYMENT,O021263,INV-0020172,0.0,0,"failed first, retry succeeded - NOT a leak"
L05203,DECOY_RETRIED_PAYMENT,O000389,INV-0000369,0.0,0,"failed first, retry succeeded - NOT a leak"
L05204,DECOY_RETRIED_PAYMENT,O004216,INV-0003994,0.0,0,"failed first, retry succeeded - NOT a leak"
L05205,DECOY_RETRIED_PAYMENT,O003268,INV-0003091,0.0,0,"failed first, retry succeeded - NOT a leak"
L05206,DECOY_RETRIED_PAYMENT,O011994,INV-0011364,0.0,0,"failed first, retry succeeded - NOT a leak"
L05207,DECOY_RETRIED_PAYMENT,O021063,INV-0019984,0.0,0,"failed first, retry succeeded - NOT a leak"
L05208,DECOY_RETRIED_PAYMENT,O044417,INV-0042122,0.0,0,"failed first, retry succeeded - NOT a leak"
L05209,DECOY_RETRIED_PAYMENT,O034743,INV-0032929,0.0,0,"failed first, retry succeeded - NOT a leak"
L05210,DECOY_RETRIED_PAYMENT,O042523,INV-0040306,0.0,0,"failed first, retry succeeded - NOT a leak"
L05211,DECOY_RETRIED_PAYMENT,O016191,INV-0015369,0.0,0,"failed first, retry succeeded - NOT a leak"
L05212,DECOY_RETRIED_PAYMENT,O027318,INV-0025903,0.0,0,"failed first, retry succeeded - NOT a leak"
L05213,DECOY_RETRIED_PAYMENT,O027206,INV-0025797,0.0,0,"failed first, retry succeeded - NOT a leak"
L05214,DECOY_RETRIED_PAYMENT,O038165,INV-0036156,0.0,0,"failed first, retry succeeded - NOT a leak"
L05215,DECOY_RETRIED_PAYMENT,O020524,INV-0019478,0.0,0,"failed first, retry succeeded - NOT a leak"
L05216,DECOY_RETRIED_PAYMENT,O045280,INV-0042944,0.0,0,"failed first, retry succeeded - NOT a leak"
L05217,DECOY_RETRIED_PAYMENT,O041069,INV-0038928,0.0,0,"failed first, retry succeeded - NOT a leak"
L05218,DECOY_RETRIED_PAYMENT,O009311,INV-0008814,0.0,0,"failed first, retry succeeded - NOT a leak"
L05219,DECOY_RETRIED_PAYMENT,O023721,INV-0022499,0.0,0,"failed first, retry succeeded - NOT a leak"
L05220,DECOY_RETRIED_PAYMENT,O042964,INV-0040730,0.0,0,"failed first, retry succeeded - NOT a leak"
L05221,DECOY_RETRIED_PAYMENT,O047284,INV-0044859,0.0,0,"failed first, retry succeeded - NOT a leak"
L05222,DECOY_RETRIED_PAYMENT,O036069,INV-0034187,0.0,0,"failed first, retry succeeded - NOT a leak"
L05223,DECOY_RETRIED_PAYMENT,O038411,INV-0036389,0.0,0,"failed first, retry succeeded - NOT a leak"
L05224,DECOY_RETRIED_PAYMENT,O044593,INV-0042289,0.0,0,"failed first, retry succeeded - NOT a leak"
L05225,DECOY_RETRIED_PAYMENT,O033125,INV-0031394,0.0,0,"failed first, retry succeeded - NOT a leak"
L05226,DECOY_RETRIED_PAYMENT,O009233,INV-0008743,0.0,0,"failed first, retry succeeded - NOT a leak"
L05227,DECOY_RETRIED_PAYMENT,O010331,INV-0009786,0.0,0,"failed first, retry succeeded - NOT a leak"
L05228,DECOY_RETRIED_PAYMENT,O030495,INV-0028907,0.0,0,"failed first, retry succeeded - NOT a leak"
L05229,DECOY_RETRIED_PAYMENT,O044235,INV-0041944,0.0,0,"failed first, retry succeeded - NOT a leak"
L05230,DECOY_RETRIED_PAYMENT,O031913,INV-0030250,0.0,0,"failed first, retry succeeded - NOT a leak"
L05231,DECOY_RETRIED_PAYMENT,O022972,INV-0021792,0.0,0,"failed first, retry succeeded - NOT a leak"
L05232,DECOY_RETRIED_PAYMENT,O035948,INV-0034073,0.0,0,"failed first, retry succeeded - NOT a leak"
L05233,DECOY_RETRIED_PAYMENT,O026241,INV-0024890,0.0,0,"failed first, retry succeeded - NOT a leak"
L05234,DECOY_RETRIED_PAYMENT,O036297,INV-0034400,0.0,0,"failed first, retry succeeded - NOT a leak"
L05235,DECOY_RETRIED_PAYMENT,O022680,INV-0021518,0.0,0,"failed first, retry succeeded - NOT a leak"
L05236,DECOY_RETRIED_PAYMENT,O028785,INV-0027297,0.0,0,"failed first, retry succeeded - NOT a leak"
L05237,DECOY_RETRIED_PAYMENT,O012564,INV-0011907,0.0,0,"failed first, retry succeeded - NOT a leak"
L05238,DECOY_RETRIED_PAYMENT,O042569,INV-0040350,0.0,0,"failed first, retry succeeded - NOT a leak"
L05239,DECOY_RETRIED_PAYMENT,O025143,INV-0023852,0.0,0,"failed first, retry succeeded - NOT a leak"
L05240,DECOY_RETRIED_PAYMENT,O006055,INV-0005740,0.0,0,"failed first, retry succeeded - NOT a leak"
L05241,DECOY_RETRIED_PAYMENT,O044660,INV-0042355,0.0,0,"failed first, retry succeeded - NOT a leak"
L05242,DECOY_RETRIED_PAYMENT,O004730,INV-0004479,0.0,0,"failed first, retry succeeded - NOT a leak"
L05243,DECOY_RETRIED_PAYMENT,O021308,INV-0020213,0.0,0,"failed first, retry succeeded - NOT a leak"
L05244,DECOY_RETRIED_PAYMENT,O013828,INV-0013121,0.0,0,"failed first, retry succeeded - NOT a leak"
L05245,DECOY_RETRIED_PAYMENT,O030620,INV-0029025,0.0,0,"failed first, retry succeeded - NOT a leak"
L05246,DECOY_RETRIED_PAYMENT,O024926,INV-0023642,0.0,0,"failed first, retry succeeded - NOT a leak"
L05247,DECOY_RETRIED_PAYMENT,O020756,INV-0019698,0.0,0,"failed first, retry succeeded - NOT a leak"
L05248,DECOY_RETRIED_PAYMENT,O025337,INV-0024032,0.0,0,"failed first, retry succeeded - NOT a leak"
L05249,DECOY_RETRIED_PAYMENT,O027232,INV-0025822,0.0,0,"failed first, retry succeeded - NOT a leak"
L05250,DECOY_RETRIED_PAYMENT,O041040,INV-0038902,0.0,0,"failed first, retry succeeded - NOT a leak"
L05251,DECOY_RETRIED_PAYMENT,O034187,INV-0032405,0.0,0,"failed first, retry succeeded - NOT a leak"
L05252,DECOY_RETRIED_PAYMENT,O036478,INV-0034571,0.0,0,"failed first, retry succeeded - NOT a leak"
L05253,DECOY_RETRIED_PAYMENT,O013872,INV-0013162,0.0,0,"failed first, retry succeeded - NOT a leak"
L05254,DECOY_RETRIED_PAYMENT,O035000,INV-0033179,0.0,0,"failed first, retry succeeded - NOT a leak"
L05255,DECOY_RETRIED_PAYMENT,O011484,INV-0010881,0.0,0,"failed first, retry succeeded - NOT a leak"
L05256,DECOY_RETRIED_PAYMENT,O017159,INV-0016287,0.0,0,"failed first, retry succeeded - NOT a leak"
L05257,DECOY_RETRIED_PAYMENT,O026621,INV-0025249,0.0,0,"failed first, retry succeeded - NOT a leak"
L05258,DECOY_RETRIED_PAYMENT,O011438,INV-0010836,0.0,0,"failed first, retry succeeded - NOT a leak"
L05259,DECOY_RETRIED_PAYMENT,O002063,INV-0001958,0.0,0,"failed first, retry succeeded - NOT a leak"
L05260,DECOY_RETRIED_PAYMENT,O017853,INV-0016947,0.0,0,"failed first, retry succeeded - NOT a leak"
L05261,DECOY_RETRIED_PAYMENT,O016419,INV-0015578,0.0,0,"failed first, retry succeeded - NOT a leak"
L05262,DECOY_RETRIED_PAYMENT,O047855,INV-0045405,0.0,0,"failed first, retry succeeded - NOT a leak"
L05263,DECOY_RETRIED_PAYMENT,O042907,INV-0040673,0.0,0,"failed first, retry succeeded - NOT a leak"
L05264,DECOY_RETRIED_PAYMENT,O028945,INV-0027454,0.0,0,"failed first, retry succeeded - NOT a leak"
L05265,DECOY_RETRIED_PAYMENT,O025442,INV-0024129,0.0,0,"failed first, retry succeeded - NOT a leak"
L05266,DECOY_RETRIED_PAYMENT,O012965,INV-0012290,0.0,0,"failed first, retry succeeded - NOT a leak"
L05267,DECOY_RETRIED_PAYMENT,O039032,INV-0036979,0.0,0,"failed first, retry succeeded - NOT a leak"
L05268,DECOY_RETRIED_PAYMENT,O020853,INV-0019791,0.0,0,"failed first, retry succeeded - NOT a leak"
L05269,DECOY_RETRIED_PAYMENT,O027749,INV-0026307,0.0,0,"failed first, retry succeeded - NOT a leak"
L05270,DECOY_RETRIED_PAYMENT,O045707,INV-0043352,0.0,0,"failed first, retry succeeded - NOT a leak"
L05271,DECOY_RETRIED_PAYMENT,O035462,INV-0033621,0.0,0,"failed first, retry succeeded - NOT a leak"
L05272,DECOY_RETRIED_PAYMENT,O016796,INV-0015937,0.0,0,"failed first, retry succeeded - NOT a leak"
L05273,DECOY_RETRIED_PAYMENT,O040427,INV-0038313,0.0,0,"failed first, retry succeeded - NOT a leak"
L05274,DECOY_RETRIED_PAYMENT,O038173,INV-0036164,0.0,0,"failed first, retry succeeded - NOT a leak"
L05275,DECOY_RETRIED_PAYMENT,O034588,INV-0032785,0.0,0,"failed first, retry succeeded - NOT a leak"
L05276,DECOY_RETRIED_PAYMENT,O041175,INV-0039025,0.0,0,"failed first, retry succeeded - NOT a leak"
L05277,DECOY_RETRIED_PAYMENT,O039259,INV-0037201,0.0,0,"failed first, retry succeeded - NOT a leak"
L05278,DECOY_RETRIED_PAYMENT,O041271,INV-0039112,0.0,0,"failed first, retry succeeded - NOT a leak"
L05279,DECOY_RETRIED_PAYMENT,O036241,INV-0034349,0.0,0,"failed first, retry succeeded - NOT a leak"
L05280,DECOY_RETRIED_PAYMENT,O009573,INV-0009066,0.0,0,"failed first, retry succeeded - NOT a leak"
L05281,DECOY_RETRIED_PAYMENT,O040707,INV-0038585,0.0,0,"failed first, retry succeeded - NOT a leak"
L05282,DECOY_RETRIED_PAYMENT,O028378,INV-0026912,0.0,0,"failed first, retry succeeded - NOT a leak"
L05283,DECOY_RETRIED_PAYMENT,O020443,INV-0019400,0.0,0,"failed first, retry succeeded - NOT a leak"
L05284,DECOY_RETRIED_PAYMENT,O025233,INV-0023935,0.0,0,"failed first, retry succeeded - NOT a leak"
L05285,DECOY_RETRIED_PAYMENT,O029585,INV-0028060,0.0,0,"failed first, retry succeeded - NOT a leak"
L05286,DECOY_RETRIED_PAYMENT,O003247,INV-0003070,0.0,0,"failed first, retry succeeded - NOT a leak"
L05287,DECOY_RETRIED_PAYMENT,O005837,INV-0005533,0.0,0,"failed first, retry succeeded - NOT a leak"
L05288,DECOY_RETRIED_PAYMENT,O000158,INV-0000148,0.0,0,"failed first, retry succeeded - NOT a leak"
L05289,DECOY_RETRIED_PAYMENT,O009767,INV-0009250,0.0,0,"failed first, retry succeeded - NOT a leak"
L05290,DECOY_RETRIED_PAYMENT,O023510,INV-0022304,0.0,0,"failed first, retry succeeded - NOT a leak"
L05291,DECOY_RETRIED_PAYMENT,O011077,INV-0010492,0.0,0,"failed first, retry succeeded - NOT a leak"
L05292,DECOY_RETRIED_PAYMENT,O010985,INV-0010407,0.0,0,"failed first, retry succeeded - NOT a leak"
L05293,DECOY_RETRIED_PAYMENT,O026873,INV-0025489,0.0,0,"failed first, retry succeeded - NOT a leak"
L05294,DECOY_RETRIED_PAYMENT,O018171,INV-0017250,0.0,0,"failed first, retry succeeded - NOT a leak"
L05295,DECOY_RETRIED_PAYMENT,O040795,INV-0038668,0.0,0,"failed first, retry succeeded - NOT a leak"
L05296,DECOY_RETRIED_PAYMENT,O013167,INV-0012486,0.0,0,"failed first, retry succeeded - NOT a leak"
L05297,DECOY_RETRIED_PAYMENT,O042251,INV-0040045,0.0,0,"failed first, retry succeeded - NOT a leak"
L05298,DECOY_RETRIED_PAYMENT,O038851,INV-0036808,0.0,0,"failed first, retry succeeded - NOT a leak"
L05299,DECOY_RETRIED_PAYMENT,O045061,INV-0042735,0.0,0,"failed first, retry succeeded - NOT a leak"
L05300,DECOY_RETRIED_PAYMENT,O041388,INV-0039226,0.0,0,"failed first, retry succeeded - NOT a leak"
L05301,DECOY_RETRIED_PAYMENT,O021447,INV-0020346,0.0,0,"failed first, retry succeeded - NOT a leak"
L05302,DECOY_RETRIED_PAYMENT,O009611,INV-0009104,0.0,0,"failed first, retry succeeded - NOT a leak"
L05303,DECOY_RETRIED_PAYMENT,O029313,INV-0027801,0.0,0,"failed first, retry succeeded - NOT a leak"
L05304,DECOY_RETRIED_PAYMENT,O031137,INV-0029508,0.0,0,"failed first, retry succeeded - NOT a leak"
L05305,DECOY_RETRIED_PAYMENT,O005558,INV-0005265,0.0,0,"failed first, retry succeeded - NOT a leak"
L05306,DECOY_RETRIED_PAYMENT,O030676,INV-0029078,0.0,0,"failed first, retry succeeded - NOT a leak"
L05307,DECOY_RETRIED_PAYMENT,O030710,INV-0029111,0.0,0,"failed first, retry succeeded - NOT a leak"
L05308,DECOY_RETRIED_PAYMENT,O044866,INV-0042556,0.0,0,"failed first, retry succeeded - NOT a leak"
L05309,DECOY_RETRIED_PAYMENT,O028886,INV-0027396,0.0,0,"failed first, retry succeeded - NOT a leak"
L05310,DECOY_RETRIED_PAYMENT,O017595,INV-0016699,0.0,0,"failed first, retry succeeded - NOT a leak"
L05311,DECOY_RETRIED_PAYMENT,O026631,INV-0025258,0.0,0,"failed first, retry succeeded - NOT a leak"
L05312,DECOY_RETRIED_PAYMENT,O005158,INV-0004885,0.0,0,"failed first, retry succeeded - NOT a leak"
L05313,DECOY_RETRIED_PAYMENT,O026952,INV-0025566,0.0,0,"failed first, retry succeeded - NOT a leak"
L05314,DECOY_RETRIED_PAYMENT,O042574,INV-0040355,0.0,0,"failed first, retry succeeded - NOT a leak"
L05315,DECOY_RETRIED_PAYMENT,O021843,INV-0020727,0.0,0,"failed first, retry succeeded - NOT a leak"
L05316,DECOY_RETRIED_PAYMENT,O013224,INV-0012540,0.0,0,"failed first, retry succeeded - NOT a leak"
L05317,DECOY_RETRIED_PAYMENT,O014296,INV-0013560,0.0,0,"failed first, retry succeeded - NOT a leak"
L05318,DECOY_RETRIED_PAYMENT,O021546,INV-0020440,0.0,0,"failed first, retry succeeded - NOT a leak"
L05319,DECOY_RETRIED_PAYMENT,O035849,INV-0033982,0.0,0,"failed first, retry succeeded - NOT a leak"
L05320,DECOY_RETRIED_PAYMENT,O025326,INV-0024023,0.0,0,"failed first, retry succeeded - NOT a leak"
L05321,DECOY_RETRIED_PAYMENT,O000563,INV-0000534,0.0,0,"failed first, retry succeeded - NOT a leak"
L05322,DECOY_RETRIED_PAYMENT,O006337,INV-0006009,0.0,0,"failed first, retry succeeded - NOT a leak"
L05323,DECOY_RETRIED_PAYMENT,O030248,INV-0028677,0.0,0,"failed first, retry succeeded - NOT a leak"
L05324,DECOY_RETRIED_PAYMENT,O022241,INV-0021108,0.0,0,"failed first, retry succeeded - NOT a leak"
L05325,DECOY_RETRIED_PAYMENT,O018145,INV-0017224,0.0,0,"failed first, retry succeeded - NOT a leak"
L05326,DECOY_RETRIED_PAYMENT,O016424,INV-0015582,0.0,0,"failed first, retry succeeded - NOT a leak"
L05327,DECOY_RETRIED_PAYMENT,O026164,INV-0024818,0.0,0,"failed first, retry succeeded - NOT a leak"
L05328,DECOY_RETRIED_PAYMENT,O040367,INV-0038254,0.0,0,"failed first, retry succeeded - NOT a leak"
L05329,DECOY_RETRIED_PAYMENT,O031048,INV-0029424,0.0,0,"failed first, retry succeeded - NOT a leak"
L05330,DECOY_RETRIED_PAYMENT,O024361,INV-0023107,0.0,0,"failed first, retry succeeded - NOT a leak"
L05331,DECOY_RETRIED_PAYMENT,O005698,INV-0005399,0.0,0,"failed first, retry succeeded - NOT a leak"
L05332,DECOY_RETRIED_PAYMENT,O023257,INV-0022069,0.0,0,"failed first, retry succeeded - NOT a leak"
L05333,DECOY_RETRIED_PAYMENT,O022808,INV-0021638,0.0,0,"failed first, retry succeeded - NOT a leak"
L05334,DECOY_RETRIED_PAYMENT,O004077,INV-0003867,0.0,0,"failed first, retry succeeded - NOT a leak"
L05335,DECOY_RETRIED_PAYMENT,O027453,INV-0026028,0.0,0,"failed first, retry succeeded - NOT a leak"
L05336,DECOY_RETRIED_PAYMENT,O007877,INV-0007466,0.0,0,"failed first, retry succeeded - NOT a leak"
L05337,DECOY_RETRIED_PAYMENT,O024541,INV-0023279,0.0,0,"failed first, retry succeeded - NOT a leak"
L05338,DECOY_RETRIED_PAYMENT,O041570,INV-0039397,0.0,0,"failed first, retry succeeded - NOT a leak"
L05339,DECOY_RETRIED_PAYMENT,O002429,INV-0002302,0.0,0,"failed first, retry succeeded - NOT a leak"
L05340,DECOY_RETRIED_PAYMENT,O034359,INV-0032568,0.0,0,"failed first, retry succeeded - NOT a leak"
L05341,DECOY_RETRIED_PAYMENT,O017857,INV-0016951,0.0,0,"failed first, retry succeeded - NOT a leak"
L05342,DECOY_RETRIED_PAYMENT,O021752,INV-0020639,0.0,0,"failed first, retry succeeded - NOT a leak"
L05343,DECOY_RETRIED_PAYMENT,O039047,INV-0036994,0.0,0,"failed first, retry succeeded - NOT a leak"
L05344,DECOY_RETRIED_PAYMENT,O040892,INV-0038763,0.0,0,"failed first, retry succeeded - NOT a leak"
L05345,DECOY_RETRIED_PAYMENT,O045552,INV-0043201,0.0,0,"failed first, retry succeeded - NOT a leak"
L05346,DECOY_RETRIED_PAYMENT,O015299,INV-0014510,0.0,0,"failed first, retry succeeded - NOT a leak"
L05347,DECOY_RETRIED_PAYMENT,O017078,INV-0016207,0.0,0,"failed first, retry succeeded - NOT a leak"
L05348,DECOY_RETRIED_PAYMENT,O039352,INV-0037290,0.0,0,"failed first, retry succeeded - NOT a leak"
L05349,DECOY_RETRIED_PAYMENT,O012056,INV-0011423,0.0,0,"failed first, retry succeeded - NOT a leak"
L05350,DECOY_RETRIED_PAYMENT,O012586,INV-0011928,0.0,0,"failed first, retry succeeded - NOT a leak"
L05351,DECOY_RETRIED_PAYMENT,O023942,INV-0022715,0.0,0,"failed first, retry succeeded - NOT a leak"
L05352,DECOY_RETRIED_PAYMENT,O013744,INV-0013042,0.0,0,"failed first, retry succeeded - NOT a leak"
L05353,DECOY_RETRIED_PAYMENT,O044652,INV-0042347,0.0,0,"failed first, retry succeeded - NOT a leak"
L05354,DECOY_RETRIED_PAYMENT,O008827,INV-0008355,0.0,0,"failed first, retry succeeded - NOT a leak"
L05355,DECOY_RETRIED_PAYMENT,O047728,INV-0045287,0.0,0,"failed first, retry succeeded - NOT a leak"
L05356,DECOY_RETRIED_PAYMENT,O031029,INV-0029405,0.0,0,"failed first, retry succeeded - NOT a leak"
L05357,DECOY_RETRIED_PAYMENT,O035147,INV-0033324,0.0,0,"failed first, retry succeeded - NOT a leak"
L05358,DECOY_RETRIED_PAYMENT,O003807,INV-0003613,0.0,0,"failed first, retry succeeded - NOT a leak"
L05359,DECOY_RETRIED_PAYMENT,O034927,INV-0033107,0.0,0,"failed first, retry succeeded - NOT a leak"
L05360,DECOY_RETRIED_PAYMENT,O004761,INV-0004507,0.0,0,"failed first, retry succeeded - NOT a leak"
L05361,DECOY_RETRIED_PAYMENT,O041352,INV-0039190,0.0,0,"failed first, retry succeeded - NOT a leak"
L05362,DECOY_RETRIED_PAYMENT,O036851,INV-0034923,0.0,0,"failed first, retry succeeded - NOT a leak"
L05363,DECOY_RETRIED_PAYMENT,O024201,INV-0022959,0.0,0,"failed first, retry succeeded - NOT a leak"
L05364,DECOY_RETRIED_PAYMENT,O047466,INV-0045037,0.0,0,"failed first, retry succeeded - NOT a leak"
L05365,DECOY_RETRIED_PAYMENT,O018014,INV-0017103,0.0,0,"failed first, retry succeeded - NOT a leak"
L05366,DECOY_RETRIED_PAYMENT,O033931,INV-0032156,0.0,0,"failed first, retry succeeded - NOT a leak"
L05367,DECOY_RETRIED_PAYMENT,O010610,INV-0010052,0.0,0,"failed first, retry succeeded - NOT a leak"
L05368,DECOY_RETRIED_PAYMENT,O021076,INV-0019997,0.0,0,"failed first, retry succeeded - NOT a leak"
L05369,DECOY_RETRIED_PAYMENT,O008296,INV-0007852,0.0,0,"failed first, retry succeeded - NOT a leak"
L05370,DECOY_RETRIED_PAYMENT,O007668,INV-0007270,0.0,0,"failed first, retry succeeded - NOT a leak"
L05371,DECOY_RETRIED_PAYMENT,O045018,INV-0042694,0.0,0,"failed first, retry succeeded - NOT a leak"
L05372,DECOY_RETRIED_PAYMENT,O010795,INV-0010225,0.0,0,"failed first, retry succeeded - NOT a leak"
L05373,DECOY_RETRIED_PAYMENT,O020025,INV-0019009,0.0,0,"failed first, retry succeeded - NOT a leak"
L05374,DECOY_RETRIED_PAYMENT,O039721,INV-0037644,0.0,0,"failed first, retry succeeded - NOT a leak"
L05375,DECOY_RETRIED_PAYMENT,O006120,INV-0005800,0.0,0,"failed first, retry succeeded - NOT a leak"
L05376,DECOY_RETRIED_PAYMENT,O012839,INV-0012169,0.0,0,"failed first, retry succeeded - NOT a leak"
L05377,DECOY_RETRIED_PAYMENT,O002463,INV-0002334,0.0,0,"failed first, retry succeeded - NOT a leak"
L05378,DECOY_RETRIED_PAYMENT,O041699,INV-0039519,0.0,0,"failed first, retry succeeded - NOT a leak"
L05379,DECOY_RETRIED_PAYMENT,O047860,INV-0045410,0.0,0,"failed first, retry succeeded - NOT a leak"
L05380,DECOY_RETRIED_PAYMENT,O035068,INV-0033246,0.0,0,"failed first, retry succeeded - NOT a leak"
L05381,DECOY_RETRIED_PAYMENT,O047053,INV-0044640,0.0,0,"failed first, retry succeeded - NOT a leak"
L05382,DECOY_RETRIED_PAYMENT,O027305,INV-0025890,0.0,0,"failed first, retry succeeded - NOT a leak"
L05383,DECOY_RETRIED_PAYMENT,O002352,INV-0002231,0.0,0,"failed first, retry succeeded - NOT a leak"
L05384,DECOY_RETRIED_PAYMENT,O012826,INV-0012158,0.0,0,"failed first, retry succeeded - NOT a leak"
L05385,DECOY_RETRIED_PAYMENT,O005397,INV-0005110,0.0,0,"failed first, retry succeeded - NOT a leak"
L05386,DECOY_RETRIED_PAYMENT,O035446,INV-0033606,0.0,0,"failed first, retry succeeded - NOT a leak"
L05387,DECOY_RETRIED_PAYMENT,O015740,INV-0014934,0.0,0,"failed first, retry succeeded - NOT a leak"
L05388,DECOY_RETRIED_PAYMENT,O044955,INV-0042637,0.0,0,"failed first, retry succeeded - NOT a leak"
L05389,DECOY_RETRIED_PAYMENT,O044415,INV-0042120,0.0,0,"failed first, retry succeeded - NOT a leak"
L05390,DECOY_RETRIED_PAYMENT,O030593,INV-0028999,0.0,0,"failed first, retry succeeded - NOT a leak"
L05391,DECOY_RETRIED_PAYMENT,O037888,INV-0035901,0.0,0,"failed first, retry succeeded - NOT a leak"
L05392,DECOY_RETRIED_PAYMENT,O001375,INV-0001309,0.0,0,"failed first, retry succeeded - NOT a leak"
L05393,DECOY_RETRIED_PAYMENT,O042951,INV-0040717,0.0,0,"failed first, retry succeeded - NOT a leak"
L05394,DECOY_RETRIED_PAYMENT,O000820,INV-0000783,0.0,0,"failed first, retry succeeded - NOT a leak"
L05395,DECOY_RETRIED_PAYMENT,O026988,INV-0025599,0.0,0,"failed first, retry succeeded - NOT a leak"
L05396,DECOY_RETRIED_PAYMENT,O039649,INV-0037573,0.0,0,"failed first, retry succeeded - NOT a leak"
L05397,DECOY_RETRIED_PAYMENT,O023461,INV-0022258,0.0,0,"failed first, retry succeeded - NOT a leak"
L05398,DECOY_RETRIED_PAYMENT,O008542,INV-0008086,0.0,0,"failed first, retry succeeded - NOT a leak"
L05399,DECOY_RETRIED_PAYMENT,O032272,INV-0030589,0.0,0,"failed first, retry succeeded - NOT a leak"
L05400,DECOY_RETRIED_PAYMENT,O003809,INV-0003615,0.0,0,"failed first, retry succeeded - NOT a leak"
L05401,DECOY_RETRIED_PAYMENT,O017652,INV-0016756,0.0,0,"failed first, retry succeeded - NOT a leak"
L05402,DECOY_RETRIED_PAYMENT,O038370,INV-0036350,0.0,0,"failed first, retry succeeded - NOT a leak"
L05403,DECOY_RETRIED_PAYMENT,O036204,INV-0034315,0.0,0,"failed first, retry succeeded - NOT a leak"
L05404,DECOY_RETRIED_PAYMENT,O036477,INV-0034570,0.0,0,"failed first, retry succeeded - NOT a leak"
L05405,DECOY_RETRIED_PAYMENT,O017884,INV-0016978,0.0,0,"failed first, retry succeeded - NOT a leak"
L05406,DECOY_RETRIED_PAYMENT,O004777,INV-0004523,0.0,0,"failed first, retry succeeded - NOT a leak"
L05407,DECOY_RETRIED_PAYMENT,O045718,INV-0043363,0.0,0,"failed first, retry succeeded - NOT a leak"
L05408,DECOY_RETRIED_PAYMENT,O023174,INV-0021988,0.0,0,"failed first, retry succeeded - NOT a leak"
L05409,DECOY_RETRIED_PAYMENT,O043293,INV-0041043,0.0,0,"failed first, retry succeeded - NOT a leak"
L05410,DECOY_RETRIED_PAYMENT,O011898,INV-0011270,0.0,0,"failed first, retry succeeded - NOT a leak"
L05411,DECOY_RETRIED_PAYMENT,O023562,INV-0022352,0.0,0,"failed first, retry succeeded - NOT a leak"
L05412,DECOY_RETRIED_PAYMENT,O011917,INV-0011289,0.0,0,"failed first, retry succeeded - NOT a leak"
L05413,DECOY_RETRIED_PAYMENT,O031526,INV-0029879,0.0,0,"failed first, retry succeeded - NOT a leak"
L05414,DECOY_RETRIED_PAYMENT,O034310,INV-0032523,0.0,0,"failed first, retry succeeded - NOT a leak"
L05415,DECOY_RETRIED_PAYMENT,O027662,INV-0026227,0.0,0,"failed first, retry succeeded - NOT a leak"
L05416,DECOY_RETRIED_PAYMENT,O037242,INV-0035298,0.0,0,"failed first, retry succeeded - NOT a leak"
L05417,DECOY_RETRIED_PAYMENT,O012827,INV-0012159,0.0,0,"failed first, retry succeeded - NOT a leak"
L05418,DECOY_RETRIED_PAYMENT,O022183,INV-0021053,0.0,0,"failed first, retry succeeded - NOT a leak"
L05419,DECOY_RETRIED_PAYMENT,O040038,INV-0037944,0.0,0,"failed first, retry succeeded - NOT a leak"
L05420,DECOY_RETRIED_PAYMENT,O038663,INV-0036630,0.0,0,"failed first, retry succeeded - NOT a leak"
L05421,DECOY_RETRIED_PAYMENT,O018490,INV-0017554,0.0,0,"failed first, retry succeeded - NOT a leak"
L05422,DECOY_RETRIED_PAYMENT,O005948,INV-0005640,0.0,0,"failed first, retry succeeded - NOT a leak"
L05423,DECOY_RETRIED_PAYMENT,O026295,INV-0024939,0.0,0,"failed first, retry succeeded - NOT a leak"
L05424,DECOY_RETRIED_PAYMENT,O018608,INV-0017666,0.0,0,"failed first, retry succeeded - NOT a leak"
L05425,DECOY_RETRIED_PAYMENT,O029615,INV-0028087,0.0,0,"failed first, retry succeeded - NOT a leak"
L05426,DECOY_RETRIED_PAYMENT,O047472,INV-0045042,0.0,0,"failed first, retry succeeded - NOT a leak"
L05427,DECOY_RETRIED_PAYMENT,O027815,INV-0026372,0.0,0,"failed first, retry succeeded - NOT a leak"
L05428,DECOY_RETRIED_PAYMENT,O012078,INV-0011444,0.0,0,"failed first, retry succeeded - NOT a leak"
L05429,DECOY_RETRIED_PAYMENT,O026882,INV-0025496,0.0,0,"failed first, retry succeeded - NOT a leak"
L05430,DECOY_RETRIED_PAYMENT,O006818,INV-0006469,0.0,0,"failed first, retry succeeded - NOT a leak"
L05431,DECOY_RETRIED_PAYMENT,O041953,INV-0039760,0.0,0,"failed first, retry succeeded - NOT a leak"
L05432,DECOY_RETRIED_PAYMENT,O049201,INV-0046685,0.0,0,"failed first, retry succeeded - NOT a leak"
L05433,DECOY_RETRIED_PAYMENT,O026117,INV-0024775,0.0,0,"failed first, retry succeeded - NOT a leak"
L05434,DECOY_RETRIED_PAYMENT,O030738,INV-0029136,0.0,0,"failed first, retry succeeded - NOT a leak"
L05435,DECOY_RETRIED_PAYMENT,O021537,INV-0020431,0.0,0,"failed first, retry succeeded - NOT a leak"
L05436,DECOY_RETRIED_PAYMENT,O049476,INV-0046946,0.0,0,"failed first, retry succeeded - NOT a leak"
L05437,DECOY_RETRIED_PAYMENT,O009512,INV-0009005,0.0,0,"failed first, retry succeeded - NOT a leak"
L05438,DECOY_RETRIED_PAYMENT,O010548,INV-0009993,0.0,0,"failed first, retry succeeded - NOT a leak"
L05439,DECOY_RETRIED_PAYMENT,O036090,INV-0034206,0.0,0,"failed first, retry succeeded - NOT a leak"
L05440,DECOY_RETRIED_PAYMENT,O021055,INV-0019976,0.0,0,"failed first, retry succeeded - NOT a leak"
L05441,DECOY_RETRIED_PAYMENT,O005891,INV-0005584,0.0,0,"failed first, retry succeeded - NOT a leak"
L05442,DECOY_RETRIED_PAYMENT,O049379,INV-0046855,0.0,0,"failed first, retry succeeded - NOT a leak"
L05443,DECOY_RETRIED_PAYMENT,O030201,INV-0028633,0.0,0,"failed first, retry succeeded - NOT a leak"
L05444,DECOY_RETRIED_PAYMENT,O028686,INV-0027201,0.0,0,"failed first, retry succeeded - NOT a leak"
L05445,DECOY_RETRIED_PAYMENT,O043605,INV-0041344,0.0,0,"failed first, retry succeeded - NOT a leak"
L05446,DECOY_RETRIED_PAYMENT,O004994,INV-0004729,0.0,0,"failed first, retry succeeded - NOT a leak"
L05447,DECOY_RETRIED_PAYMENT,O039843,INV-0037758,0.0,0,"failed first, retry succeeded - NOT a leak"
L05448,DECOY_RETRIED_PAYMENT,O041746,INV-0039564,0.0,0,"failed first, retry succeeded - NOT a leak"
L05449,DECOY_RETRIED_PAYMENT,O048784,INV-0046287,0.0,0,"failed first, retry succeeded - NOT a leak"
L05450,DECOY_RETRIED_PAYMENT,O049527,INV-0046996,0.0,0,"failed first, retry succeeded - NOT a leak"
L05451,DECOY_RETRIED_PAYMENT,O024166,INV-0022925,0.0,0,"failed first, retry succeeded - NOT a leak"
L05452,DECOY_RETRIED_PAYMENT,O021869,INV-0020752,0.0,0,"failed first, retry succeeded - NOT a leak"
L05453,DECOY_RETRIED_PAYMENT,O033227,INV-0031489,0.0,0,"failed first, retry succeeded - NOT a leak"
L05454,DECOY_RETRIED_PAYMENT,O020556,INV-0019506,0.0,0,"failed first, retry succeeded - NOT a leak"
L05455,DECOY_RETRIED_PAYMENT,O046116,INV-0043745,0.0,0,"failed first, retry succeeded - NOT a leak"
L05456,DECOY_RETRIED_PAYMENT,O015109,INV-0014330,0.0,0,"failed first, retry succeeded - NOT a leak"
L05457,DECOY_RETRIED_PAYMENT,O002505,INV-0002374,0.0,0,"failed first, retry succeeded - NOT a leak"
L05458,DECOY_RETRIED_PAYMENT,O007335,INV-0006960,0.0,0,"failed first, retry succeeded - NOT a leak"
L05459,DECOY_RETRIED_PAYMENT,O019221,INV-0018246,0.0,0,"failed first, retry succeeded - NOT a leak"
L05460,DECOY_RETRIED_PAYMENT,O047058,INV-0044645,0.0,0,"failed first, retry succeeded - NOT a leak"
L05461,DECOY_RETRIED_PAYMENT,O046245,INV-0043869,0.0,0,"failed first, retry succeeded - NOT a leak"
L05462,DECOY_RETRIED_PAYMENT,O029108,INV-0027608,0.0,0,"failed first, retry succeeded - NOT a leak"
L05463,DECOY_RETRIED_PAYMENT,O002646,INV-0002509,0.0,0,"failed first, retry succeeded - NOT a leak"
L05464,DECOY_RETRIED_PAYMENT,O029322,INV-0027809,0.0,0,"failed first, retry succeeded - NOT a leak"
L05465,DECOY_RETRIED_PAYMENT,O035467,INV-0033626,0.0,0,"failed first, retry succeeded - NOT a leak"
L05466,DECOY_RETRIED_PAYMENT,O013627,INV-0012927,0.0,0,"failed first, retry succeeded - NOT a leak"
L05467,DECOY_RETRIED_PAYMENT,O028577,INV-0027099,0.0,0,"failed first, retry succeeded - NOT a leak"
L05468,DECOY_RETRIED_PAYMENT,O000757,INV-0000723,0.0,0,"failed first, retry succeeded - NOT a leak"
L05469,DECOY_RETRIED_PAYMENT,O008011,INV-0007589,0.0,0,"failed first, retry succeeded - NOT a leak"
L05470,DECOY_RETRIED_PAYMENT,O017407,INV-0016523,0.0,0,"failed first, retry succeeded - NOT a leak"
L05471,DECOY_RETRIED_PAYMENT,O019554,INV-0018563,0.0,0,"failed first, retry succeeded - NOT a leak"
L05472,DECOY_RETRIED_PAYMENT,O002621,INV-0002484,0.0,0,"failed first, retry succeeded - NOT a leak"
L05473,DECOY_RETRIED_PAYMENT,O041549,INV-0039376,0.0,0,"failed first, retry succeeded - NOT a leak"
L05474,DECOY_RETRIED_PAYMENT,O027314,INV-0025899,0.0,0,"failed first, retry succeeded - NOT a leak"
L05475,DECOY_RETRIED_PAYMENT,O016621,INV-0015772,0.0,0,"failed first, retry succeeded - NOT a leak"
L05476,DECOY_RETRIED_PAYMENT,O040069,INV-0037974,0.0,0,"failed first, retry succeeded - NOT a leak"
L05477,DECOY_RETRIED_PAYMENT,O015718,INV-0014913,0.0,0,"failed first, retry succeeded - NOT a leak"
L05478,DECOY_RETRIED_PAYMENT,O001798,INV-0001710,0.0,0,"failed first, retry succeeded - NOT a leak"
L05479,DECOY_RETRIED_PAYMENT,O038548,INV-0036517,0.0,0,"failed first, retry succeeded - NOT a leak"
L05480,DECOY_RETRIED_PAYMENT,O032568,INV-0030866,0.0,0,"failed first, retry succeeded - NOT a leak"
L05481,DECOY_RETRIED_PAYMENT,O018249,INV-0017322,0.0,0,"failed first, retry succeeded - NOT a leak"
L05482,DECOY_RETRIED_PAYMENT,O017903,INV-0016997,0.0,0,"failed first, retry succeeded - NOT a leak"
L05483,DECOY_RETRIED_PAYMENT,O013760,INV-0013057,0.0,0,"failed first, retry succeeded - NOT a leak"
L05484,DECOY_RETRIED_PAYMENT,O033303,INV-0031561,0.0,0,"failed first, retry succeeded - NOT a leak"
L05485,DECOY_RETRIED_PAYMENT,O026218,INV-0024868,0.0,0,"failed first, retry succeeded - NOT a leak"
L05486,DECOY_RETRIED_PAYMENT,O009191,INV-0008703,0.0,0,"failed first, retry succeeded - NOT a leak"
L05487,DECOY_RETRIED_PAYMENT,O019319,INV-0018340,0.0,0,"failed first, retry succeeded - NOT a leak"
L05488,DECOY_RETRIED_PAYMENT,O043284,INV-0041034,0.0,0,"failed first, retry succeeded - NOT a leak"
L05489,DECOY_RETRIED_PAYMENT,O046988,INV-0044577,0.0,0,"failed first, retry succeeded - NOT a leak"
L05490,DECOY_RETRIED_PAYMENT,O031595,INV-0029945,0.0,0,"failed first, retry succeeded - NOT a leak"
L05491,DECOY_RETRIED_PAYMENT,O004857,INV-0004599,0.0,0,"failed first, retry succeeded - NOT a leak"
L05492,DECOY_RETRIED_PAYMENT,O014364,INV-0013627,0.0,0,"failed first, retry succeeded - NOT a leak"
L05493,DECOY_RETRIED_PAYMENT,O035125,INV-0033302,0.0,0,"failed first, retry succeeded - NOT a leak"
L05494,DECOY_RETRIED_PAYMENT,O033786,INV-0032019,0.0,0,"failed first, retry succeeded - NOT a leak"
L05495,DECOY_RETRIED_PAYMENT,O028149,INV-0026692,0.0,0,"failed first, retry succeeded - NOT a leak"
L05496,DECOY_RETRIED_PAYMENT,O017118,INV-0016247,0.0,0,"failed first, retry succeeded - NOT a leak"
L05497,DECOY_RETRIED_PAYMENT,O003942,INV-0003738,0.0,0,"failed first, retry succeeded - NOT a leak"
L05498,DECOY_RETRIED_PAYMENT,O004054,INV-0003846,0.0,0,"failed first, retry succeeded - NOT a leak"
L05499,DECOY_RETRIED_PAYMENT,O002070,INV-0001964,0.0,0,"failed first, retry succeeded - NOT a leak"
L05500,DECOY_RETRIED_PAYMENT,O011932,INV-0011303,0.0,0,"failed first, retry succeeded - NOT a leak"
L05501,DECOY_RETRIED_PAYMENT,O007368,INV-0006988,0.0,0,"failed first, retry succeeded - NOT a leak"
L05502,DECOY_RETRIED_PAYMENT,O029154,INV-0027649,0.0,0,"failed first, retry succeeded - NOT a leak"
L05503,DECOY_RETRIED_PAYMENT,O046292,INV-0043915,0.0,0,"failed first, retry succeeded - NOT a leak"
L05504,DECOY_RETRIED_PAYMENT,O018824,INV-0017872,0.0,0,"failed first, retry succeeded - NOT a leak"
L05505,DECOY_RETRIED_PAYMENT,O003564,INV-0003377,0.0,0,"failed first, retry succeeded - NOT a leak"
L05506,DECOY_RETRIED_PAYMENT,O012100,INV-0011465,0.0,0,"failed first, retry succeeded - NOT a leak"
L05507,DECOY_RETRIED_PAYMENT,O037926,INV-0035938,0.0,0,"failed first, retry succeeded - NOT a leak"
L05508,DECOY_RETRIED_PAYMENT,O043205,INV-0040957,0.0,0,"failed first, retry succeeded - NOT a leak"
L05509,DECOY_RETRIED_PAYMENT,O048707,INV-0046213,0.0,0,"failed first, retry succeeded - NOT a leak"
L05510,DECOY_RETRIED_PAYMENT,O001999,INV-0001899,0.0,0,"failed first, retry succeeded - NOT a leak"
L05511,DECOY_RETRIED_PAYMENT,O042873,INV-0040642,0.0,0,"failed first, retry succeeded - NOT a leak"
L05512,DECOY_RETRIED_PAYMENT,O019234,INV-0018258,0.0,0,"failed first, retry succeeded - NOT a leak"
L05513,DECOY_RETRIED_PAYMENT,O009400,INV-0008898,0.0,0,"failed first, retry succeeded - NOT a leak"
L05514,DECOY_RETRIED_PAYMENT,O009977,INV-0009452,0.0,0,"failed first, retry succeeded - NOT a leak"
L05515,DECOY_RETRIED_PAYMENT,O009444,INV-0008939,0.0,0,"failed first, retry succeeded - NOT a leak"
L05516,DECOY_RETRIED_PAYMENT,O010829,INV-0010257,0.0,0,"failed first, retry succeeded - NOT a leak"
L05517,DECOY_RETRIED_PAYMENT,O031561,INV-0029913,0.0,0,"failed first, retry succeeded - NOT a leak"
L05518,DECOY_RETRIED_PAYMENT,O045177,INV-0042847,0.0,0,"failed first, retry succeeded - NOT a leak"
L05519,DECOY_RETRIED_PAYMENT,O025924,INV-0024592,0.0,0,"failed first, retry succeeded - NOT a leak"
L05520,DECOY_RETRIED_PAYMENT,O039186,INV-0037128,0.0,0,"failed first, retry succeeded - NOT a leak"
L05521,DECOY_RETRIED_PAYMENT,O000897,INV-0000855,0.0,0,"failed first, retry succeeded - NOT a leak"
L05522,DECOY_RETRIED_PAYMENT,O012734,INV-0012068,0.0,0,"failed first, retry succeeded - NOT a leak"
L05523,DECOY_RETRIED_PAYMENT,O026875,INV-0025491,0.0,0,"failed first, retry succeeded - NOT a leak"
L05524,DECOY_RETRIED_PAYMENT,O048904,INV-0046402,0.0,0,"failed first, retry succeeded - NOT a leak"
L05525,DECOY_RETRIED_PAYMENT,O027600,INV-0026166,0.0,0,"failed first, retry succeeded - NOT a leak"
L05526,DECOY_RETRIED_PAYMENT,O009325,INV-0008827,0.0,0,"failed first, retry succeeded - NOT a leak"
L05527,DECOY_RETRIED_PAYMENT,O037516,INV-0035553,0.0,0,"failed first, retry succeeded - NOT a leak"
L05528,DECOY_RETRIED_PAYMENT,O049301,INV-0046782,0.0,0,"failed first, retry succeeded - NOT a leak"
L05529,DECOY_RETRIED_PAYMENT,O036015,INV-0034133,0.0,0,"failed first, retry succeeded - NOT a leak"
L05530,DECOY_RETRIED_PAYMENT,O005069,INV-0004801,0.0,0,"failed first, retry succeeded - NOT a leak"
L05531,DECOY_RETRIED_PAYMENT,O016806,INV-0015946,0.0,0,"failed first, retry succeeded - NOT a leak"
L05532,DECOY_RETRIED_PAYMENT,O026566,INV-0025198,0.0,0,"failed first, retry succeeded - NOT a leak"
L05533,DECOY_RETRIED_PAYMENT,O017204,INV-0016330,0.0,0,"failed first, retry succeeded - NOT a leak"
L05534,DECOY_RETRIED_PAYMENT,O002809,INV-0002666,0.0,0,"failed first, retry succeeded - NOT a leak"
L05535,DECOY_RETRIED_PAYMENT,O025593,INV-0024276,0.0,0,"failed first, retry succeeded - NOT a leak"
L05536,DECOY_RETRIED_PAYMENT,O019549,INV-0018558,0.0,0,"failed first, retry succeeded - NOT a leak"
L05537,DECOY_RETRIED_PAYMENT,O011964,INV-0011335,0.0,0,"failed first, retry succeeded - NOT a leak"
L05538,DECOY_RETRIED_PAYMENT,O040664,INV-0038546,0.0,0,"failed first, retry succeeded - NOT a leak"
L05539,DECOY_RETRIED_PAYMENT,O021623,INV-0020514,0.0,0,"failed first, retry succeeded - NOT a leak"
L05540,DECOY_RETRIED_PAYMENT,O009938,INV-0009415,0.0,0,"failed first, retry succeeded - NOT a leak"
L05541,DECOY_RETRIED_PAYMENT,O008680,INV-0008216,0.0,0,"failed first, retry succeeded - NOT a leak"
L05542,DECOY_RETRIED_PAYMENT,O046717,INV-0044321,0.0,0,"failed first, retry succeeded - NOT a leak"
L05543,DECOY_RETRIED_PAYMENT,O007449,INV-0007065,0.0,0,"failed first, retry succeeded - NOT a leak"
L05544,DECOY_RETRIED_PAYMENT,O040916,INV-0038784,0.0,0,"failed first, retry succeeded - NOT a leak"
L05545,DECOY_RETRIED_PAYMENT,O022319,INV-0021180,0.0,0,"failed first, retry succeeded - NOT a leak"
L05546,DECOY_RETRIED_PAYMENT,O024336,INV-0023084,0.0,0,"failed first, retry succeeded - NOT a leak"
L05547,DECOY_RETRIED_PAYMENT,O010150,INV-0009614,0.0,0,"failed first, retry succeeded - NOT a leak"
L05548,DECOY_RETRIED_PAYMENT,O046879,INV-0044471,0.0,0,"failed first, retry succeeded - NOT a leak"
L05549,DECOY_RETRIED_PAYMENT,O003949,INV-0003745,0.0,0,"failed first, retry succeeded - NOT a leak"
L05550,DECOY_RETRIED_PAYMENT,O038982,INV-0036933,0.0,0,"failed first, retry succeeded - NOT a leak"
L05551,DECOY_RETRIED_PAYMENT,O011858,INV-0011231,0.0,0,"failed first, retry succeeded - NOT a leak"
L05552,DECOY_RETRIED_PAYMENT,O044323,INV-0042030,0.0,0,"failed first, retry succeeded - NOT a leak"
L05553,DECOY_RETRIED_PAYMENT,O002446,INV-0002317,0.0,0,"failed first, retry succeeded - NOT a leak"
L05554,DECOY_RETRIED_PAYMENT,O015325,INV-0014536,0.0,0,"failed first, retry succeeded - NOT a leak"
L05555,DECOY_RETRIED_PAYMENT,O032997,INV-0031272,0.0,0,"failed first, retry succeeded - NOT a leak"
L05556,DECOY_RETRIED_PAYMENT,O036987,INV-0035054,0.0,0,"failed first, retry succeeded - NOT a leak"
L05557,DECOY_RETRIED_PAYMENT,O013979,INV-0013262,0.0,0,"failed first, retry succeeded - NOT a leak"
L05558,DECOY_RETRIED_PAYMENT,O032969,INV-0031247,0.0,0,"failed first, retry succeeded - NOT a leak"
L05559,DECOY_RETRIED_PAYMENT,O035276,INV-0033443,0.0,0,"failed first, retry succeeded - NOT a leak"
L05560,DECOY_RETRIED_PAYMENT,O021871,INV-0020754,0.0,0,"failed first, retry succeeded - NOT a leak"
L05561,DECOY_RETRIED_PAYMENT,O048516,INV-0046032,0.0,0,"failed first, retry succeeded - NOT a leak"
L05562,DECOY_RETRIED_PAYMENT,O032411,INV-0030724,0.0,0,"failed first, retry succeeded - NOT a leak"
L05563,DECOY_RETRIED_PAYMENT,O009898,INV-0009377,0.0,0,"failed first, retry succeeded - NOT a leak"
L05564,DECOY_RETRIED_PAYMENT,O002444,INV-0002315,0.0,0,"failed first, retry succeeded - NOT a leak"
L05565,DECOY_RETRIED_PAYMENT,O020767,INV-0019709,0.0,0,"failed first, retry succeeded - NOT a leak"
L05566,DECOY_RETRIED_PAYMENT,O008373,INV-0007924,0.0,0,"failed first, retry succeeded - NOT a leak"
L05567,DECOY_RETRIED_PAYMENT,O041943,INV-0039750,0.0,0,"failed first, retry succeeded - NOT a leak"
L05568,DECOY_RETRIED_PAYMENT,O015825,INV-0015018,0.0,0,"failed first, retry succeeded - NOT a leak"
L05569,DECOY_RETRIED_PAYMENT,O016109,INV-0015290,0.0,0,"failed first, retry succeeded - NOT a leak"
L05570,DECOY_RETRIED_PAYMENT,O036924,INV-0034993,0.0,0,"failed first, retry succeeded - NOT a leak"
L05571,DECOY_RETRIED_PAYMENT,O002268,INV-0002150,0.0,0,"failed first, retry succeeded - NOT a leak"
L05572,DECOY_RETRIED_PAYMENT,O040750,INV-0038626,0.0,0,"failed first, retry succeeded - NOT a leak"
L05573,DECOY_RETRIED_PAYMENT,O036573,INV-0034658,0.0,0,"failed first, retry succeeded - NOT a leak"
L05574,DECOY_RETRIED_PAYMENT,O033989,INV-0032213,0.0,0,"failed first, retry succeeded - NOT a leak"
L05575,DECOY_RETRIED_PAYMENT,O009873,INV-0009352,0.0,0,"failed first, retry succeeded - NOT a leak"
L05576,DECOY_RETRIED_PAYMENT,O019748,INV-0018746,0.0,0,"failed first, retry succeeded - NOT a leak"
L05577,DECOY_RETRIED_PAYMENT,O048435,INV-0045956,0.0,0,"failed first, retry succeeded - NOT a leak"
L05578,DECOY_RETRIED_PAYMENT,O015273,INV-0014486,0.0,0,"failed first, retry succeeded - NOT a leak"
L05579,DECOY_RETRIED_PAYMENT,O034493,INV-0032695,0.0,0,"failed first, retry succeeded - NOT a leak"
L05580,DECOY_RETRIED_PAYMENT,O007029,INV-0006667,0.0,0,"failed first, retry succeeded - NOT a leak"
L05581,DECOY_RETRIED_PAYMENT,O041284,INV-0039125,0.0,0,"failed first, retry succeeded - NOT a leak"
L05582,DECOY_RETRIED_PAYMENT,O033340,INV-0031594,0.0,0,"failed first, retry succeeded - NOT a leak"
L05583,DECOY_RETRIED_PAYMENT,O012295,INV-0011650,0.0,0,"failed first, retry succeeded - NOT a leak"
L05584,DECOY_RETRIED_PAYMENT,O008850,INV-0008376,0.0,0,"failed first, retry succeeded - NOT a leak"
L05585,DECOY_RETRIED_PAYMENT,O002372,INV-0002249,0.0,0,"failed first, retry succeeded - NOT a leak"
L05586,DECOY_RETRIED_PAYMENT,O033171,INV-0031437,0.0,0,"failed first, retry succeeded - NOT a leak"
L05587,DECOY_RETRIED_PAYMENT,O029896,INV-0028344,0.0,0,"failed first, retry succeeded - NOT a leak"
L05588,DECOY_RETRIED_PAYMENT,O009992,INV-0009466,0.0,0,"failed first, retry succeeded - NOT a leak"
L05589,DECOY_RETRIED_PAYMENT,O022224,INV-0021091,0.0,0,"failed first, retry succeeded - NOT a leak"
L05590,DECOY_RETRIED_PAYMENT,O006240,INV-0005916,0.0,0,"failed first, retry succeeded - NOT a leak"
L05591,DECOY_RETRIED_PAYMENT,O029859,INV-0028308,0.0,0,"failed first, retry succeeded - NOT a leak"
L05592,DECOY_RETRIED_PAYMENT,O028340,INV-0026875,0.0,0,"failed first, retry succeeded - NOT a leak"
L05593,DECOY_RETRIED_PAYMENT,O017791,INV-0016889,0.0,0,"failed first, retry succeeded - NOT a leak"
L05594,DECOY_RETRIED_PAYMENT,O022426,INV-0021282,0.0,0,"failed first, retry succeeded - NOT a leak"
L05595,DECOY_RETRIED_PAYMENT,O003713,INV-0003523,0.0,0,"failed first, retry succeeded - NOT a leak"
L05596,DECOY_RETRIED_PAYMENT,O013694,INV-0012994,0.0,0,"failed first, retry succeeded - NOT a leak"
L05597,DECOY_RETRIED_PAYMENT,O037507,INV-0035545,0.0,0,"failed first, retry succeeded - NOT a leak"
L05598,DECOY_RETRIED_PAYMENT,O046161,INV-0043788,0.0,0,"failed first, retry succeeded - NOT a leak"
L05599,DECOY_RETRIED_PAYMENT,O034576,INV-0032774,0.0,0,"failed first, retry succeeded - NOT a leak"
L05600,DECOY_RETRIED_PAYMENT,O007720,INV-0007315,0.0,0,"failed first, retry succeeded - NOT a leak"
L05601,DECOY_RETRIED_PAYMENT,O021850,INV-0020733,0.0,0,"failed first, retry succeeded - NOT a leak"
L05602,DECOY_RETRIED_PAYMENT,O025408,INV-0024098,0.0,0,"failed first, retry succeeded - NOT a leak"
L05603,DECOY_RETRIED_PAYMENT,O011810,INV-0011186,0.0,0,"failed first, retry succeeded - NOT a leak"
L05604,DECOY_RETRIED_PAYMENT,O023395,INV-0022198,0.0,0,"failed first, retry succeeded - NOT a leak"
L05605,DECOY_RETRIED_PAYMENT,O013333,INV-0012642,0.0,0,"failed first, retry succeeded - NOT a leak"
L05606,DECOY_RETRIED_PAYMENT,O038481,INV-0036454,0.0,0,"failed first, retry succeeded - NOT a leak"
L05607,DECOY_RETRIED_PAYMENT,O011644,INV-0011032,0.0,0,"failed first, retry succeeded - NOT a leak"
L05608,DECOY_RETRIED_PAYMENT,O044491,INV-0042192,0.0,0,"failed first, retry succeeded - NOT a leak"
L05609,DECOY_RETRIED_PAYMENT,O001703,INV-0001621,0.0,0,"failed first, retry succeeded - NOT a leak"
L05610,DECOY_RETRIED_PAYMENT,O023829,INV-0022605,0.0,0,"failed first, retry succeeded - NOT a leak"
L05611,DECOY_RETRIED_PAYMENT,O004578,INV-0004337,0.0,0,"failed first, retry succeeded - NOT a leak"
L05612,DECOY_RETRIED_PAYMENT,O009983,INV-0009457,0.0,0,"failed first, retry succeeded - NOT a leak"
L05613,DECOY_RETRIED_PAYMENT,O023938,INV-0022711,0.0,0,"failed first, retry succeeded - NOT a leak"
L05614,DECOY_RETRIED_PAYMENT,O011328,INV-0010732,0.0,0,"failed first, retry succeeded - NOT a leak"
L05615,DECOY_RETRIED_PAYMENT,O049520,INV-0046989,0.0,0,"failed first, retry succeeded - NOT a leak"
L05616,DECOY_RETRIED_PAYMENT,O037171,INV-0035232,0.0,0,"failed first, retry succeeded - NOT a leak"
L05617,DECOY_RETRIED_PAYMENT,O006692,INV-0006348,0.0,0,"failed first, retry succeeded - NOT a leak"
L05618,DECOY_RETRIED_PAYMENT,O032487,INV-0030789,0.0,0,"failed first, retry succeeded - NOT a leak"
L05619,DECOY_RETRIED_PAYMENT,O043008,INV-0040772,0.0,0,"failed first, retry succeeded - NOT a leak"
L05620,DECOY_RETRIED_PAYMENT,O026794,INV-0025414,0.0,0,"failed first, retry succeeded - NOT a leak"
L05621,DECOY_RETRIED_PAYMENT,O041220,INV-0039067,0.0,0,"failed first, retry succeeded - NOT a leak"
L05622,DECOY_RETRIED_PAYMENT,O006401,INV-0006068,0.0,0,"failed first, retry succeeded - NOT a leak"
L05623,DECOY_RETRIED_PAYMENT,O016009,INV-0015194,0.0,0,"failed first, retry succeeded - NOT a leak"
L05624,DECOY_RETRIED_PAYMENT,O023879,INV-0022653,0.0,0,"failed first, retry succeeded - NOT a leak"
L05625,DECOY_RETRIED_PAYMENT,O012155,INV-0011519,0.0,0,"failed first, retry succeeded - NOT a leak"
L05626,DECOY_RETRIED_PAYMENT,O019593,INV-0018598,0.0,0,"failed first, retry succeeded - NOT a leak"
L05627,DECOY_RETRIED_PAYMENT,O025696,INV-0024377,0.0,0,"failed first, retry succeeded - NOT a leak"
L05628,DECOY_RETRIED_PAYMENT,O034904,INV-0033084,0.0,0,"failed first, retry succeeded - NOT a leak"
L05629,DECOY_RETRIED_PAYMENT,O029320,INV-0027808,0.0,0,"failed first, retry succeeded - NOT a leak"
L05630,DECOY_RETRIED_PAYMENT,O011602,INV-0010994,0.0,0,"failed first, retry succeeded - NOT a leak"
L05631,DECOY_RETRIED_PAYMENT,O047279,INV-0044855,0.0,0,"failed first, retry succeeded - NOT a leak"
L05632,DECOY_RETRIED_PAYMENT,O049372,INV-0046848,0.0,0,"failed first, retry succeeded - NOT a leak"
L05633,DECOY_RETRIED_PAYMENT,O001755,INV-0001667,0.0,0,"failed first, retry succeeded - NOT a leak"
L05634,DECOY_RETRIED_PAYMENT,O046682,INV-0044290,0.0,0,"failed first, retry succeeded - NOT a leak"
L05635,DECOY_RETRIED_PAYMENT,O021782,INV-0020668,0.0,0,"failed first, retry succeeded - NOT a leak"
L05636,DECOY_RETRIED_PAYMENT,O008251,INV-0007811,0.0,0,"failed first, retry succeeded - NOT a leak"
L05637,DECOY_RETRIED_PAYMENT,O009541,INV-0009034,0.0,0,"failed first, retry succeeded - NOT a leak"
L05638,DECOY_RETRIED_PAYMENT,O014896,INV-0014126,0.0,0,"failed first, retry succeeded - NOT a leak"
L05639,DECOY_RETRIED_PAYMENT,O033295,INV-0031553,0.0,0,"failed first, retry succeeded - NOT a leak"
L05640,DECOY_RETRIED_PAYMENT,O004284,INV-0004058,0.0,0,"failed first, retry succeeded - NOT a leak"
L05641,DECOY_RETRIED_PAYMENT,O045972,INV-0043606,0.0,0,"failed first, retry succeeded - NOT a leak"
L05642,DECOY_RETRIED_PAYMENT,O022768,INV-0021601,0.0,0,"failed first, retry succeeded - NOT a leak"
L05643,DECOY_RETRIED_PAYMENT,O033847,INV-0032078,0.0,0,"failed first, retry succeeded - NOT a leak"
L05644,DECOY_RETRIED_PAYMENT,O046792,INV-0044390,0.0,0,"failed first, retry succeeded - NOT a leak"
L05645,DECOY_RETRIED_PAYMENT,O036394,INV-0034490,0.0,0,"failed first, retry succeeded - NOT a leak"
L05646,DECOY_RETRIED_PAYMENT,O029642,INV-0028112,0.0,0,"failed first, retry succeeded - NOT a leak"
L05647,DECOY_RETRIED_PAYMENT,O041539,INV-0039368,0.0,0,"failed first, retry succeeded - NOT a leak"
L05648,DECOY_RETRIED_PAYMENT,O040947,INV-0038813,0.0,0,"failed first, retry succeeded - NOT a leak"
L05649,DECOY_RETRIED_PAYMENT,O018311,INV-0017382,0.0,0,"failed first, retry succeeded - NOT a leak"
L05650,DECOY_RETRIED_PAYMENT,O023898,INV-0022671,0.0,0,"failed first, retry succeeded - NOT a leak"
L05651,DECOY_RETRIED_PAYMENT,O006955,INV-0006597,0.0,0,"failed first, retry succeeded - NOT a leak"
L05652,DECOY_RETRIED_PAYMENT,O042202,INV-0040000,0.0,0,"failed first, retry succeeded - NOT a leak"
L05653,DECOY_RETRIED_PAYMENT,O010825,INV-0010254,0.0,0,"failed first, retry succeeded - NOT a leak"
L05654,DECOY_RETRIED_PAYMENT,O005909,INV-0005601,0.0,0,"failed first, retry succeeded - NOT a leak"
L05655,DECOY_RETRIED_PAYMENT,O026114,INV-0024772,0.0,0,"failed first, retry succeeded - NOT a leak"
L05656,DECOY_RETRIED_PAYMENT,O005379,INV-0005092,0.0,0,"failed first, retry succeeded - NOT a leak"
L05657,DECOY_RETRIED_PAYMENT,O011986,INV-0011356,0.0,0,"failed first, retry succeeded - NOT a leak"
L05658,DECOY_RETRIED_PAYMENT,O007380,INV-0007000,0.0,0,"failed first, retry succeeded - NOT a leak"
L05659,DECOY_RETRIED_PAYMENT,O035188,INV-0033360,0.0,0,"failed first, retry succeeded - NOT a leak"
L05660,DECOY_RETRIED_PAYMENT,O010789,INV-0010219,0.0,0,"failed first, retry succeeded - NOT a leak"
L05661,DECOY_RETRIED_PAYMENT,O008539,INV-0008083,0.0,0,"failed first, retry succeeded - NOT a leak"
L05662,DECOY_RETRIED_PAYMENT,O018562,INV-0017623,0.0,0,"failed first, retry succeeded - NOT a leak"
L05663,DECOY_RETRIED_PAYMENT,O047932,INV-0045478,0.0,0,"failed first, retry succeeded - NOT a leak"
L05664,DECOY_RETRIED_PAYMENT,O027810,INV-0026367,0.0,0,"failed first, retry succeeded - NOT a leak"
L05665,DECOY_RETRIED_PAYMENT,O046064,INV-0043696,0.0,0,"failed first, retry succeeded - NOT a leak"
L05666,DECOY_RETRIED_PAYMENT,O048901,INV-0046400,0.0,0,"failed first, retry succeeded - NOT a leak"
L05667,DECOY_RETRIED_PAYMENT,O045577,INV-0043226,0.0,0,"failed first, retry succeeded - NOT a leak"
L05668,DECOY_RETRIED_PAYMENT,O030249,INV-0028678,0.0,0,"failed first, retry succeeded - NOT a leak"
L05669,DECOY_RETRIED_PAYMENT,O038428,INV-0036406,0.0,0,"failed first, retry succeeded - NOT a leak"
L05670,DECOY_RETRIED_PAYMENT,O042313,INV-0040105,0.0,0,"failed first, retry succeeded - NOT a leak"
L05671,DECOY_RETRIED_PAYMENT,O019600,INV-0018604,0.0,0,"failed first, retry succeeded - NOT a leak"
L05672,DECOY_RETRIED_PAYMENT,O020161,INV-0019132,0.0,0,"failed first, retry succeeded - NOT a leak"
L05673,DECOY_RETRIED_PAYMENT,O023604,INV-0022393,0.0,0,"failed first, retry succeeded - NOT a leak"
L05674,DECOY_RETRIED_PAYMENT,O008789,INV-0008320,0.0,0,"failed first, retry succeeded - NOT a leak"
L05675,DECOY_RETRIED_PAYMENT,O040722,INV-0038598,0.0,0,"failed first, retry succeeded - NOT a leak"
L05676,DECOY_RETRIED_PAYMENT,O014437,INV-0013693,0.0,0,"failed first, retry succeeded - NOT a leak"
L05677,DECOY_RETRIED_PAYMENT,O019649,INV-0018653,0.0,0,"failed first, retry succeeded - NOT a leak"
L05678,DECOY_RETRIED_PAYMENT,O016496,INV-0015651,0.0,0,"failed first, retry succeeded - NOT a leak"
L05679,DECOY_RETRIED_PAYMENT,O012519,INV-0011863,0.0,0,"failed first, retry succeeded - NOT a leak"
L05680,DECOY_RETRIED_PAYMENT,O045701,INV-0043346,0.0,0,"failed first, retry succeeded - NOT a leak"
L05681,DECOY_RETRIED_PAYMENT,O042378,INV-0040168,0.0,0,"failed first, retry succeeded - NOT a leak"
L05682,DECOY_RETRIED_PAYMENT,O034916,INV-0033096,0.0,0,"failed first, retry succeeded - NOT a leak"
L05683,DECOY_RETRIED_PAYMENT,O006011,INV-0005696,0.0,0,"failed first, retry succeeded - NOT a leak"
L05684,DECOY_RETRIED_PAYMENT,O005700,INV-0005401,0.0,0,"failed first, retry succeeded - NOT a leak"
L05685,DECOY_RETRIED_PAYMENT,O026437,INV-0025075,0.0,0,"failed first, retry succeeded - NOT a leak"
L05686,DECOY_RETRIED_PAYMENT,O020323,INV-0019283,0.0,0,"failed first, retry succeeded - NOT a leak"
L05687,DECOY_RETRIED_PAYMENT,O046694,INV-0044300,0.0,0,"failed first, retry succeeded - NOT a leak"
L05688,DECOY_RETRIED_PAYMENT,O028656,INV-0027175,0.0,0,"failed first, retry succeeded - NOT a leak"
L05689,DECOY_RETRIED_PAYMENT,O042566,INV-0040347,0.0,0,"failed first, retry succeeded - NOT a leak"
L05690,DECOY_RETRIED_PAYMENT,O048661,INV-0046167,0.0,0,"failed first, retry succeeded - NOT a leak"
L05691,DECOY_RETRIED_PAYMENT,O007723,INV-0007318,0.0,0,"failed first, retry succeeded - NOT a leak"
L05692,DECOY_RETRIED_PAYMENT,O005534,INV-0005243,0.0,0,"failed first, retry succeeded - NOT a leak"
L05693,DECOY_RETRIED_PAYMENT,O044383,INV-0042089,0.0,0,"failed first, retry succeeded - NOT a leak"
L05694,DECOY_RETRIED_PAYMENT,O004623,INV-0004380,0.0,0,"failed first, retry succeeded - NOT a leak"
L05695,DECOY_RETRIED_PAYMENT,O043557,INV-0041298,0.0,0,"failed first, retry succeeded - NOT a leak"
L05696,DECOY_RETRIED_PAYMENT,O013976,INV-0013259,0.0,0,"failed first, retry succeeded - NOT a leak"
L05697,DECOY_RETRIED_PAYMENT,O018463,INV-0017527,0.0,0,"failed first, retry succeeded - NOT a leak"
L05698,DECOY_RETRIED_PAYMENT,O005374,INV-0005087,0.0,0,"failed first, retry succeeded - NOT a leak"
L05699,DECOY_RETRIED_PAYMENT,O021256,INV-0020165,0.0,0,"failed first, retry succeeded - NOT a leak"
L05700,DECOY_RETRIED_PAYMENT,O034906,INV-0033086,0.0,0,"failed first, retry succeeded - NOT a leak"
L05701,DECOY_RETRIED_PAYMENT,O032765,INV-0031054,0.0,0,"failed first, retry succeeded - NOT a leak"
L05702,DECOY_RETRIED_PAYMENT,O038999,INV-0036949,0.0,0,"failed first, retry succeeded - NOT a leak"
L05703,DECOY_RETRIED_PAYMENT,O048039,INV-0045574,0.0,0,"failed first, retry succeeded - NOT a leak"
L05704,DECOY_RETRIED_PAYMENT,O031395,INV-0029757,0.0,0,"failed first, retry succeeded - NOT a leak"
L05705,DECOY_RETRIED_PAYMENT,O012956,INV-0012283,0.0,0,"failed first, retry succeeded - NOT a leak"
L05706,DECOY_RETRIED_PAYMENT,O019095,INV-0018129,0.0,0,"failed first, retry succeeded - NOT a leak"
L05707,DECOY_RETRIED_PAYMENT,O034892,INV-0033072,0.0,0,"failed first, retry succeeded - NOT a leak"
L05708,DECOY_RETRIED_PAYMENT,O006470,INV-0006135,0.0,0,"failed first, retry succeeded - NOT a leak"
L05709,DECOY_RETRIED_PAYMENT,O001379,INV-0001313,0.0,0,"failed first, retry succeeded - NOT a leak"
L05710,DECOY_RETRIED_PAYMENT,O040296,INV-0038186,0.0,0,"failed first, retry succeeded - NOT a leak"
L05711,DECOY_RETRIED_PAYMENT,O022153,INV-0021023,0.0,0,"failed first, retry succeeded - NOT a leak"
L05712,DECOY_RETRIED_PAYMENT,O029303,INV-0027791,0.0,0,"failed first, retry succeeded - NOT a leak"
L05713,DECOY_RETRIED_PAYMENT,O014049,INV-0013328,0.0,0,"failed first, retry succeeded - NOT a leak"
L05714,DECOY_RETRIED_PAYMENT,O033141,INV-0031408,0.0,0,"failed first, retry succeeded - NOT a leak"
L05715,DECOY_RETRIED_PAYMENT,O049111,INV-0046600,0.0,0,"failed first, retry succeeded - NOT a leak"
L05716,DECOY_RETRIED_PAYMENT,O031522,INV-0029875,0.0,0,"failed first, retry succeeded - NOT a leak"
L05717,DECOY_RETRIED_PAYMENT,O040780,INV-0038654,0.0,0,"failed first, retry succeeded - NOT a leak"
L05718,DECOY_RETRIED_PAYMENT,O019487,INV-0018499,0.0,0,"failed first, retry succeeded - NOT a leak"
L05719,DECOY_RETRIED_PAYMENT,O009780,INV-0009261,0.0,0,"failed first, retry succeeded - NOT a leak"
L05720,DECOY_RETRIED_PAYMENT,O012865,INV-0012195,0.0,0,"failed first, retry succeeded - NOT a leak"
L05721,DECOY_RETRIED_PAYMENT,O010463,INV-0009914,0.0,0,"failed first, retry succeeded - NOT a leak"
L05722,DECOY_RETRIED_PAYMENT,O018665,INV-0017719,0.0,0,"failed first, retry succeeded - NOT a leak"
L05723,DECOY_RETRIED_PAYMENT,O033369,INV-0031621,0.0,0,"failed first, retry succeeded - NOT a leak"
L05724,DECOY_RETRIED_PAYMENT,O003744,INV-0003554,0.0,0,"failed first, retry succeeded - NOT a leak"
L05725,DECOY_RETRIED_PAYMENT,O024868,INV-0023587,0.0,0,"failed first, retry succeeded - NOT a leak"
L05726,DECOY_RETRIED_PAYMENT,O002170,INV-0002056,0.0,0,"failed first, retry succeeded - NOT a leak"
L05727,DECOY_RETRIED_PAYMENT,O035609,INV-0033759,0.0,0,"failed first, retry succeeded - NOT a leak"
L05728,DECOY_RETRIED_PAYMENT,O034174,INV-0032392,0.0,0,"failed first, retry succeeded - NOT a leak"
L05729,DECOY_RETRIED_PAYMENT,O012681,INV-0012018,0.0,0,"failed first, retry succeeded - NOT a leak"
L05730,DECOY_RETRIED_PAYMENT,O046739,INV-0044341,0.0,0,"failed first, retry succeeded - NOT a leak"
L05731,DECOY_RETRIED_PAYMENT,O015054,INV-0014278,0.0,0,"failed first, retry succeeded - NOT a leak"
L05732,DECOY_RETRIED_PAYMENT,O000446,INV-0000424,0.0,0,"failed first, retry succeeded - NOT a leak"
L05733,DECOY_RETRIED_PAYMENT,O027074,INV-0025680,0.0,0,"failed first, retry succeeded - NOT a leak"
L05734,DECOY_RETRIED_PAYMENT,O018605,INV-0017663,0.0,0,"failed first, retry succeeded - NOT a leak"
L05735,DECOY_RETRIED_PAYMENT,O019851,INV-0018844,0.0,0,"failed first, retry succeeded - NOT a leak"
L05736,DECOY_RETRIED_PAYMENT,O036712,INV-0034791,0.0,0,"failed first, retry succeeded - NOT a leak"
L05737,DECOY_RETRIED_PAYMENT,O026855,INV-0025473,0.0,0,"failed first, retry succeeded - NOT a leak"
L05738,DECOY_RETRIED_PAYMENT,O040301,INV-0038191,0.0,0,"failed first, retry succeeded - NOT a leak"
L05739,DECOY_RETRIED_PAYMENT,O025277,INV-0023977,0.0,0,"failed first, retry succeeded - NOT a leak"
L05740,DECOY_RETRIED_PAYMENT,O048697,INV-0046203,0.0,0,"failed first, retry succeeded - NOT a leak"
L05741,DECOY_RETRIED_PAYMENT,O005050,INV-0004783,0.0,0,"failed first, retry succeeded - NOT a leak"
L05742,DECOY_RETRIED_PAYMENT,O021329,INV-0020233,0.0,0,"failed first, retry succeeded - NOT a leak"
L05743,DECOY_RETRIED_PAYMENT,O009590,INV-0009083,0.0,0,"failed first, retry succeeded - NOT a leak"
L05744,DECOY_RETRIED_PAYMENT,O000149,INV-0000139,0.0,0,"failed first, retry succeeded - NOT a leak"
L05745,DECOY_RETRIED_PAYMENT,O024637,INV-0023369,0.0,0,"failed first, retry succeeded - NOT a leak"
L05746,DECOY_RETRIED_PAYMENT,O038993,INV-0036944,0.0,0,"failed first, retry succeeded - NOT a leak"
L05747,DECOY_RETRIED_PAYMENT,O011391,INV-0010792,0.0,0,"failed first, retry succeeded - NOT a leak"
L05748,DECOY_RETRIED_PAYMENT,O048672,INV-0046178,0.0,0,"failed first, retry succeeded - NOT a leak"
L05749,DECOY_RETRIED_PAYMENT,O042564,INV-0040345,0.0,0,"failed first, retry succeeded - NOT a leak"
L05750,DECOY_RETRIED_PAYMENT,O003777,INV-0003586,0.0,0,"failed first, retry succeeded - NOT a leak"
L05751,DECOY_RETRIED_PAYMENT,O032151,INV-0030472,0.0,0,"failed first, retry succeeded - NOT a leak"
L05752,DECOY_RETRIED_PAYMENT,O037542,INV-0035577,0.0,0,"failed first, retry succeeded - NOT a leak"
L05753,DECOY_RETRIED_PAYMENT,O043068,INV-0040828,0.0,0,"failed first, retry succeeded - NOT a leak"
L05754,DECOY_RETRIED_PAYMENT,O002392,INV-0002268,0.0,0,"failed first, retry succeeded - NOT a leak"
L05755,DECOY_RETRIED_PAYMENT,O004005,INV-0003799,0.0,0,"failed first, retry succeeded - NOT a leak"
L05756,DECOY_RETRIED_PAYMENT,O029039,INV-0027541,0.0,0,"failed first, retry succeeded - NOT a leak"
L05757,DECOY_RETRIED_PAYMENT,O040098,INV-0038002,0.0,0,"failed first, retry succeeded - NOT a leak"
L05758,DECOY_RETRIED_PAYMENT,O027917,INV-0026468,0.0,0,"failed first, retry succeeded - NOT a leak"
L05759,DECOY_RETRIED_PAYMENT,O014832,INV-0014065,0.0,0,"failed first, retry succeeded - NOT a leak"
L05760,DECOY_RETRIED_PAYMENT,O013974,INV-0013257,0.0,0,"failed first, retry succeeded - NOT a leak"
L05761,DECOY_RETRIED_PAYMENT,O030664,INV-0029068,0.0,0,"failed first, retry succeeded - NOT a leak"
L05762,DECOY_RETRIED_PAYMENT,O000510,INV-0000484,0.0,0,"failed first, retry succeeded - NOT a leak"
L05763,DECOY_RETRIED_PAYMENT,O037914,INV-0035927,0.0,0,"failed first, retry succeeded - NOT a leak"
L05764,DECOY_RETRIED_PAYMENT,O027804,INV-0026361,0.0,0,"failed first, retry succeeded - NOT a leak"
L05765,DECOY_RETRIED_PAYMENT,O020006,INV-0018990,0.0,0,"failed first, retry succeeded - NOT a leak"
L05766,DECOY_RETRIED_PAYMENT,O022595,INV-0021441,0.0,0,"failed first, retry succeeded - NOT a leak"
L05767,DECOY_RETRIED_PAYMENT,O003717,INV-0003527,0.0,0,"failed first, retry succeeded - NOT a leak"
L05768,DECOY_RETRIED_PAYMENT,O004453,INV-0004222,0.0,0,"failed first, retry succeeded - NOT a leak"
L05769,DECOY_RETRIED_PAYMENT,O047059,INV-0044646,0.0,0,"failed first, retry succeeded - NOT a leak"
L05770,DECOY_RETRIED_PAYMENT,O013819,INV-0013113,0.0,0,"failed first, retry succeeded - NOT a leak"
L05771,DECOY_RETRIED_PAYMENT,O007527,INV-0007137,0.0,0,"failed first, retry succeeded - NOT a leak"
L05772,DECOY_RETRIED_PAYMENT,O021197,INV-0020109,0.0,0,"failed first, retry succeeded - NOT a leak"
L05773,DECOY_RETRIED_PAYMENT,O023696,INV-0022478,0.0,0,"failed first, retry succeeded - NOT a leak"
L05774,DECOY_RETRIED_PAYMENT,O022572,INV-0021420,0.0,0,"failed first, retry succeeded - NOT a leak"
L05775,DECOY_RETRIED_PAYMENT,O007879,INV-0007468,0.0,0,"failed first, retry succeeded - NOT a leak"
L05776,DECOY_RETRIED_PAYMENT,O014645,INV-0013887,0.0,0,"failed first, retry succeeded - NOT a leak"
L05777,DECOY_RETRIED_PAYMENT,O011058,INV-0010473,0.0,0,"failed first, retry succeeded - NOT a leak"
L05778,DECOY_RETRIED_PAYMENT,O005622,INV-0005326,0.0,0,"failed first, retry succeeded - NOT a leak"
L05779,DECOY_RETRIED_PAYMENT,O004557,INV-0004317,0.0,0,"failed first, retry succeeded - NOT a leak"
L05780,DECOY_RETRIED_PAYMENT,O038069,INV-0036067,0.0,0,"failed first, retry succeeded - NOT a leak"
L05781,DECOY_RETRIED_PAYMENT,O042988,INV-0040752,0.0,0,"failed first, retry succeeded - NOT a leak"
L05782,DECOY_RETRIED_PAYMENT,O035886,INV-0034018,0.0,0,"failed first, retry succeeded - NOT a leak"
L05783,DECOY_RETRIED_PAYMENT,O014176,INV-0013445,0.0,0,"failed first, retry succeeded - NOT a leak"
L05784,DECOY_RETRIED_PAYMENT,O027245,INV-0025835,0.0,0,"failed first, retry succeeded - NOT a leak"
L05785,DECOY_RETRIED_PAYMENT,O015694,INV-0014890,0.0,0,"failed first, retry succeeded - NOT a leak"
L05786,DECOY_RETRIED_PAYMENT,O029651,INV-0028120,0.0,0,"failed first, retry succeeded - NOT a leak"
L05787,DECOY_RETRIED_PAYMENT,O042008,INV-0039813,0.0,0,"failed first, retry succeeded - NOT a leak"
L05788,DECOY_RETRIED_PAYMENT,O011684,INV-0011068,0.0,0,"failed first, retry succeeded - NOT a leak"
L05789,DECOY_RETRIED_PAYMENT,O027548,INV-0026117,0.0,0,"failed first, retry succeeded - NOT a leak"
L05790,DECOY_RETRIED_PAYMENT,O020541,INV-0019493,0.0,0,"failed first, retry succeeded - NOT a leak"
L05791,DECOY_RETRIED_PAYMENT,O029465,INV-0027944,0.0,0,"failed first, retry succeeded - NOT a leak"
L05792,DECOY_RETRIED_PAYMENT,O043572,INV-0041313,0.0,0,"failed first, retry succeeded - NOT a leak"
L05793,DECOY_RETRIED_PAYMENT,O002020,INV-0001919,0.0,0,"failed first, retry succeeded - NOT a leak"
L05794,DECOY_RETRIED_PAYMENT,O047680,INV-0045240,0.0,0,"failed first, retry succeeded - NOT a leak"
L05795,DECOY_RETRIED_PAYMENT,O005647,INV-0005349,0.0,0,"failed first, retry succeeded - NOT a leak"
L05796,DECOY_RETRIED_PAYMENT,O021727,INV-0020614,0.0,0,"failed first, retry succeeded - NOT a leak"
L05797,DECOY_RETRIED_PAYMENT,O028858,INV-0027368,0.0,0,"failed first, retry succeeded - NOT a leak"
L05798,DECOY_RETRIED_PAYMENT,O048910,INV-0046408,0.0,0,"failed first, retry succeeded - NOT a leak"
L05799,DECOY_RETRIED_PAYMENT,O042241,INV-0040035,0.0,0,"failed first, retry succeeded - NOT a leak"
L05800,DECOY_RETRIED_PAYMENT,O020116,INV-0019093,0.0,0,"failed first, retry succeeded - NOT a leak"
L05801,DECOY_RETRIED_PAYMENT,O029123,INV-0027621,0.0,0,"failed first, retry succeeded - NOT a leak"
L05802,DECOY_RETRIED_PAYMENT,O034830,INV-0033012,0.0,0,"failed first, retry succeeded - NOT a leak"
L05803,DECOY_RETRIED_PAYMENT,O012810,INV-0012142,0.0,0,"failed first, retry succeeded - NOT a leak"
L05804,DECOY_RETRIED_PAYMENT,O010072,INV-0009539,0.0,0,"failed first, retry succeeded - NOT a leak"
L05805,DECOY_RETRIED_PAYMENT,O024010,INV-0022778,0.0,0,"failed first, retry succeeded - NOT a leak"
L05806,DECOY_RETRIED_PAYMENT,O031170,INV-0029541,0.0,0,"failed first, retry succeeded - NOT a leak"
L05807,DECOY_RETRIED_PAYMENT,O041968,INV-0039774,0.0,0,"failed first, retry succeeded - NOT a leak"
L05808,DECOY_RETRIED_PAYMENT,O019946,INV-0018933,0.0,0,"failed first, retry succeeded - NOT a leak"
L05809,DECOY_RETRIED_PAYMENT,O021527,INV-0020422,0.0,0,"failed first, retry succeeded - NOT a leak"
L05810,DECOY_RETRIED_PAYMENT,O035163,INV-0033337,0.0,0,"failed first, retry succeeded - NOT a leak"
L05811,DECOY_RETRIED_PAYMENT,O014888,INV-0014119,0.0,0,"failed first, retry succeeded - NOT a leak"
L05812,DECOY_RETRIED_PAYMENT,O040332,INV-0038221,0.0,0,"failed first, retry succeeded - NOT a leak"
L05813,DECOY_RETRIED_PAYMENT,O036902,INV-0034972,0.0,0,"failed first, retry succeeded - NOT a leak"
L05814,DECOY_RETRIED_PAYMENT,O044626,INV-0042321,0.0,0,"failed first, retry succeeded - NOT a leak"
L05815,DECOY_RETRIED_PAYMENT,O026939,INV-0025553,0.0,0,"failed first, retry succeeded - NOT a leak"
L05816,DECOY_RETRIED_PAYMENT,O042095,INV-0039898,0.0,0,"failed first, retry succeeded - NOT a leak"
L05817,DECOY_RETRIED_PAYMENT,O035947,INV-0034072,0.0,0,"failed first, retry succeeded - NOT a leak"
L05818,DECOY_RETRIED_PAYMENT,O047773,INV-0045327,0.0,0,"failed first, retry succeeded - NOT a leak"
L05819,DECOY_RETRIED_PAYMENT,O023951,INV-0022722,0.0,0,"failed first, retry succeeded - NOT a leak"
L05820,DECOY_RETRIED_PAYMENT,O039407,INV-0037342,0.0,0,"failed first, retry succeeded - NOT a leak"
L05821,DECOY_RETRIED_PAYMENT,O012257,INV-0011613,0.0,0,"failed first, retry succeeded - NOT a leak"
L05822,DECOY_RETRIED_PAYMENT,O016384,INV-0015546,0.0,0,"failed first, retry succeeded - NOT a leak"
L05823,DECOY_RETRIED_PAYMENT,O002023,INV-0001922,0.0,0,"failed first, retry succeeded - NOT a leak"
L05824,DECOY_RETRIED_PAYMENT,O025451,INV-0024138,0.0,0,"failed first, retry succeeded - NOT a leak"
L05825,DECOY_RETRIED_PAYMENT,O048701,INV-0046207,0.0,0,"failed first, retry succeeded - NOT a leak"
L05826,DECOY_RETRIED_PAYMENT,O035577,INV-0033728,0.0,0,"failed first, retry succeeded - NOT a leak"
L05827,DECOY_RETRIED_PAYMENT,O002740,INV-0002598,0.0,0,"failed first, retry succeeded - NOT a leak"
L05828,DECOY_RETRIED_PAYMENT,O027104,INV-0025707,0.0,0,"failed first, retry succeeded - NOT a leak"
L05829,DECOY_RETRIED_PAYMENT,O033857,INV-0032088,0.0,0,"failed first, retry succeeded - NOT a leak"
L05830,DECOY_RETRIED_PAYMENT,O009695,INV-0009179,0.0,0,"failed first, retry succeeded - NOT a leak"
L05831,DECOY_RETRIED_PAYMENT,O033328,INV-0031582,0.0,0,"failed first, retry succeeded - NOT a leak"
L05832,DECOY_RETRIED_PAYMENT,O030945,INV-0029327,0.0,0,"failed first, retry succeeded - NOT a leak"
L05833,DECOY_RETRIED_PAYMENT,O034833,INV-0033015,0.0,0,"failed first, retry succeeded - NOT a leak"
L05834,DECOY_RETRIED_PAYMENT,O046680,INV-0044288,0.0,0,"failed first, retry succeeded - NOT a leak"
L05835,DECOY_RETRIED_PAYMENT,O026551,INV-0025185,0.0,0,"failed first, retry succeeded - NOT a leak"
L05836,DECOY_RETRIED_PAYMENT,O043470,INV-0041214,0.0,0,"failed first, retry succeeded - NOT a leak"
L05837,DECOY_RETRIED_PAYMENT,O013310,INV-0012619,0.0,0,"failed first, retry succeeded - NOT a leak"
L05838,DECOY_RETRIED_PAYMENT,O016969,INV-0016101,0.0,0,"failed first, retry succeeded - NOT a leak"
L05839,DECOY_RETRIED_PAYMENT,O013338,INV-0012647,0.0,0,"failed first, retry succeeded - NOT a leak"
L05840,DECOY_RETRIED_PAYMENT,O006511,INV-0006174,0.0,0,"failed first, retry succeeded - NOT a leak"
L05841,DECOY_RETRIED_PAYMENT,O025911,INV-0024580,0.0,0,"failed first, retry succeeded - NOT a leak"
L05842,DECOY_RETRIED_PAYMENT,O021446,INV-0020345,0.0,0,"failed first, retry succeeded - NOT a leak"
L05843,DECOY_RETRIED_PAYMENT,O042700,INV-0040477,0.0,0,"failed first, retry succeeded - NOT a leak"
L05844,DECOY_RETRIED_PAYMENT,O030744,INV-0029142,0.0,0,"failed first, retry succeeded - NOT a leak"
L05845,DECOY_RETRIED_PAYMENT,O049408,INV-0046882,0.0,0,"failed first, retry succeeded - NOT a leak"
L05846,DECOY_RETRIED_PAYMENT,O021597,INV-0020488,0.0,0,"failed first, retry succeeded - NOT a leak"
L05847,DECOY_RETRIED_PAYMENT,O045901,INV-0043538,0.0,0,"failed first, retry succeeded - NOT a leak"
L05848,DECOY_RETRIED_PAYMENT,O027589,INV-0026156,0.0,0,"failed first, retry succeeded - NOT a leak"
L05849,DECOY_RETRIED_PAYMENT,O002695,INV-0002557,0.0,0,"failed first, retry succeeded - NOT a leak"
L05850,DECOY_RETRIED_PAYMENT,O038801,INV-0036761,0.0,0,"failed first, retry succeeded - NOT a leak"
L05851,DECOY_RETRIED_PAYMENT,O044921,INV-0042606,0.0,0,"failed first, retry succeeded - NOT a leak"
L05852,DECOY_RETRIED_PAYMENT,O017315,INV-0016438,0.0,0,"failed first, retry succeeded - NOT a leak"
L05853,DECOY_RETRIED_PAYMENT,O007223,INV-0006849,0.0,0,"failed first, retry succeeded - NOT a leak"
L05854,DECOY_RETRIED_PAYMENT,O030488,INV-0028900,0.0,0,"failed first, retry succeeded - NOT a leak"
L05855,DECOY_RETRIED_PAYMENT,O021164,INV-0020080,0.0,0,"failed first, retry succeeded - NOT a leak"
L05856,DECOY_RETRIED_PAYMENT,O034787,INV-0032970,0.0,0,"failed first, retry succeeded - NOT a leak"
L05857,DECOY_RETRIED_PAYMENT,O008487,INV-0008033,0.0,0,"failed first, retry succeeded - NOT a leak"
L05858,DECOY_RETRIED_PAYMENT,O029078,INV-0027579,0.0,0,"failed first, retry succeeded - NOT a leak"
L05859,DECOY_RETRIED_PAYMENT,O046406,INV-0044026,0.0,0,"failed first, retry succeeded - NOT a leak"
L05860,DECOY_RETRIED_PAYMENT,O028599,INV-0027121,0.0,0,"failed first, retry succeeded - NOT a leak"
L05861,DECOY_RETRIED_PAYMENT,O032337,INV-0030653,0.0,0,"failed first, retry succeeded - NOT a leak"
L05862,DECOY_RETRIED_PAYMENT,O042064,INV-0039867,0.0,0,"failed first, retry succeeded - NOT a leak"
L05863,DECOY_RETRIED_PAYMENT,O013057,INV-0012379,0.0,0,"failed first, retry succeeded - NOT a leak"
L05864,DECOY_RETRIED_PAYMENT,O011721,INV-0011102,0.0,0,"failed first, retry succeeded - NOT a leak"
L05865,DECOY_RETRIED_PAYMENT,O031121,INV-0029492,0.0,0,"failed first, retry succeeded - NOT a leak"
L05866,DECOY_RETRIED_PAYMENT,O042168,INV-0039967,0.0,0,"failed first, retry succeeded - NOT a leak"
L05867,DECOY_RETRIED_PAYMENT,O024431,INV-0023176,0.0,0,"failed first, retry succeeded - NOT a leak"
L05868,DECOY_RETRIED_PAYMENT,O047757,INV-0045314,0.0,0,"failed first, retry succeeded - NOT a leak"
L05869,DECOY_RETRIED_PAYMENT,O009102,INV-0008622,0.0,0,"failed first, retry succeeded - NOT a leak"
L05870,DECOY_RETRIED_PAYMENT,O046737,INV-0044339,0.0,0,"failed first, retry succeeded - NOT a leak"
L05871,DECOY_RETRIED_PAYMENT,O017352,INV-0016473,0.0,0,"failed first, retry succeeded - NOT a leak"
L05872,DECOY_RETRIED_PAYMENT,O009267,INV-0008774,0.0,0,"failed first, retry succeeded - NOT a leak"
L05873,DECOY_RETRIED_PAYMENT,O007882,INV-0007470,0.0,0,"failed first, retry succeeded - NOT a leak"
L05874,DECOY_RETRIED_PAYMENT,O019617,INV-0018621,0.0,0,"failed first, retry succeeded - NOT a leak"
L05875,DECOY_RETRIED_PAYMENT,O022679,INV-0021517,0.0,0,"failed first, retry succeeded - NOT a leak"
L05876,DECOY_RETRIED_PAYMENT,O049325,INV-0046805,0.0,0,"failed first, retry succeeded - NOT a leak"
L05877,DECOY_RETRIED_PAYMENT,O047221,INV-0044800,0.0,0,"failed first, retry succeeded - NOT a leak"
L05878,DECOY_RETRIED_PAYMENT,O028317,INV-0026852,0.0,0,"failed first, retry succeeded - NOT a leak"
L05879,DECOY_RETRIED_PAYMENT,O029588,INV-0028063,0.0,0,"failed first, retry succeeded - NOT a leak"
L05880,DECOY_RETRIED_PAYMENT,O039488,INV-0037420,0.0,0,"failed first, retry succeeded - NOT a leak"
L05881,DECOY_RETRIED_PAYMENT,O048481,INV-0046000,0.0,0,"failed first, retry succeeded - NOT a leak"
L05882,DECOY_RETRIED_PAYMENT,O014842,INV-0014075,0.0,0,"failed first, retry succeeded - NOT a leak"
L05883,DECOY_RETRIED_PAYMENT,O040503,INV-0038388,0.0,0,"failed first, retry succeeded - NOT a leak"
L05884,DECOY_RETRIED_PAYMENT,O015639,INV-0014837,0.0,0,"failed first, retry succeeded - NOT a leak"
L05885,DECOY_RETRIED_PAYMENT,O041624,INV-0039447,0.0,0,"failed first, retry succeeded - NOT a leak"
L05886,DECOY_RETRIED_PAYMENT,O003528,INV-0003342,0.0,0,"failed first, retry succeeded - NOT a leak"
L05887,DECOY_RETRIED_PAYMENT,O033388,INV-0031639,0.0,0,"failed first, retry succeeded - NOT a leak"
L05888,DECOY_RETRIED_PAYMENT,O011408,INV-0010808,0.0,0,"failed first, retry succeeded - NOT a leak"
L05889,DECOY_RETRIED_PAYMENT,O036258,INV-0034365,0.0,0,"failed first, retry succeeded - NOT a leak"
L05890,DECOY_RETRIED_PAYMENT,O007008,INV-0006647,0.0,0,"failed first, retry succeeded - NOT a leak"
L05891,DECOY_RETRIED_PAYMENT,O004256,INV-0004032,0.0,0,"failed first, retry succeeded - NOT a leak"
L05892,DECOY_RETRIED_PAYMENT,O012123,INV-0011488,0.0,0,"failed first, retry succeeded - NOT a leak"
L05893,DECOY_RETRIED_PAYMENT,O030349,INV-0028770,0.0,0,"failed first, retry succeeded - NOT a leak"
L05894,DECOY_RETRIED_PAYMENT,O040671,INV-0038553,0.0,0,"failed first, retry succeeded - NOT a leak"
L05895,DECOY_RETRIED_PAYMENT,O027034,INV-0025643,0.0,0,"failed first, retry succeeded - NOT a leak"
L05896,DECOY_RETRIED_PAYMENT,O020814,INV-0019754,0.0,0,"failed first, retry succeeded - NOT a leak"
L05897,DECOY_RETRIED_PAYMENT,O013038,INV-0012360,0.0,0,"failed first, retry succeeded - NOT a leak"
L05898,DECOY_RETRIED_PAYMENT,O004640,INV-0004396,0.0,0,"failed first, retry succeeded - NOT a leak"
L05899,DECOY_RETRIED_PAYMENT,O033831,INV-0032062,0.0,0,"failed first, retry succeeded - NOT a leak"
L05900,DECOY_RETRIED_PAYMENT,O043822,INV-0041555,0.0,0,"failed first, retry succeeded - NOT a leak"
L05901,DECOY_RETRIED_PAYMENT,O014258,INV-0013524,0.0,0,"failed first, retry succeeded - NOT a leak"
L05902,DECOY_RETRIED_PAYMENT,O047865,INV-0045415,0.0,0,"failed first, retry succeeded - NOT a leak"
L05903,DECOY_RETRIED_PAYMENT,O042234,INV-0040029,0.0,0,"failed first, retry succeeded - NOT a leak"
L05904,DECOY_RETRIED_PAYMENT,O014543,INV-0013792,0.0,0,"failed first, retry succeeded - NOT a leak"
L05905,DECOY_RETRIED_PAYMENT,O044664,INV-0042359,0.0,0,"failed first, retry succeeded - NOT a leak"
L05906,DECOY_RETRIED_PAYMENT,O026686,INV-0025310,0.0,0,"failed first, retry succeeded - NOT a leak"
L05907,DECOY_RETRIED_PAYMENT,O026221,INV-0024870,0.0,0,"failed first, retry succeeded - NOT a leak"
L05908,DECOY_RETRIED_PAYMENT,O038754,INV-0036717,0.0,0,"failed first, retry succeeded - NOT a leak"
L05909,DECOY_RETRIED_PAYMENT,O048734,INV-0046238,0.0,0,"failed first, retry succeeded - NOT a leak"
L05910,DECOY_RETRIED_PAYMENT,O017428,INV-0016541,0.0,0,"failed first, retry succeeded - NOT a leak"
L05911,DECOY_RETRIED_PAYMENT,O002780,INV-0002637,0.0,0,"failed first, retry succeeded - NOT a leak"
L05912,DECOY_RETRIED_PAYMENT,O023382,INV-0022185,0.0,0,"failed first, retry succeeded - NOT a leak"
L05913,DECOY_RETRIED_PAYMENT,O045326,INV-0042986,0.0,0,"failed first, retry succeeded - NOT a leak"
L05914,DECOY_RETRIED_PAYMENT,O005831,INV-0005527,0.0,0,"failed first, retry succeeded - NOT a leak"
L05915,DECOY_RETRIED_PAYMENT,O006598,INV-0006258,0.0,0,"failed first, retry succeeded - NOT a leak"
L05916,DECOY_RETRIED_PAYMENT,O027837,INV-0026393,0.0,0,"failed first, retry succeeded - NOT a leak"
L05917,DECOY_RETRIED_PAYMENT,O027492,INV-0026067,0.0,0,"failed first, retry succeeded - NOT a leak"
L05918,DECOY_RETRIED_PAYMENT,O006247,INV-0005922,0.0,0,"failed first, retry succeeded - NOT a leak"
L05919,DECOY_RETRIED_PAYMENT,O023160,INV-0021974,0.0,0,"failed first, retry succeeded - NOT a leak"
L05920,DECOY_RETRIED_PAYMENT,O013951,INV-0013234,0.0,0,"failed first, retry succeeded - NOT a leak"
L05921,DECOY_RETRIED_PAYMENT,O017113,INV-0016242,0.0,0,"failed first, retry succeeded - NOT a leak"
L05922,DECOY_RETRIED_PAYMENT,O004235,INV-0004013,0.0,0,"failed first, retry succeeded - NOT a leak"
L05923,DECOY_RETRIED_PAYMENT,O032307,INV-0030623,0.0,0,"failed first, retry succeeded - NOT a leak"
L05924,DECOY_RETRIED_PAYMENT,O005695,INV-0005396,0.0,0,"failed first, retry succeeded - NOT a leak"
L05925,DECOY_RETRIED_PAYMENT,O036774,INV-0034851,0.0,0,"failed first, retry succeeded - NOT a leak"
L05926,DECOY_RETRIED_PAYMENT,O039239,INV-0037181,0.0,0,"failed first, retry succeeded - NOT a leak"
L05927,DECOY_RETRIED_PAYMENT,O021231,INV-0020141,0.0,0,"failed first, retry succeeded - NOT a leak"
L05928,DECOY_RETRIED_PAYMENT,O032461,INV-0030768,0.0,0,"failed first, retry succeeded - NOT a leak"
L05929,DECOY_RETRIED_PAYMENT,O021621,INV-0020512,0.0,0,"failed first, retry succeeded - NOT a leak"
L05930,DECOY_RETRIED_PAYMENT,O022398,INV-0021256,0.0,0,"failed first, retry succeeded - NOT a leak"
L05931,DECOY_RETRIED_PAYMENT,O045116,INV-0042788,0.0,0,"failed first, retry succeeded - NOT a leak"
L05932,DECOY_RETRIED_PAYMENT,O020780,INV-0019721,0.0,0,"failed first, retry succeeded - NOT a leak"
L05933,DECOY_RETRIED_PAYMENT,O037841,INV-0035856,0.0,0,"failed first, retry succeeded - NOT a leak"
L05934,DECOY_RETRIED_PAYMENT,O001534,INV-0001463,0.0,0,"failed first, retry succeeded - NOT a leak"
L05935,DECOY_RETRIED_PAYMENT,O033123,INV-0031392,0.0,0,"failed first, retry succeeded - NOT a leak"
L05936,DECOY_RETRIED_PAYMENT,O038160,INV-0036151,0.0,0,"failed first, retry succeeded - NOT a leak"
L05937,DECOY_RETRIED_PAYMENT,O044952,INV-0042634,0.0,0,"failed first, retry succeeded - NOT a leak"
L05938,DECOY_RETRIED_PAYMENT,O001811,INV-0001722,0.0,0,"failed first, retry succeeded - NOT a leak"
L05939,DECOY_RETRIED_PAYMENT,O031434,INV-0029794,0.0,0,"failed first, retry succeeded - NOT a leak"
L05940,DECOY_RETRIED_PAYMENT,O024590,INV-0023326,0.0,0,"failed first, retry succeeded - NOT a leak"
L05941,DECOY_RETRIED_PAYMENT,O004576,INV-0004335,0.0,0,"failed first, retry succeeded - NOT a leak"
L05942,DECOY_RETRIED_PAYMENT,O039072,INV-0037017,0.0,0,"failed first, retry succeeded - NOT a leak"
L05943,DECOY_RETRIED_PAYMENT,O037930,INV-0035942,0.0,0,"failed first, retry succeeded - NOT a leak"
L05944,DECOY_RETRIED_PAYMENT,O015755,INV-0014948,0.0,0,"failed first, retry succeeded - NOT a leak"
L05945,DECOY_RETRIED_PAYMENT,O029265,INV-0027756,0.0,0,"failed first, retry succeeded - NOT a leak"
L05946,DECOY_RETRIED_PAYMENT,O000698,INV-0000666,0.0,0,"failed first, retry succeeded - NOT a leak"
L05947,DECOY_RETRIED_PAYMENT,O009962,INV-0009437,0.0,0,"failed first, retry succeeded - NOT a leak"
L05948,DECOY_RETRIED_PAYMENT,O023796,INV-0022573,0.0,0,"failed first, retry succeeded - NOT a leak"
L05949,DECOY_RETRIED_PAYMENT,O033986,INV-0032210,0.0,0,"failed first, retry succeeded - NOT a leak"
L05950,DECOY_RETRIED_PAYMENT,O027671,INV-0026235,0.0,0,"failed first, retry succeeded - NOT a leak"
L05951,DECOY_RETRIED_PAYMENT,O008972,INV-0008495,0.0,0,"failed first, retry succeeded - NOT a leak"
L05952,DECOY_RETRIED_PAYMENT,O020808,INV-0019748,0.0,0,"failed first, retry succeeded - NOT a leak"
L05953,DECOY_RETRIED_PAYMENT,O039000,INV-0036950,0.0,0,"failed first, retry succeeded - NOT a leak"
L05954,DECOY_RETRIED_PAYMENT,O019723,INV-0018723,0.0,0,"failed first, retry succeeded - NOT a leak"
L05955,DECOY_RETRIED_PAYMENT,O018988,INV-0018026,0.0,0,"failed first, retry succeeded - NOT a leak"
L05956,DECOY_RETRIED_PAYMENT,O030603,INV-0029009,0.0,0,"failed first, retry succeeded - NOT a leak"
L05957,DECOY_RETRIED_PAYMENT,O025328,INV-0024025,0.0,0,"failed first, retry succeeded - NOT a leak"
L05958,DECOY_RETRIED_PAYMENT,O029718,INV-0028183,0.0,0,"failed first, retry succeeded - NOT a leak"
L05959,DECOY_RETRIED_PAYMENT,O040241,INV-0038134,0.0,0,"failed first, retry succeeded - NOT a leak"
L05960,DECOY_RETRIED_PAYMENT,O006638,INV-0006297,0.0,0,"failed first, retry succeeded - NOT a leak"
L05961,DECOY_RETRIED_PAYMENT,O024114,INV-0022874,0.0,0,"failed first, retry succeeded - NOT a leak"
L05962,DECOY_RETRIED_PAYMENT,O002118,INV-0002009,0.0,0,"failed first, retry succeeded - NOT a leak"
L05963,DECOY_RETRIED_PAYMENT,O028836,INV-0027347,0.0,0,"failed first, retry succeeded - NOT a leak"
L05964,DECOY_RETRIED_PAYMENT,O045921,INV-0043556,0.0,0,"failed first, retry succeeded - NOT a leak"
L05965,DECOY_RETRIED_PAYMENT,O046235,INV-0043859,0.0,0,"failed first, retry succeeded - NOT a leak"
L05966,DECOY_RETRIED_PAYMENT,O046276,INV-0043899,0.0,0,"failed first, retry succeeded - NOT a leak"
L05967,DECOY_RETRIED_PAYMENT,O007628,INV-0007231,0.0,0,"failed first, retry succeeded - NOT a leak"
L05968,DECOY_RETRIED_PAYMENT,O021204,INV-0020115,0.0,0,"failed first, retry succeeded - NOT a leak"
L05969,DECOY_RETRIED_PAYMENT,O027486,INV-0026061,0.0,0,"failed first, retry succeeded - NOT a leak"
L05970,DECOY_RETRIED_PAYMENT,O017390,INV-0016508,0.0,0,"failed first, retry succeeded - NOT a leak"
L05971,DECOY_RETRIED_PAYMENT,O041251,INV-0039092,0.0,0,"failed first, retry succeeded - NOT a leak"
L05972,DECOY_RETRIED_PAYMENT,O028282,INV-0026819,0.0,0,"failed first, retry succeeded - NOT a leak"
L05973,DECOY_RETRIED_PAYMENT,O036265,INV-0034372,0.0,0,"failed first, retry succeeded - NOT a leak"
L05974,DECOY_RETRIED_PAYMENT,O000252,INV-0000239,0.0,0,"failed first, retry succeeded - NOT a leak"
L05975,DECOY_RETRIED_PAYMENT,O008840,INV-0008366,0.0,0,"failed first, retry succeeded - NOT a leak"
L05976,DECOY_RETRIED_PAYMENT,O024229,INV-0022983,0.0,0,"failed first, retry succeeded - NOT a leak"
L05977,DECOY_RETRIED_PAYMENT,O042883,INV-0040651,0.0,0,"failed first, retry succeeded - NOT a leak"
L05978,DECOY_RETRIED_PAYMENT,O012569,INV-0011912,0.0,0,"failed first, retry succeeded - NOT a leak"
L05979,DECOY_RETRIED_PAYMENT,O030947,INV-0029329,0.0,0,"failed first, retry succeeded - NOT a leak"
L05980,DECOY_RETRIED_PAYMENT,O002079,INV-0001972,0.0,0,"failed first, retry succeeded - NOT a leak"
L05981,DECOY_RETRIED_PAYMENT,O023776,INV-0022553,0.0,0,"failed first, retry succeeded - NOT a leak"
L05982,DECOY_RETRIED_PAYMENT,O028521,INV-0027048,0.0,0,"failed first, retry succeeded - NOT a leak"
L05983,DECOY_RETRIED_PAYMENT,O044621,INV-0042316,0.0,0,"failed first, retry succeeded - NOT a leak"
L05984,DECOY_RETRIED_PAYMENT,O014741,INV-0013978,0.0,0,"failed first, retry succeeded - NOT a leak"
L05985,DECOY_RETRIED_PAYMENT,O022969,INV-0021789,0.0,0,"failed first, retry succeeded - NOT a leak"
L05986,DECOY_RETRIED_PAYMENT,O047877,INV-0045427,0.0,0,"failed first, retry succeeded - NOT a leak"
L05987,DECOY_RETRIED_PAYMENT,O024706,INV-0023437,0.0,0,"failed first, retry succeeded - NOT a leak"
L05988,DECOY_RETRIED_PAYMENT,O048203,INV-0045735,0.0,0,"failed first, retry succeeded - NOT a leak"
L05989,DECOY_RETRIED_PAYMENT,O047653,INV-0045213,0.0,0,"failed first, retry succeeded - NOT a leak"
L05990,DECOY_RETRIED_PAYMENT,O020962,INV-0019895,0.0,0,"failed first, retry succeeded - NOT a leak"
L05991,DECOY_RETRIED_PAYMENT,O037304,INV-0035357,0.0,0,"failed first, retry succeeded - NOT a leak"
L05992,DECOY_RETRIED_PAYMENT,O043212,INV-0040964,0.0,0,"failed first, retry succeeded - NOT a leak"
L05993,DECOY_RETRIED_PAYMENT,O030848,INV-0029237,0.0,0,"failed first, retry succeeded - NOT a leak"
L05994,DECOY_RETRIED_PAYMENT,O037396,INV-0035441,0.0,0,"failed first, retry succeeded - NOT a leak"
L05995,DECOY_RETRIED_PAYMENT,O042010,INV-0039815,0.0,0,"failed first, retry succeeded - NOT a leak"
L05996,DECOY_RETRIED_PAYMENT,O042211,INV-0040009,0.0,0,"failed first, retry succeeded - NOT a leak"
L05997,DECOY_RETRIED_PAYMENT,O046327,INV-0043949,0.0,0,"failed first, retry succeeded - NOT a leak"
L05998,DECOY_RETRIED_PAYMENT,O031788,INV-0030132,0.0,0,"failed first, retry succeeded - NOT a leak"
L05999,DECOY_RETRIED_PAYMENT,O002407,INV-0002280,0.0,0,"failed first, retry succeeded - NOT a leak"
L06000,DECOY_RETRIED_PAYMENT,O023919,INV-0022692,0.0,0,"failed first, retry succeeded - NOT a leak"
L06001,DECOY_RETRIED_PAYMENT,O024109,INV-0022869,0.0,0,"failed first, retry succeeded - NOT a leak"
L06002,DECOY_RETRIED_PAYMENT,O047018,INV-0044606,0.0,0,"failed first, retry succeeded - NOT a leak"
L06003,DECOY_RETRIED_PAYMENT,O023252,INV-0022066,0.0,0,"failed first, retry succeeded - NOT a leak"
L06004,DECOY_RETRIED_PAYMENT,O009154,INV-0008670,0.0,0,"failed first, retry succeeded - NOT a leak"
L06005,DECOY_RETRIED_PAYMENT,O005067,INV-0004799,0.0,0,"failed first, retry succeeded - NOT a leak"
L06006,DECOY_RETRIED_PAYMENT,O028141,INV-0026684,0.0,0,"failed first, retry succeeded - NOT a leak"
L06007,DECOY_RETRIED_PAYMENT,O021134,INV-0020050,0.0,0,"failed first, retry succeeded - NOT a leak"
L06008,DECOY_RETRIED_PAYMENT,O019045,INV-0018080,0.0,0,"failed first, retry succeeded - NOT a leak"
L06009,DECOY_RETRIED_PAYMENT,O042577,INV-0040358,0.0,0,"failed first, retry succeeded - NOT a leak"
L06010,DECOY_RETRIED_PAYMENT,O007702,INV-0007299,0.0,0,"failed first, retry succeeded - NOT a leak"
L06011,DECOY_RETRIED_PAYMENT,O003406,INV-0003225,0.0,0,"failed first, retry succeeded - NOT a leak"
L06012,DECOY_RETRIED_PAYMENT,O029248,INV-0027739,0.0,0,"failed first, retry succeeded - NOT a leak"
L06013,DECOY_RETRIED_PAYMENT,O033313,INV-0031570,0.0,0,"failed first, retry succeeded - NOT a leak"
L06014,DECOY_RETRIED_PAYMENT,O013355,INV-0012663,0.0,0,"failed first, retry succeeded - NOT a leak"
L06015,DECOY_RETRIED_PAYMENT,O025367,INV-0024061,0.0,0,"failed first, retry succeeded - NOT a leak"
L06016,DECOY_RETRIED_PAYMENT,O040851,INV-0038723,0.0,0,"failed first, retry succeeded - NOT a leak"
L06017,DECOY_RETRIED_PAYMENT,O026912,INV-0025526,0.0,0,"failed first, retry succeeded - NOT a leak"
L06018,DECOY_RETRIED_PAYMENT,O001088,INV-0001039,0.0,0,"failed first, retry succeeded - NOT a leak"
L06019,DECOY_RETRIED_PAYMENT,O029638,INV-0028108,0.0,0,"failed first, retry succeeded - NOT a leak"
L06020,DECOY_RETRIED_PAYMENT,O017107,INV-0016236,0.0,0,"failed first, retry succeeded - NOT a leak"
L06021,DECOY_RETRIED_PAYMENT,O020029,INV-0019012,0.0,0,"failed first, retry succeeded - NOT a leak"
L06022,DECOY_RETRIED_PAYMENT,O041556,INV-0039383,0.0,0,"failed first, retry succeeded - NOT a leak"
L06023,DECOY_RETRIED_PAYMENT,O010857,INV-0010283,0.0,0,"failed first, retry succeeded - NOT a leak"
L06024,DECOY_RETRIED_PAYMENT,O034424,INV-0032631,0.0,0,"failed first, retry succeeded - NOT a leak"
L06025,DECOY_RETRIED_PAYMENT,O009015,INV-0008536,0.0,0,"failed first, retry succeeded - NOT a leak"
L06026,DECOY_RETRIED_PAYMENT,O042122,INV-0039924,0.0,0,"failed first, retry succeeded - NOT a leak"
L06027,DECOY_RETRIED_PAYMENT,O036953,INV-0035021,0.0,0,"failed first, retry succeeded - NOT a leak"
L06028,DECOY_RETRIED_PAYMENT,O033699,INV-0031936,0.0,0,"failed first, retry succeeded - NOT a leak"
L06029,DECOY_RETRIED_PAYMENT,O003676,INV-0003487,0.0,0,"failed first, retry succeeded - NOT a leak"
L06030,DECOY_RETRIED_PAYMENT,O001184,INV-0001126,0.0,0,"failed first, retry succeeded - NOT a leak"
L06031,DECOY_RETRIED_PAYMENT,O015068,INV-0014291,0.0,0,"failed first, retry succeeded - NOT a leak"
L06032,DECOY_RETRIED_PAYMENT,O045798,INV-0043440,0.0,0,"failed first, retry succeeded - NOT a leak"
L06033,DECOY_RETRIED_PAYMENT,O039655,INV-0037579,0.0,0,"failed first, retry succeeded - NOT a leak"
L06034,DECOY_RETRIED_PAYMENT,O038599,INV-0036566,0.0,0,"failed first, retry succeeded - NOT a leak"
L06035,DECOY_RETRIED_PAYMENT,O038872,INV-0036828,0.0,0,"failed first, retry succeeded - NOT a leak"
L06036,DECOY_RETRIED_PAYMENT,O011293,INV-0010698,0.0,0,"failed first, retry succeeded - NOT a leak"
L06037,DECOY_RETRIED_PAYMENT,O026440,INV-0025078,0.0,0,"failed first, retry succeeded - NOT a leak"
L06038,DECOY_RETRIED_PAYMENT,O028131,INV-0026674,0.0,0,"failed first, retry succeeded - NOT a leak"
L06039,DECOY_RETRIED_PAYMENT,O038316,INV-0036301,0.0,0,"failed first, retry succeeded - NOT a leak"
L06040,DECOY_RETRIED_PAYMENT,O015591,INV-0014791,0.0,0,"failed first, retry succeeded - NOT a leak"
L06041,DECOY_RETRIED_PAYMENT,O046661,INV-0044270,0.0,0,"failed first, retry succeeded - NOT a leak"
L06042,DECOY_RETRIED_PAYMENT,O009644,INV-0009134,0.0,0,"failed first, retry succeeded - NOT a leak"
L06043,DECOY_RETRIED_PAYMENT,O030151,INV-0028587,0.0,0,"failed first, retry succeeded - NOT a leak"
L06044,DECOY_RETRIED_PAYMENT,O020649,INV-0019594,0.0,0,"failed first, retry succeeded - NOT a leak"
L06045,DECOY_RETRIED_PAYMENT,O034939,INV-0033119,0.0,0,"failed first, retry succeeded - NOT a leak"
L06046,DECOY_RETRIED_PAYMENT,O012654,INV-0011993,0.0,0,"failed first, retry succeeded - NOT a leak"
L06047,DECOY_RETRIED_PAYMENT,O027629,INV-0026195,0.0,0,"failed first, retry succeeded - NOT a leak"
L06048,DECOY_RETRIED_PAYMENT,O015114,INV-0014335,0.0,0,"failed first, retry succeeded - NOT a leak"
L06049,DECOY_RETRIED_PAYMENT,O010056,INV-0009524,0.0,0,"failed first, retry succeeded - NOT a leak"
L06050,DECOY_RETRIED_PAYMENT,O006702,INV-0006358,0.0,0,"failed first, retry succeeded - NOT a leak"
L06051,DECOY_RETRIED_PAYMENT,O031986,INV-0030319,0.0,0,"failed first, retry succeeded - NOT a leak"
L06052,DECOY_RETRIED_PAYMENT,O003817,INV-0003622,0.0,0,"failed first, retry succeeded - NOT a leak"
L06053,DECOY_RETRIED_PAYMENT,O013967,INV-0013250,0.0,0,"failed first, retry succeeded - NOT a leak"
L06054,DECOY_RETRIED_PAYMENT,O022412,INV-0021269,0.0,0,"failed first, retry succeeded - NOT a leak"
L06055,DECOY_RETRIED_PAYMENT,O018732,INV-0017782,0.0,0,"failed first, retry succeeded - NOT a leak"
L06056,DECOY_RETRIED_PAYMENT,O037148,INV-0035209,0.0,0,"failed first, retry succeeded - NOT a leak"
L06057,DECOY_RETRIED_PAYMENT,O017976,INV-0017066,0.0,0,"failed first, retry succeeded - NOT a leak"
L06058,DECOY_RETRIED_PAYMENT,O038258,INV-0036245,0.0,0,"failed first, retry succeeded - NOT a leak"
L06059,DECOY_RETRIED_PAYMENT,O022057,INV-0020931,0.0,0,"failed first, retry succeeded - NOT a leak"
L06060,DECOY_RETRIED_PAYMENT,O048303,INV-0045830,0.0,0,"failed first, retry succeeded - NOT a leak"
L06061,DECOY_RETRIED_PAYMENT,O028423,INV-0026955,0.0,0,"failed first, retry succeeded - NOT a leak"
L06062,DECOY_RETRIED_PAYMENT,O040558,INV-0038443,0.0,0,"failed first, retry succeeded - NOT a leak"
L06063,DECOY_RETRIED_PAYMENT,O025851,INV-0024522,0.0,0,"failed first, retry succeeded - NOT a leak"
L06064,DECOY_RETRIED_PAYMENT,O043148,INV-0040902,0.0,0,"failed first, retry succeeded - NOT a leak"
L06065,DECOY_RETRIED_PAYMENT,O017371,INV-0016492,0.0,0,"failed first, retry succeeded - NOT a leak"
L06066,DECOY_RETRIED_PAYMENT,O042547,INV-0040328,0.0,0,"failed first, retry succeeded - NOT a leak"
L06067,DECOY_RETRIED_PAYMENT,O049097,INV-0046587,0.0,0,"failed first, retry succeeded - NOT a leak"
L06068,DECOY_RETRIED_PAYMENT,O032783,INV-0031070,0.0,0,"failed first, retry succeeded - NOT a leak"
L06069,DECOY_RETRIED_PAYMENT,O026872,INV-0025488,0.0,0,"failed first, retry succeeded - NOT a leak"
L06070,DECOY_RETRIED_PAYMENT,O028333,INV-0026868,0.0,0,"failed first, retry succeeded - NOT a leak"
L06071,DECOY_RETRIED_PAYMENT,O007772,INV-0007364,0.0,0,"failed first, retry succeeded - NOT a leak"
L06072,DECOY_RETRIED_PAYMENT,O021320,INV-0020224,0.0,0,"failed first, retry succeeded - NOT a leak"
L06073,DECOY_RETRIED_PAYMENT,O001943,INV-0001846,0.0,0,"failed first, retry succeeded - NOT a leak"
L06074,DECOY_RETRIED_PAYMENT,O030177,INV-0028610,0.0,0,"failed first, retry succeeded - NOT a leak"
L06075,DECOY_RETRIED_PAYMENT,O025622,INV-0024305,0.0,0,"failed first, retry succeeded - NOT a leak"
L06076,DECOY_RETRIED_PAYMENT,O002967,INV-0002811,0.0,0,"failed first, retry succeeded - NOT a leak"
L06077,DECOY_RETRIED_PAYMENT,O004293,INV-0004067,0.0,0,"failed first, retry succeeded - NOT a leak"
L06078,DECOY_RETRIED_PAYMENT,O037287,INV-0035340,0.0,0,"failed first, retry succeeded - NOT a leak"
L06079,DECOY_RETRIED_PAYMENT,O034426,INV-0032633,0.0,0,"failed first, retry succeeded - NOT a leak"
L06080,DECOY_RETRIED_PAYMENT,O034970,INV-0033149,0.0,0,"failed first, retry succeeded - NOT a leak"
L06081,DECOY_RETRIED_PAYMENT,O017982,INV-0017072,0.0,0,"failed first, retry succeeded - NOT a leak"
L06082,DECOY_RETRIED_PAYMENT,O048814,INV-0046316,0.0,0,"failed first, retry succeeded - NOT a leak"
L06083,DECOY_RETRIED_PAYMENT,O019838,INV-0018832,0.0,0,"failed first, retry succeeded - NOT a leak"
L06084,DECOY_RETRIED_PAYMENT,O034382,INV-0032591,0.0,0,"failed first, retry succeeded - NOT a leak"
L06085,DECOY_RETRIED_PAYMENT,O014196,INV-0013463,0.0,0,"failed first, retry succeeded - NOT a leak"
L06086,DECOY_RETRIED_PAYMENT,O016145,INV-0015325,0.0,0,"failed first, retry succeeded - NOT a leak"
L06087,DECOY_RETRIED_PAYMENT,O017167,INV-0016295,0.0,0,"failed first, retry succeeded - NOT a leak"
L06088,DECOY_RETRIED_PAYMENT,O011448,INV-0010846,0.0,0,"failed first, retry succeeded - NOT a leak"
L06089,DECOY_RETRIED_PAYMENT,O017811,INV-0016909,0.0,0,"failed first, retry succeeded - NOT a leak"
L06090,DECOY_RETRIED_PAYMENT,O007307,INV-0006932,0.0,0,"failed first, retry succeeded - NOT a leak"
L06091,DECOY_RETRIED_PAYMENT,O019262,INV-0018284,0.0,0,"failed first, retry succeeded - NOT a leak"
L06092,DECOY_RETRIED_PAYMENT,O003954,INV-0003750,0.0,0,"failed first, retry succeeded - NOT a leak"
L06093,DECOY_RETRIED_PAYMENT,O041272,INV-0039113,0.0,0,"failed first, retry succeeded - NOT a leak"
L06094,DECOY_RETRIED_PAYMENT,O010881,INV-0010305,0.0,0,"failed first, retry succeeded - NOT a leak"
L06095,DECOY_RETRIED_PAYMENT,O013362,INV-0012670,0.0,0,"failed first, retry succeeded - NOT a leak"
L06096,DECOY_RETRIED_PAYMENT,O020234,INV-0019199,0.0,0,"failed first, retry succeeded - NOT a leak"
L06097,DECOY_RETRIED_PAYMENT,O034395,INV-0032604,0.0,0,"failed first, retry succeeded - NOT a leak"
L06098,DECOY_RETRIED_PAYMENT,O038870,INV-0036826,0.0,0,"failed first, retry succeeded - NOT a leak"
L06099,DECOY_RETRIED_PAYMENT,O012042,INV-0011409,0.0,0,"failed first, retry succeeded - NOT a leak"
L06100,DECOY_RETRIED_PAYMENT,O012489,INV-0011836,0.0,0,"failed first, retry succeeded - NOT a leak"
L06101,DECOY_RETRIED_PAYMENT,O012536,INV-0011880,0.0,0,"failed first, retry succeeded - NOT a leak"
L06102,DECOY_RETRIED_PAYMENT,O016392,INV-0015554,0.0,0,"failed first, retry succeeded - NOT a leak"
L06103,DECOY_RETRIED_PAYMENT,O034845,INV-0033027,0.0,0,"failed first, retry succeeded - NOT a leak"
L06104,DECOY_RETRIED_PAYMENT,O033282,INV-0031542,0.0,0,"failed first, retry succeeded - NOT a leak"
L06105,DECOY_RETRIED_PAYMENT,O023439,INV-0022238,0.0,0,"failed first, retry succeeded - NOT a leak"
L06106,DECOY_RETRIED_PAYMENT,O047298,INV-0044873,0.0,0,"failed first, retry succeeded - NOT a leak"
L06107,DECOY_RETRIED_PAYMENT,O017696,INV-0016798,0.0,0,"failed first, retry succeeded - NOT a leak"
L06108,DECOY_RETRIED_PAYMENT,O047248,INV-0044827,0.0,0,"failed first, retry succeeded - NOT a leak"
L06109,DECOY_RETRIED_PAYMENT,O036822,INV-0034895,0.0,0,"failed first, retry succeeded - NOT a leak"
L06110,DECOY_RETRIED_PAYMENT,O005923,INV-0005615,0.0,0,"failed first, retry succeeded - NOT a leak"
L06111,DECOY_RETRIED_PAYMENT,O019669,INV-0018673,0.0,0,"failed first, retry succeeded - NOT a leak"
L06112,DECOY_RETRIED_PAYMENT,O033939,INV-0032164,0.0,0,"failed first, retry succeeded - NOT a leak"
L06113,DECOY_RETRIED_PAYMENT,O009137,INV-0008655,0.0,0,"failed first, retry succeeded - NOT a leak"
L06114,DECOY_RETRIED_PAYMENT,O045654,INV-0043301,0.0,0,"failed first, retry succeeded - NOT a leak"
L06115,DECOY_RETRIED_PAYMENT,O004087,INV-0003877,0.0,0,"failed first, retry succeeded - NOT a leak"
L06116,DECOY_RETRIED_PAYMENT,O040564,INV-0038449,0.0,0,"failed first, retry succeeded - NOT a leak"
L06117,DECOY_RETRIED_PAYMENT,O003352,INV-0003173,0.0,0,"failed first, retry succeeded - NOT a leak"
L06118,DECOY_RETRIED_PAYMENT,O006599,INV-0006259,0.0,0,"failed first, retry succeeded - NOT a leak"
L06119,DECOY_RETRIED_PAYMENT,O010906,INV-0010330,0.0,0,"failed first, retry succeeded - NOT a leak"
L06120,DECOY_RETRIED_PAYMENT,O036386,INV-0034482,0.0,0,"failed first, retry succeeded - NOT a leak"
L06121,DECOY_RETRIED_PAYMENT,O048289,INV-0045817,0.0,0,"failed first, retry succeeded - NOT a leak"
L06122,DECOY_RETRIED_PAYMENT,O026051,INV-0024710,0.0,0,"failed first, retry succeeded - NOT a leak"
L06123,DECOY_RETRIED_PAYMENT,O043805,INV-0041539,0.0,0,"failed first, retry succeeded - NOT a leak"
L06124,DECOY_RETRIED_PAYMENT,O014201,INV-0013468,0.0,0,"failed first, retry succeeded - NOT a leak"
L06125,DECOY_RETRIED_PAYMENT,O006300,INV-0005972,0.0,0,"failed first, retry succeeded - NOT a leak"
L06126,DECOY_RETRIED_PAYMENT,O018773,INV-0017822,0.0,0,"failed first, retry succeeded - NOT a leak"
L06127,DECOY_RETRIED_PAYMENT,O043554,INV-0041295,0.0,0,"failed first, retry succeeded - NOT a leak"
L06128,DECOY_RETRIED_PAYMENT,O026874,INV-0025490,0.0,0,"failed first, retry succeeded - NOT a leak"
L06129,DECOY_RETRIED_PAYMENT,O033260,INV-0031521,0.0,0,"failed first, retry succeeded - NOT a leak"
L06130,DECOY_RETRIED_PAYMENT,O009549,INV-0009042,0.0,0,"failed first, retry succeeded - NOT a leak"
L06131,DECOY_RETRIED_PAYMENT,O001104,INV-0001054,0.0,0,"failed first, retry succeeded - NOT a leak"
L06132,DECOY_RETRIED_PAYMENT,O012254,INV-0011610,0.0,0,"failed first, retry succeeded - NOT a leak"
L06133,DECOY_RETRIED_PAYMENT,O008557,INV-0008100,0.0,0,"failed first, retry succeeded - NOT a leak"
L06134,DECOY_RETRIED_PAYMENT,O003519,INV-0003333,0.0,0,"failed first, retry succeeded - NOT a leak"
L06135,DECOY_RETRIED_PAYMENT,O035360,INV-0033526,0.0,0,"failed first, retry succeeded - NOT a leak"
L06136,DECOY_RETRIED_PAYMENT,O007155,INV-0006786,0.0,0,"failed first, retry succeeded - NOT a leak"
L06137,DECOY_RETRIED_PAYMENT,O049309,INV-0046789,0.0,0,"failed first, retry succeeded - NOT a leak"
L06138,DECOY_RETRIED_PAYMENT,O035639,INV-0033785,0.0,0,"failed first, retry succeeded - NOT a leak"
L06139,DECOY_RETRIED_PAYMENT,O006574,INV-0006234,0.0,0,"failed first, retry succeeded - NOT a leak"
L06140,DECOY_RETRIED_PAYMENT,O003212,INV-0003038,0.0,0,"failed first, retry succeeded - NOT a leak"
L06141,DECOY_RETRIED_PAYMENT,O026623,INV-0025251,0.0,0,"failed first, retry succeeded - NOT a leak"
L06142,DECOY_RETRIED_PAYMENT,O031316,INV-0029679,0.0,0,"failed first, retry succeeded - NOT a leak"
L06143,DECOY_RETRIED_PAYMENT,O040360,INV-0038247,0.0,0,"failed first, retry succeeded - NOT a leak"
L06144,DECOY_RETRIED_PAYMENT,O040369,INV-0038256,0.0,0,"failed first, retry succeeded - NOT a leak"
L06145,DECOY_RETRIED_PAYMENT,O021731,INV-0020618,0.0,0,"failed first, retry succeeded - NOT a leak"
L06146,DECOY_RETRIED_PAYMENT,O049666,INV-0047131,0.0,0,"failed first, retry succeeded - NOT a leak"
L06147,DECOY_RETRIED_PAYMENT,O005826,INV-0005522,0.0,0,"failed first, retry succeeded - NOT a leak"
L06148,DECOY_RETRIED_PAYMENT,O008713,INV-0008248,0.0,0,"failed first, retry succeeded - NOT a leak"
L06149,DECOY_RETRIED_PAYMENT,O027542,INV-0026112,0.0,0,"failed first, retry succeeded - NOT a leak"
L06150,DECOY_RETRIED_PAYMENT,O022278,INV-0021141,0.0,0,"failed first, retry succeeded - NOT a leak"
L06151,DECOY_RETRIED_PAYMENT,O035681,INV-0033826,0.0,0,"failed first, retry succeeded - NOT a leak"
L06152,DECOY_RETRIED_PAYMENT,O049500,INV-0046969,0.0,0,"failed first, retry succeeded - NOT a leak"
L06153,DECOY_RETRIED_PAYMENT,O022495,INV-0021348,0.0,0,"failed first, retry succeeded - NOT a leak"
L06154,DECOY_RETRIED_PAYMENT,O007800,INV-0007391,0.0,0,"failed first, retry succeeded - NOT a leak"
L06155,DECOY_RETRIED_PAYMENT,O008249,INV-0007809,0.0,0,"failed first, retry succeeded - NOT a leak"
L06156,DECOY_RETRIED_PAYMENT,O003045,INV-0002882,0.0,0,"failed first, retry succeeded - NOT a leak"
L06157,DECOY_RETRIED_PAYMENT,O038794,INV-0036755,0.0,0,"failed first, retry succeeded - NOT a leak"
L06158,DECOY_RETRIED_PAYMENT,O007742,INV-0007335,0.0,0,"failed first, retry succeeded - NOT a leak"
L06159,DECOY_RETRIED_PAYMENT,O014522,INV-0013773,0.0,0,"failed first, retry succeeded - NOT a leak"
L06160,DECOY_RETRIED_PAYMENT,O049342,INV-0046820,0.0,0,"failed first, retry succeeded - NOT a leak"
L06161,DECOY_RETRIED_PAYMENT,O043541,INV-0041282,0.0,0,"failed first, retry succeeded - NOT a leak"
L06162,DECOY_RETRIED_PAYMENT,O028162,INV-0026705,0.0,0,"failed first, retry succeeded - NOT a leak"
L06163,DECOY_RETRIED_PAYMENT,O037848,INV-0035862,0.0,0,"failed first, retry succeeded - NOT a leak"
L06164,DECOY_RETRIED_PAYMENT,O032769,INV-0031056,0.0,0,"failed first, retry succeeded - NOT a leak"
L06165,DECOY_RETRIED_PAYMENT,O030601,INV-0029007,0.0,0,"failed first, retry succeeded - NOT a leak"
L06166,DECOY_RETRIED_PAYMENT,O042154,INV-0039953,0.0,0,"failed first, retry succeeded - NOT a leak"
L06167,DECOY_RETRIED_PAYMENT,O029926,INV-0028372,0.0,0,"failed first, retry succeeded - NOT a leak"
L06168,DECOY_RETRIED_PAYMENT,O018297,INV-0017369,0.0,0,"failed first, retry succeeded - NOT a leak"
L06169,DECOY_RETRIED_PAYMENT,O023750,INV-0022527,0.0,0,"failed first, retry succeeded - NOT a leak"
L06170,DECOY_RETRIED_PAYMENT,O045064,INV-0042738,0.0,0,"failed first, retry succeeded - NOT a leak"
L06171,DECOY_RETRIED_PAYMENT,O023331,INV-0022137,0.0,0,"failed first, retry succeeded - NOT a leak"
L06172,DECOY_RETRIED_PAYMENT,O025654,INV-0024336,0.0,0,"failed first, retry succeeded - NOT a leak"
L06173,DECOY_RETRIED_PAYMENT,O043556,INV-0041297,0.0,0,"failed first, retry succeeded - NOT a leak"
L06174,DECOY_RETRIED_PAYMENT,O006121,INV-0005801,0.0,0,"failed first, retry succeeded - NOT a leak"
L06175,DECOY_RETRIED_PAYMENT,O036006,INV-0034125,0.0,0,"failed first, retry succeeded - NOT a leak"
L06176,DECOY_RETRIED_PAYMENT,O028418,INV-0026950,0.0,0,"failed first, retry succeeded - NOT a leak"
L06177,DECOY_RETRIED_PAYMENT,O018558,INV-0017619,0.0,0,"failed first, retry succeeded - NOT a leak"
L06178,DECOY_RETRIED_PAYMENT,O044308,INV-0042015,0.0,0,"failed first, retry succeeded - NOT a leak"
L06179,DECOY_RETRIED_PAYMENT,O047827,INV-0045379,0.0,0,"failed first, retry succeeded - NOT a leak"
L06180,DECOY_RETRIED_PAYMENT,O038437,INV-0036414,0.0,0,"failed first, retry succeeded - NOT a leak"
L06181,DECOY_RETRIED_PAYMENT,O004316,INV-0004089,0.0,0,"failed first, retry succeeded - NOT a leak"
L06182,DECOY_RETRIED_PAYMENT,O045637,INV-0043285,0.0,0,"failed first, retry succeeded - NOT a leak"
L06183,DECOY_RETRIED_PAYMENT,O017920,INV-0017013,0.0,0,"failed first, retry succeeded - NOT a leak"
L06184,DECOY_RETRIED_PAYMENT,O022760,INV-0021593,0.0,0,"failed first, retry succeeded - NOT a leak"
L06185,DECOY_RETRIED_PAYMENT,O026715,INV-0025338,0.0,0,"failed first, retry succeeded - NOT a leak"
L06186,DECOY_RETRIED_PAYMENT,O021493,INV-0020390,0.0,0,"failed first, retry succeeded - NOT a leak"
L06187,DECOY_RETRIED_PAYMENT,O034992,INV-0033171,0.0,0,"failed first, retry succeeded - NOT a leak"
L06188,DECOY_RETRIED_PAYMENT,O005356,INV-0005070,0.0,0,"failed first, retry succeeded - NOT a leak"
L06189,DECOY_RETRIED_PAYMENT,O046652,INV-0044261,0.0,0,"failed first, retry succeeded - NOT a leak"
L06190,DECOY_RETRIED_PAYMENT,O006038,INV-0005723,0.0,0,"failed first, retry succeeded - NOT a leak"
L06191,DECOY_RETRIED_PAYMENT,O038661,INV-0036628,0.0,0,"failed first, retry succeeded - NOT a leak"
L06192,DECOY_RETRIED_PAYMENT,O025882,INV-0024552,0.0,0,"failed first, retry succeeded - NOT a leak"
L06193,DECOY_RETRIED_PAYMENT,O012066,INV-0011432,0.0,0,"failed first, retry succeeded - NOT a leak"
L06194,DECOY_RETRIED_PAYMENT,O043903,INV-0041632,0.0,0,"failed first, retry succeeded - NOT a leak"
L06195,DECOY_RETRIED_PAYMENT,O028713,INV-0027227,0.0,0,"failed first, retry succeeded - NOT a leak"
L06196,DECOY_RETRIED_PAYMENT,O035504,INV-0033662,0.0,0,"failed first, retry succeeded - NOT a leak"
L06197,DECOY_RETRIED_PAYMENT,O006220,INV-0005898,0.0,0,"failed first, retry succeeded - NOT a leak"
L06198,DECOY_RETRIED_PAYMENT,O017027,INV-0016157,0.0,0,"failed first, retry succeeded - NOT a leak"
L06199,DECOY_RETRIED_PAYMENT,O034248,INV-0032462,0.0,0,"failed first, retry succeeded - NOT a leak"
L06200,DECOY_RETRIED_PAYMENT,O004763,INV-0004509,0.0,0,"failed first, retry succeeded - NOT a leak"
L06201,DECOY_RETRIED_PAYMENT,O007791,INV-0007382,0.0,0,"failed first, retry succeeded - NOT a leak"
L06202,DECOY_RETRIED_PAYMENT,O022038,INV-0020913,0.0,0,"failed first, retry succeeded - NOT a leak"
L06203,DECOY_RETRIED_PAYMENT,O047082,INV-0044668,0.0,0,"failed first, retry succeeded - NOT a leak"
L06204,DECOY_RETRIED_PAYMENT,O046886,INV-0044478,0.0,0,"failed first, retry succeeded - NOT a leak"
L06205,DECOY_RETRIED_PAYMENT,O046961,INV-0044551,0.0,0,"failed first, retry succeeded - NOT a leak"
L06206,DECOY_RETRIED_PAYMENT,O045642,INV-0043290,0.0,0,"failed first, retry succeeded - NOT a leak"
L06207,DECOY_RETRIED_PAYMENT,O033081,INV-0031353,0.0,0,"failed first, retry succeeded - NOT a leak"
L06208,DECOY_RETRIED_PAYMENT,O010799,INV-0010229,0.0,0,"failed first, retry succeeded - NOT a leak"
L06209,DECOY_RETRIED_PAYMENT,O001336,INV-0001272,0.0,0,"failed first, retry succeeded - NOT a leak"
L06210,DECOY_RETRIED_PAYMENT,O008041,INV-0007618,0.0,0,"failed first, retry succeeded - NOT a leak"
L06211,DECOY_RETRIED_PAYMENT,O048906,INV-0046404,0.0,0,"failed first, retry succeeded - NOT a leak"
L06212,DECOY_RETRIED_PAYMENT,O017821,INV-0016918,0.0,0,"failed first, retry succeeded - NOT a leak"
L06213,DECOY_RETRIED_PAYMENT,O032063,INV-0030394,0.0,0,"failed first, retry succeeded - NOT a leak"
L06214,DECOY_RETRIED_PAYMENT,O001960,INV-0001863,0.0,0,"failed first, retry succeeded - NOT a leak"
L06215,DECOY_RETRIED_PAYMENT,O034806,INV-0032988,0.0,0,"failed first, retry succeeded - NOT a leak"
L06216,DECOY_RETRIED_PAYMENT,O045992,INV-0043626,0.0,0,"failed first, retry succeeded - NOT a leak"
L06217,DECOY_RETRIED_PAYMENT,O022369,INV-0021229,0.0,0,"failed first, retry succeeded - NOT a leak"
L06218,DECOY_RETRIED_PAYMENT,O039719,INV-0037642,0.0,0,"failed first, retry succeeded - NOT a leak"
L06219,DECOY_RETRIED_PAYMENT,O003032,INV-0002870,0.0,0,"failed first, retry succeeded - NOT a leak"
L06220,DECOY_RETRIED_PAYMENT,O010620,INV-0010062,0.0,0,"failed first, retry succeeded - NOT a leak"
L06221,DECOY_RETRIED_PAYMENT,O004753,INV-0004501,0.0,0,"failed first, retry succeeded - NOT a leak"
L06222,DECOY_RETRIED_PAYMENT,O016707,INV-0015855,0.0,0,"failed first, retry succeeded - NOT a leak"
L06223,DECOY_RETRIED_PAYMENT,O016203,INV-0015378,0.0,0,"failed first, retry succeeded - NOT a leak"
L06224,DECOY_RETRIED_PAYMENT,O045803,INV-0043445,0.0,0,"failed first, retry succeeded - NOT a leak"
L06225,DECOY_RETRIED_PAYMENT,O026816,INV-0025435,0.0,0,"failed first, retry succeeded - NOT a leak"
L06226,DECOY_RETRIED_PAYMENT,O039078,INV-0037023,0.0,0,"failed first, retry succeeded - NOT a leak"
L06227,DECOY_RETRIED_PAYMENT,O035295,INV-0033462,0.0,0,"failed first, retry succeeded - NOT a leak"
L06228,DECOY_RETRIED_PAYMENT,O012834,INV-0012164,0.0,0,"failed first, retry succeeded - NOT a leak"
L06229,DECOY_RETRIED_PAYMENT,O017826,INV-0016922,0.0,0,"failed first, retry succeeded - NOT a leak"
L06230,DECOY_RETRIED_PAYMENT,O046623,INV-0044233,0.0,0,"failed first, retry succeeded - NOT a leak"
L06231,DECOY_RETRIED_PAYMENT,O031231,INV-0029598,0.0,0,"failed first, retry succeeded - NOT a leak"
L06232,DECOY_RETRIED_PAYMENT,O020290,INV-0019253,0.0,0,"failed first, retry succeeded - NOT a leak"
L06233,DECOY_RETRIED_PAYMENT,O003482,INV-0003298,0.0,0,"failed first, retry succeeded - NOT a leak"
L06234,DECOY_RETRIED_PAYMENT,O032533,INV-0030833,0.0,0,"failed first, retry succeeded - NOT a leak"
L06235,DECOY_RETRIED_PAYMENT,O036656,INV-0034736,0.0,0,"failed first, retry succeeded - NOT a leak"
L06236,DECOY_RETRIED_PAYMENT,O023428,INV-0022227,0.0,0,"failed first, retry succeeded - NOT a leak"
L06237,DECOY_RETRIED_PAYMENT,O013126,INV-0012446,0.0,0,"failed first, retry succeeded - NOT a leak"
L06238,DECOY_RETRIED_PAYMENT,O045525,INV-0043176,0.0,0,"failed first, retry succeeded - NOT a leak"
L06239,DECOY_RETRIED_PAYMENT,O029561,INV-0028037,0.0,0,"failed first, retry succeeded - NOT a leak"
L06240,DECOY_RETRIED_PAYMENT,O016462,INV-0015620,0.0,0,"failed first, retry succeeded - NOT a leak"
L06241,DECOY_RETRIED_PAYMENT,O005757,INV-0005456,0.0,0,"failed first, retry succeeded - NOT a leak"
L06242,DECOY_RETRIED_PAYMENT,O024851,INV-0023573,0.0,0,"failed first, retry succeeded - NOT a leak"
L06243,DECOY_RETRIED_PAYMENT,O020186,INV-0019156,0.0,0,"failed first, retry succeeded - NOT a leak"
L06244,DECOY_RETRIED_PAYMENT,O029624,INV-0028096,0.0,0,"failed first, retry succeeded - NOT a leak"
L06245,DECOY_RETRIED_PAYMENT,O049463,INV-0046934,0.0,0,"failed first, retry succeeded - NOT a leak"
L06246,DECOY_RETRIED_PAYMENT,O010638,INV-0010080,0.0,0,"failed first, retry succeeded - NOT a leak"
L06247,DECOY_RETRIED_PAYMENT,O004065,INV-0003857,0.0,0,"failed first, retry succeeded - NOT a leak"
L06248,DECOY_RETRIED_PAYMENT,O007991,INV-0007572,0.0,0,"failed first, retry succeeded - NOT a leak"
L06249,DECOY_RETRIED_PAYMENT,O049653,INV-0047118,0.0,0,"failed first, retry succeeded - NOT a leak"
L06250,DECOY_RETRIED_PAYMENT,O018146,INV-0017225,0.0,0,"failed first, retry succeeded - NOT a leak"
L06251,DECOY_RETRIED_PAYMENT,O036944,INV-0035013,0.0,0,"failed first, retry succeeded - NOT a leak"
L06252,DECOY_RETRIED_PAYMENT,O043631,INV-0041370,0.0,0,"failed first, retry succeeded - NOT a leak"
L06253,DECOY_RETRIED_PAYMENT,O017019,INV-0016149,0.0,0,"failed first, retry succeeded - NOT a leak"
L06254,DECOY_RETRIED_PAYMENT,O019616,INV-0018620,0.0,0,"failed first, retry succeeded - NOT a leak"
L06255,DECOY_RETRIED_PAYMENT,O002717,INV-0002576,0.0,0,"failed first, retry succeeded - NOT a leak"
L06256,DECOY_RETRIED_PAYMENT,O016065,INV-0015247,0.0,0,"failed first, retry succeeded - NOT a leak"
L06257,DECOY_RETRIED_PAYMENT,O022896,INV-0021721,0.0,0,"failed first, retry succeeded - NOT a leak"
L06258,DECOY_RETRIED_PAYMENT,O012984,INV-0012309,0.0,0,"failed first, retry succeeded - NOT a leak"
L06259,DECOY_RETRIED_PAYMENT,O047300,INV-0044875,0.0,0,"failed first, retry succeeded - NOT a leak"
L06260,DECOY_RETRIED_PAYMENT,O022857,INV-0021684,0.0,0,"failed first, retry succeeded - NOT a leak"
L06261,DECOY_RETRIED_PAYMENT,O013722,INV-0013021,0.0,0,"failed first, retry succeeded - NOT a leak"
L06262,DECOY_RETRIED_PAYMENT,O012971,INV-0012296,0.0,0,"failed first, retry succeeded - NOT a leak"
L06263,DECOY_RETRIED_PAYMENT,O041194,INV-0039043,0.0,0,"failed first, retry succeeded - NOT a leak"
L06264,DECOY_RETRIED_PAYMENT,O020958,INV-0019891,0.0,0,"failed first, retry succeeded - NOT a leak"
L06265,DECOY_RETRIED_PAYMENT,O033805,INV-0032037,0.0,0,"failed first, retry succeeded - NOT a leak"
L06266,DECOY_RETRIED_PAYMENT,O048754,INV-0046257,0.0,0,"failed first, retry succeeded - NOT a leak"
L06267,DECOY_RETRIED_PAYMENT,O020324,INV-0019284,0.0,0,"failed first, retry succeeded - NOT a leak"
L06268,DECOY_RETRIED_PAYMENT,O015096,INV-0014318,0.0,0,"failed first, retry succeeded - NOT a leak"
L06269,DECOY_RETRIED_PAYMENT,O035567,INV-0033718,0.0,0,"failed first, retry succeeded - NOT a leak"
L06270,DECOY_RETRIED_PAYMENT,O029099,INV-0027599,0.0,0,"failed first, retry succeeded - NOT a leak"
L06271,DECOY_RETRIED_PAYMENT,O021944,INV-0020821,0.0,0,"failed first, retry succeeded - NOT a leak"
L06272,DECOY_RETRIED_PAYMENT,O006147,INV-0005827,0.0,0,"failed first, retry succeeded - NOT a leak"
L06273,DECOY_RETRIED_PAYMENT,O005970,INV-0005658,0.0,0,"failed first, retry succeeded - NOT a leak"
L06274,DECOY_RETRIED_PAYMENT,O049007,INV-0046503,0.0,0,"failed first, retry succeeded - NOT a leak"
L06275,DECOY_RETRIED_PAYMENT,O009131,INV-0008649,0.0,0,"failed first, retry succeeded - NOT a leak"
L06276,DECOY_RETRIED_PAYMENT,O017783,INV-0016881,0.0,0,"failed first, retry succeeded - NOT a leak"
L06277,DECOY_RETRIED_PAYMENT,O035290,INV-0033457,0.0,0,"failed first, retry succeeded - NOT a leak"
L06278,DECOY_RETRIED_PAYMENT,O010759,INV-0010195,0.0,0,"failed first, retry succeeded - NOT a leak"
L06279,DECOY_RETRIED_PAYMENT,O038212,INV-0036200,0.0,0,"failed first, retry succeeded - NOT a leak"
L06280,DECOY_RETRIED_PAYMENT,O040621,INV-0038504,0.0,0,"failed first, retry succeeded - NOT a leak"
L06281,DECOY_RETRIED_PAYMENT,O007935,INV-0007521,0.0,0,"failed first, retry succeeded - NOT a leak"
L06282,DECOY_RETRIED_PAYMENT,O015726,INV-0014921,0.0,0,"failed first, retry succeeded - NOT a leak"
L06283,DECOY_RETRIED_PAYMENT,O045923,INV-0043558,0.0,0,"failed first, retry succeeded - NOT a leak"
L06284,DECOY_RETRIED_PAYMENT,O000039,INV-0000037,0.0,0,"failed first, retry succeeded - NOT a leak"
L06285,DECOY_RETRIED_PAYMENT,O042102,INV-0039905,0.0,0,"failed first, retry succeeded - NOT a leak"
L06286,DECOY_RETRIED_PAYMENT,O045506,INV-0043158,0.0,0,"failed first, retry succeeded - NOT a leak"
L06287,DECOY_RETRIED_PAYMENT,O000256,INV-0000243,0.0,0,"failed first, retry succeeded - NOT a leak"
L06288,DECOY_RETRIED_PAYMENT,O002384,INV-0002261,0.0,0,"failed first, retry succeeded - NOT a leak"
L06289,DECOY_RETRIED_PAYMENT,O027033,INV-0025642,0.0,0,"failed first, retry succeeded - NOT a leak"
L06290,DECOY_RETRIED_PAYMENT,O003877,INV-0003676,0.0,0,"failed first, retry succeeded - NOT a leak"
L06291,DECOY_RETRIED_PAYMENT,O044108,INV-0041822,0.0,0,"failed first, retry succeeded - NOT a leak"
L06292,DECOY_RETRIED_PAYMENT,O032125,INV-0030449,0.0,0,"failed first, retry succeeded - NOT a leak"
L06293,DECOY_RETRIED_PAYMENT,O005526,INV-0005235,0.0,0,"failed first, retry succeeded - NOT a leak"
L06294,DECOY_RETRIED_PAYMENT,O020406,INV-0019364,0.0,0,"failed first, retry succeeded - NOT a leak"
L06295,DECOY_RETRIED_PAYMENT,O024939,INV-0023655,0.0,0,"failed first, retry succeeded - NOT a leak"
L06296,DECOY_RETRIED_PAYMENT,O030715,INV-0029115,0.0,0,"failed first, retry succeeded - NOT a leak"
L06297,DECOY_RETRIED_PAYMENT,O002422,INV-0002295,0.0,0,"failed first, retry succeeded - NOT a leak"
L06298,DECOY_RETRIED_PAYMENT,O032470,INV-0030776,0.0,0,"failed first, retry succeeded - NOT a leak"
L06299,DECOY_RETRIED_PAYMENT,O022438,INV-0021294,0.0,0,"failed first, retry succeeded - NOT a leak"
L06300,DECOY_RETRIED_PAYMENT,O036199,INV-0034310,0.0,0,"failed first, retry succeeded - NOT a leak"
L06301,DECOY_RETRIED_PAYMENT,O022942,INV-0021764,0.0,0,"failed first, retry succeeded - NOT a leak"
L06302,DECOY_RETRIED_PAYMENT,O036539,INV-0034625,0.0,0,"failed first, retry succeeded - NOT a leak"
L06303,DECOY_RETRIED_PAYMENT,O000141,INV-0000132,0.0,0,"failed first, retry succeeded - NOT a leak"
L06304,DECOY_RETRIED_PAYMENT,O002129,INV-0002018,0.0,0,"failed first, retry succeeded - NOT a leak"
L06305,DECOY_RETRIED_PAYMENT,O035407,INV-0033569,0.0,0,"failed first, retry succeeded - NOT a leak"
L06306,DECOY_RETRIED_PAYMENT,O037613,INV-0035643,0.0,0,"failed first, retry succeeded - NOT a leak"
L06307,DECOY_RETRIED_PAYMENT,O039686,INV-0037610,0.0,0,"failed first, retry succeeded - NOT a leak"
L06308,DECOY_RETRIED_PAYMENT,O007578,INV-0007188,0.0,0,"failed first, retry succeeded - NOT a leak"
L06309,DECOY_RETRIED_PAYMENT,O009765,INV-0009248,0.0,0,"failed first, retry succeeded - NOT a leak"
L06310,DECOY_RETRIED_PAYMENT,O001994,INV-0001894,0.0,0,"failed first, retry succeeded - NOT a leak"
L06311,DECOY_RETRIED_PAYMENT,O028971,INV-0027479,0.0,0,"failed first, retry succeeded - NOT a leak"
L06312,DECOY_RETRIED_PAYMENT,O019930,INV-0018919,0.0,0,"failed first, retry succeeded - NOT a leak"
L06313,DECOY_RETRIED_PAYMENT,O032986,INV-0031262,0.0,0,"failed first, retry succeeded - NOT a leak"
L06314,DECOY_RETRIED_PAYMENT,O021908,INV-0020788,0.0,0,"failed first, retry succeeded - NOT a leak"
L06315,DECOY_RETRIED_PAYMENT,O007603,INV-0007211,0.0,0,"failed first, retry succeeded - NOT a leak"
L06316,DECOY_RETRIED_PAYMENT,O008028,INV-0007605,0.0,0,"failed first, retry succeeded - NOT a leak"
L06317,DECOY_RETRIED_PAYMENT,O000472,INV-0000449,0.0,0,"failed first, retry succeeded - NOT a leak"
L06318,DECOY_RETRIED_PAYMENT,O038170,INV-0036161,0.0,0,"failed first, retry succeeded - NOT a leak"
L06319,DECOY_RETRIED_PAYMENT,O049117,INV-0046605,0.0,0,"failed first, retry succeeded - NOT a leak"
L06320,DECOY_RETRIED_PAYMENT,O021660,INV-0020550,0.0,0,"failed first, retry succeeded - NOT a leak"
L06321,DECOY_RETRIED_PAYMENT,O033056,INV-0031329,0.0,0,"failed first, retry succeeded - NOT a leak"
L06322,DECOY_RETRIED_PAYMENT,O048753,INV-0046256,0.0,0,"failed first, retry succeeded - NOT a leak"
L06323,DECOY_RETRIED_PAYMENT,O028010,INV-0026559,0.0,0,"failed first, retry succeeded - NOT a leak"
L06324,DECOY_RETRIED_PAYMENT,O001444,INV-0001375,0.0,0,"failed first, retry succeeded - NOT a leak"
L06325,DECOY_RETRIED_PAYMENT,O049859,INV-0047309,0.0,0,"failed first, retry succeeded - NOT a leak"
L06326,DECOY_RETRIED_PAYMENT,O043468,INV-0041212,0.0,0,"failed first, retry succeeded - NOT a leak"
L06327,DECOY_RETRIED_PAYMENT,O048047,INV-0045582,0.0,0,"failed first, retry succeeded - NOT a leak"
L06328,DECOY_RETRIED_PAYMENT,O042882,INV-0040650,0.0,0,"failed first, retry succeeded - NOT a leak"
L06329,DECOY_RETRIED_PAYMENT,O033696,INV-0031933,0.0,0,"failed first, retry succeeded - NOT a leak"
L06330,DECOY_RETRIED_PAYMENT,O038299,INV-0036285,0.0,0,"failed first, retry succeeded - NOT a leak"
L06331,DECOY_RETRIED_PAYMENT,O028169,INV-0026711,0.0,0,"failed first, retry succeeded - NOT a leak"
L06332,DECOY_RETRIED_PAYMENT,O027215,INV-0025806,0.0,0,"failed first, retry succeeded - NOT a leak"
L06333,DECOY_RETRIED_PAYMENT,O016585,INV-0015736,0.0,0,"failed first, retry succeeded - NOT a leak"
L06334,DECOY_RETRIED_PAYMENT,O000148,INV-0000138,0.0,0,"failed first, retry succeeded - NOT a leak"
L06335,DECOY_RETRIED_PAYMENT,O031403,INV-0029764,0.0,0,"failed first, retry succeeded - NOT a leak"
L06336,DECOY_RETRIED_PAYMENT,O035647,INV-0033793,0.0,0,"failed first, retry succeeded - NOT a leak"
L06337,DECOY_RETRIED_PAYMENT,O002920,INV-0002770,0.0,0,"failed first, retry succeeded - NOT a leak"
L06338,DECOY_RETRIED_PAYMENT,O008223,INV-0007786,0.0,0,"failed first, retry succeeded - NOT a leak"
L06339,DECOY_RETRIED_PAYMENT,O008650,INV-0008186,0.0,0,"failed first, retry succeeded - NOT a leak"
L06340,DECOY_RETRIED_PAYMENT,O006922,INV-0006565,0.0,0,"failed first, retry succeeded - NOT a leak"
L06341,DECOY_RETRIED_PAYMENT,O007765,INV-0007357,0.0,0,"failed first, retry succeeded - NOT a leak"
L06342,DECOY_RETRIED_PAYMENT,O040905,INV-0038774,0.0,0,"failed first, retry succeeded - NOT a leak"
L06343,DECOY_RETRIED_PAYMENT,O000063,INV-0000058,0.0,0,"failed first, retry succeeded - NOT a leak"
L06344,DECOY_RETRIED_PAYMENT,O016979,INV-0016111,0.0,0,"failed first, retry succeeded - NOT a leak"
L06345,DECOY_RETRIED_PAYMENT,O044301,INV-0042008,0.0,0,"failed first, retry succeeded - NOT a leak"
L06346,DECOY_RETRIED_PAYMENT,O008998,INV-0008519,0.0,0,"failed first, retry succeeded - NOT a leak"
L06347,DECOY_RETRIED_PAYMENT,O039088,INV-0037033,0.0,0,"failed first, retry succeeded - NOT a leak"
L06348,DECOY_RETRIED_PAYMENT,O022491,INV-0021345,0.0,0,"failed first, retry succeeded - NOT a leak"
L06349,DECOY_RETRIED_PAYMENT,O018208,INV-0017285,0.0,0,"failed first, retry succeeded - NOT a leak"
L06350,DECOY_RETRIED_PAYMENT,O003370,INV-0003191,0.0,0,"failed first, retry succeeded - NOT a leak"
L06351,DECOY_RETRIED_PAYMENT,O017278,INV-0016402,0.0,0,"failed first, retry succeeded - NOT a leak"
L06352,DECOY_RETRIED_PAYMENT,O044411,INV-0042116,0.0,0,"failed first, retry succeeded - NOT a leak"
L06353,DECOY_RETRIED_PAYMENT,O040111,INV-0038013,0.0,0,"failed first, retry succeeded - NOT a leak"
L06354,DECOY_RETRIED_PAYMENT,O018911,INV-0017954,0.0,0,"failed first, retry succeeded - NOT a leak"
L06355,DECOY_RETRIED_PAYMENT,O043515,INV-0041256,0.0,0,"failed first, retry succeeded - NOT a leak"
L06356,DECOY_RETRIED_PAYMENT,O015907,INV-0015096,0.0,0,"failed first, retry succeeded - NOT a leak"
L06357,DECOY_RETRIED_PAYMENT,O025433,INV-0024120,0.0,0,"failed first, retry succeeded - NOT a leak"
L06358,DECOY_RETRIED_PAYMENT,O009951,INV-0009427,0.0,0,"failed first, retry succeeded - NOT a leak"
L06359,DECOY_RETRIED_PAYMENT,O010089,INV-0009555,0.0,0,"failed first, retry succeeded - NOT a leak"
L06360,DECOY_RETRIED_PAYMENT,O025387,INV-0024079,0.0,0,"failed first, retry succeeded - NOT a leak"
L06361,DECOY_RETRIED_PAYMENT,O018400,INV-0017467,0.0,0,"failed first, retry succeeded - NOT a leak"
L06362,DECOY_RETRIED_PAYMENT,O022621,INV-0021464,0.0,0,"failed first, retry succeeded - NOT a leak"
L06363,DECOY_RETRIED_PAYMENT,O007231,INV-0006857,0.0,0,"failed first, retry succeeded - NOT a leak"
L06364,DECOY_RETRIED_PAYMENT,O009715,INV-0009199,0.0,0,"failed first, retry succeeded - NOT a leak"
L06365,DECOY_RETRIED_PAYMENT,O025577,INV-0024260,0.0,0,"failed first, retry succeeded - NOT a leak"
L06366,DECOY_RETRIED_PAYMENT,O047205,INV-0044785,0.0,0,"failed first, retry succeeded - NOT a leak"
L06367,DECOY_RETRIED_PAYMENT,O036209,INV-0034320,0.0,0,"failed first, retry succeeded - NOT a leak"
L06368,DECOY_RETRIED_PAYMENT,O038921,INV-0036875,0.0,0,"failed first, retry succeeded - NOT a leak"
L06369,DECOY_RETRIED_PAYMENT,O029247,INV-0027738,0.0,0,"failed first, retry succeeded - NOT a leak"
L06370,DECOY_RETRIED_PAYMENT,O025514,INV-0024200,0.0,0,"failed first, retry succeeded - NOT a leak"
L06371,DECOY_RETRIED_PAYMENT,O011359,INV-0010761,0.0,0,"failed first, retry succeeded - NOT a leak"
L06372,DECOY_RETRIED_PAYMENT,O020792,INV-0019733,0.0,0,"failed first, retry succeeded - NOT a leak"
L06373,DECOY_RETRIED_PAYMENT,O035975,INV-0034097,0.0,0,"failed first, retry succeeded - NOT a leak"
L06374,DECOY_RETRIED_PAYMENT,O028370,INV-0026904,0.0,0,"failed first, retry succeeded - NOT a leak"
L06375,DECOY_RETRIED_PAYMENT,O036072,INV-0034190,0.0,0,"failed first, retry succeeded - NOT a leak"
L06376,DECOY_RETRIED_PAYMENT,O017016,INV-0016146,0.0,0,"failed first, retry succeeded - NOT a leak"
L06377,DECOY_RETRIED_PAYMENT,O016793,INV-0015934,0.0,0,"failed first, retry succeeded - NOT a leak"
L06378,DECOY_RETRIED_PAYMENT,O037850,INV-0035864,0.0,0,"failed first, retry succeeded - NOT a leak"
L06379,DECOY_RETRIED_PAYMENT,O038537,INV-0036507,0.0,0,"failed first, retry succeeded - NOT a leak"
L06380,DECOY_RETRIED_PAYMENT,O008923,INV-0008447,0.0,0,"failed first, retry succeeded - NOT a leak"
L06381,DECOY_RETRIED_PAYMENT,O038658,INV-0036625,0.0,0,"failed first, retry succeeded - NOT a leak"
L06382,DECOY_RETRIED_PAYMENT,O041482,INV-0039315,0.0,0,"failed first, retry succeeded - NOT a leak"
L06383,DECOY_RETRIED_PAYMENT,O035918,INV-0034045,0.0,0,"failed first, retry succeeded - NOT a leak"
L06384,DECOY_RETRIED_PAYMENT,O033451,INV-0031698,0.0,0,"failed first, retry succeeded - NOT a leak"
L06385,DECOY_RETRIED_PAYMENT,O020612,INV-0019559,0.0,0,"failed first, retry succeeded - NOT a leak"
L06386,DECOY_RETRIED_PAYMENT,O016850,INV-0015988,0.0,0,"failed first, retry succeeded - NOT a leak"
L06387,DECOY_RETRIED_PAYMENT,O021311,INV-0020216,0.0,0,"failed first, retry succeeded - NOT a leak"
L06388,DECOY_RETRIED_PAYMENT,O040052,INV-0037957,0.0,0,"failed first, retry succeeded - NOT a leak"
L06389,DECOY_RETRIED_PAYMENT,O046937,INV-0044528,0.0,0,"failed first, retry succeeded - NOT a leak"
L06390,DECOY_RETRIED_PAYMENT,O025735,INV-0024414,0.0,0,"failed first, retry succeeded - NOT a leak"
L06391,DECOY_RETRIED_PAYMENT,O001656,INV-0001576,0.0,0,"failed first, retry succeeded - NOT a leak"
L06392,DECOY_RETRIED_PAYMENT,O016074,INV-0015256,0.0,0,"failed first, retry succeeded - NOT a leak"
L06393,DECOY_RETRIED_PAYMENT,O044176,INV-0041889,0.0,0,"failed first, retry succeeded - NOT a leak"
L06394,DECOY_RETRIED_PAYMENT,O020212,INV-0019179,0.0,0,"failed first, retry succeeded - NOT a leak"
L06395,DECOY_RETRIED_PAYMENT,O030686,INV-0029088,0.0,0,"failed first, retry succeeded - NOT a leak"
L06396,DECOY_RETRIED_PAYMENT,O031940,INV-0030274,0.0,0,"failed first, retry succeeded - NOT a leak"
L06397,DECOY_RETRIED_PAYMENT,O048398,INV-0045919,0.0,0,"failed first, retry succeeded - NOT a leak"
L06398,DECOY_RETRIED_PAYMENT,O045650,INV-0043297,0.0,0,"failed first, retry succeeded - NOT a leak"
L06399,DECOY_RETRIED_PAYMENT,O021524,INV-0020419,0.0,0,"failed first, retry succeeded - NOT a leak"
L06400,DECOY_RETRIED_PAYMENT,O042622,INV-0040400,0.0,0,"failed first, retry succeeded - NOT a leak"
L06401,DECOY_RETRIED_PAYMENT,O004584,INV-0004343,0.0,0,"failed first, retry succeeded - NOT a leak"
L06402,DECOY_RETRIED_PAYMENT,O025672,INV-0024354,0.0,0,"failed first, retry succeeded - NOT a leak"
L06403,DECOY_RETRIED_PAYMENT,O019044,INV-0018079,0.0,0,"failed first, retry succeeded - NOT a leak"
L06404,DECOY_RETRIED_PAYMENT,O005752,INV-0005451,0.0,0,"failed first, retry succeeded - NOT a leak"
L06405,DECOY_RETRIED_PAYMENT,O042730,INV-0040507,0.0,0,"failed first, retry succeeded - NOT a leak"
L06406,DECOY_RETRIED_PAYMENT,O002090,INV-0001982,0.0,0,"failed first, retry succeeded - NOT a leak"
L06407,DECOY_RETRIED_PAYMENT,O019899,INV-0018890,0.0,0,"failed first, retry succeeded - NOT a leak"
L06408,DECOY_RETRIED_PAYMENT,O034155,INV-0032373,0.0,0,"failed first, retry succeeded - NOT a leak"
L06409,DECOY_RETRIED_PAYMENT,O004552,INV-0004312,0.0,0,"failed first, retry succeeded - NOT a leak"
L06410,DECOY_RETRIED_PAYMENT,O019331,INV-0018351,0.0,0,"failed first, retry succeeded - NOT a leak"
L06411,DECOY_RETRIED_PAYMENT,O018244,INV-0017318,0.0,0,"failed first, retry succeeded - NOT a leak"
L06412,DECOY_RETRIED_PAYMENT,O022054,INV-0020928,0.0,0,"failed first, retry succeeded - NOT a leak"
L06413,DECOY_RETRIED_PAYMENT,O023612,INV-0022401,0.0,0,"failed first, retry succeeded - NOT a leak"
L06414,DECOY_RETRIED_PAYMENT,O033817,INV-0032048,0.0,0,"failed first, retry succeeded - NOT a leak"
L06415,DECOY_RETRIED_PAYMENT,O014112,INV-0013384,0.0,0,"failed first, retry succeeded - NOT a leak"
L06416,DECOY_RETRIED_PAYMENT,O008495,INV-0008040,0.0,0,"failed first, retry succeeded - NOT a leak"
L06417,DECOY_RETRIED_PAYMENT,O014271,INV-0013537,0.0,0,"failed first, retry succeeded - NOT a leak"
L06418,DECOY_RETRIED_PAYMENT,O000353,INV-0000334,0.0,0,"failed first, retry succeeded - NOT a leak"
L06419,DECOY_RETRIED_PAYMENT,O001395,INV-0001327,0.0,0,"failed first, retry succeeded - NOT a leak"
L06420,DECOY_RETRIED_PAYMENT,O040065,INV-0037970,0.0,0,"failed first, retry succeeded - NOT a leak"
L06421,DECOY_RETRIED_PAYMENT,O040975,INV-0038838,0.0,0,"failed first, retry succeeded - NOT a leak"
L06422,DECOY_RETRIED_PAYMENT,O042085,INV-0039888,0.0,0,"failed first, retry succeeded - NOT a leak"
L06423,DECOY_RETRIED_PAYMENT,O034259,INV-0032473,0.0,0,"failed first, retry succeeded - NOT a leak"
L06424,DECOY_RETRIED_PAYMENT,O011598,INV-0010990,0.0,0,"failed first, retry succeeded - NOT a leak"
L06425,DECOY_RETRIED_PAYMENT,O016547,INV-0015700,0.0,0,"failed first, retry succeeded - NOT a leak"
L06426,DECOY_RETRIED_PAYMENT,O015688,INV-0014885,0.0,0,"failed first, retry succeeded - NOT a leak"
L06427,DECOY_RETRIED_PAYMENT,O034394,INV-0032603,0.0,0,"failed first, retry succeeded - NOT a leak"
L06428,DECOY_RETRIED_PAYMENT,O006749,INV-0006404,0.0,0,"failed first, retry succeeded - NOT a leak"
L06429,DECOY_RETRIED_PAYMENT,O018884,INV-0017928,0.0,0,"failed first, retry succeeded - NOT a leak"
L06430,DECOY_RETRIED_PAYMENT,O020488,INV-0019443,0.0,0,"failed first, retry succeeded - NOT a leak"
L06431,DECOY_RETRIED_PAYMENT,O026039,INV-0024700,0.0,0,"failed first, retry succeeded - NOT a leak"
L06432,DECOY_RETRIED_PAYMENT,O041496,INV-0039328,0.0,0,"failed first, retry succeeded - NOT a leak"
L06433,DECOY_RETRIED_PAYMENT,O035638,INV-0033784,0.0,0,"failed first, retry succeeded - NOT a leak"
L06434,DECOY_RETRIED_PAYMENT,O007118,INV-0006750,0.0,0,"failed first, retry succeeded - NOT a leak"
L06435,DECOY_RETRIED_PAYMENT,O028404,INV-0026936,0.0,0,"failed first, retry succeeded - NOT a leak"
L06436,DECOY_RETRIED_PAYMENT,O047103,INV-0044688,0.0,0,"failed first, retry succeeded - NOT a leak"
L06437,DECOY_RETRIED_PAYMENT,O012284,INV-0011639,0.0,0,"failed first, retry succeeded - NOT a leak"
L06438,DECOY_RETRIED_PAYMENT,O039763,INV-0037683,0.0,0,"failed first, retry succeeded - NOT a leak"
L06439,DECOY_RETRIED_PAYMENT,O008258,INV-0007817,0.0,0,"failed first, retry succeeded - NOT a leak"
L06440,DECOY_RETRIED_PAYMENT,O037280,INV-0035334,0.0,0,"failed first, retry succeeded - NOT a leak"
L06441,DECOY_RETRIED_PAYMENT,O042441,INV-0040230,0.0,0,"failed first, retry succeeded - NOT a leak"
L06442,DECOY_RETRIED_PAYMENT,O027490,INV-0026065,0.0,0,"failed first, retry succeeded - NOT a leak"
L06443,DECOY_RETRIED_PAYMENT,O020097,INV-0019074,0.0,0,"failed first, retry succeeded - NOT a leak"
L06444,DECOY_RETRIED_PAYMENT,O028467,INV-0026996,0.0,0,"failed first, retry succeeded - NOT a leak"
L06445,DECOY_RETRIED_PAYMENT,O033035,INV-0031308,0.0,0,"failed first, retry succeeded - NOT a leak"
L06446,DECOY_RETRIED_PAYMENT,O036183,INV-0034295,0.0,0,"failed first, retry succeeded - NOT a leak"
L06447,DECOY_RETRIED_PAYMENT,O024807,INV-0023531,0.0,0,"failed first, retry succeeded - NOT a leak"
L06448,DECOY_RETRIED_PAYMENT,O019928,INV-0018917,0.0,0,"failed first, retry succeeded - NOT a leak"
L06449,DECOY_RETRIED_PAYMENT,O047125,INV-0044709,0.0,0,"failed first, retry succeeded - NOT a leak"
L06450,DECOY_RETRIED_PAYMENT,O047677,INV-0045237,0.0,0,"failed first, retry succeeded - NOT a leak"
L06451,DECOY_RETRIED_PAYMENT,O008376,INV-0007927,0.0,0,"failed first, retry succeeded - NOT a leak"
L06452,DECOY_RETRIED_PAYMENT,O039889,INV-0037802,0.0,0,"failed first, retry succeeded - NOT a leak"
L06453,DECOY_RETRIED_PAYMENT,O036414,INV-0034510,0.0,0,"failed first, retry succeeded - NOT a leak"
L06454,DECOY_RETRIED_PAYMENT,O009749,INV-0009232,0.0,0,"failed first, retry succeeded - NOT a leak"
L06455,DECOY_RETRIED_PAYMENT,O035322,INV-0033489,0.0,0,"failed first, retry succeeded - NOT a leak"
L06456,DECOY_RETRIED_PAYMENT,O048837,INV-0046338,0.0,0,"failed first, retry succeeded - NOT a leak"
L06457,DECOY_RETRIED_PAYMENT,O018336,INV-0017406,0.0,0,"failed first, retry succeeded - NOT a leak"
L06458,DECOY_RETRIED_PAYMENT,O010400,INV-0009854,0.0,0,"failed first, retry succeeded - NOT a leak"
L06459,DECOY_RETRIED_PAYMENT,O026830,INV-0025449,0.0,0,"failed first, retry succeeded - NOT a leak"
L06460,DECOY_RETRIED_PAYMENT,O024940,INV-0023656,0.0,0,"failed first, retry succeeded - NOT a leak"
L06461,DECOY_RETRIED_PAYMENT,O028101,INV-0026645,0.0,0,"failed first, retry succeeded - NOT a leak"
L06462,DECOY_RETRIED_PAYMENT,O017128,INV-0016257,0.0,0,"failed first, retry succeeded - NOT a leak"
L06463,DECOY_RETRIED_PAYMENT,O023730,INV-0022508,0.0,0,"failed first, retry succeeded - NOT a leak"
L06464,DECOY_RETRIED_PAYMENT,O002279,INV-0002160,0.0,0,"failed first, retry succeeded - NOT a leak"
L06465,DECOY_RETRIED_PAYMENT,O009999,INV-0009473,0.0,0,"failed first, retry succeeded - NOT a leak"
L06466,DECOY_RETRIED_PAYMENT,O040140,INV-0038042,0.0,0,"failed first, retry succeeded - NOT a leak"
L06467,DECOY_RETRIED_PAYMENT,O011820,INV-0011196,0.0,0,"failed first, retry succeeded - NOT a leak"
L06468,DECOY_RETRIED_PAYMENT,O031312,INV-0029675,0.0,0,"failed first, retry succeeded - NOT a leak"
L06469,DECOY_RETRIED_PAYMENT,O048628,INV-0046138,0.0,0,"failed first, retry succeeded - NOT a leak"
L06470,DECOY_RETRIED_PAYMENT,O035244,INV-0033415,0.0,0,"failed first, retry succeeded - NOT a leak"
L06471,DECOY_RETRIED_PAYMENT,O011478,INV-0010875,0.0,0,"failed first, retry succeeded - NOT a leak"
L06472,DECOY_RETRIED_PAYMENT,O013066,INV-0012386,0.0,0,"failed first, retry succeeded - NOT a leak"
L06473,DECOY_RETRIED_PAYMENT,O031741,INV-0030087,0.0,0,"failed first, retry succeeded - NOT a leak"
L06474,DECOY_RETRIED_PAYMENT,O039760,INV-0037680,0.0,0,"failed first, retry succeeded - NOT a leak"
L06475,DECOY_RETRIED_PAYMENT,O031257,INV-0029622,0.0,0,"failed first, retry succeeded - NOT a leak"
L06476,DECOY_RETRIED_PAYMENT,O004025,INV-0003818,0.0,0,"failed first, retry succeeded - NOT a leak"
L06477,DECOY_RETRIED_PAYMENT,O042902,INV-0040668,0.0,0,"failed first, retry succeeded - NOT a leak"
L06478,DECOY_RETRIED_PAYMENT,O046070,INV-0043701,0.0,0,"failed first, retry succeeded - NOT a leak"
L06479,DECOY_RETRIED_PAYMENT,O021638,INV-0020528,0.0,0,"failed first, retry succeeded - NOT a leak"
L06480,DECOY_RETRIED_PAYMENT,O002773,INV-0002630,0.0,0,"failed first, retry succeeded - NOT a leak"
L06481,DECOY_RETRIED_PAYMENT,O039494,INV-0037426,0.0,0,"failed first, retry succeeded - NOT a leak"
L06482,DECOY_RETRIED_PAYMENT,O004879,INV-0004621,0.0,0,"failed first, retry succeeded - NOT a leak"
L06483,DECOY_RETRIED_PAYMENT,O047956,INV-0045498,0.0,0,"failed first, retry succeeded - NOT a leak"
L06484,DECOY_RETRIED_PAYMENT,O038493,INV-0036466,0.0,0,"failed first, retry succeeded - NOT a leak"
L06485,DECOY_RETRIED_PAYMENT,O025347,INV-0024042,0.0,0,"failed first, retry succeeded - NOT a leak"
L06486,DECOY_RETRIED_PAYMENT,O044457,INV-0042160,0.0,0,"failed first, retry succeeded - NOT a leak"
L06487,DECOY_RETRIED_PAYMENT,O035314,INV-0033481,0.0,0,"failed first, retry succeeded - NOT a leak"
L06488,DECOY_RETRIED_PAYMENT,O001292,INV-0001228,0.0,0,"failed first, retry succeeded - NOT a leak"
L06489,DECOY_RETRIED_PAYMENT,O024892,INV-0023611,0.0,0,"failed first, retry succeeded - NOT a leak"
L06490,DECOY_RETRIED_PAYMENT,O003006,INV-0002845,0.0,0,"failed first, retry succeeded - NOT a leak"
L06491,DECOY_RETRIED_PAYMENT,O018508,INV-0017572,0.0,0,"failed first, retry succeeded - NOT a leak"
L06492,DECOY_RETRIED_PAYMENT,O019689,INV-0018692,0.0,0,"failed first, retry succeeded - NOT a leak"
L06493,DECOY_RETRIED_PAYMENT,O041718,INV-0039538,0.0,0,"failed first, retry succeeded - NOT a leak"
L06494,DECOY_RETRIED_PAYMENT,O021297,INV-0020204,0.0,0,"failed first, retry succeeded - NOT a leak"
L06495,DECOY_RETRIED_PAYMENT,O026606,INV-0025236,0.0,0,"failed first, retry succeeded - NOT a leak"
L06496,DECOY_RETRIED_PAYMENT,O049785,INV-0047239,0.0,0,"failed first, retry succeeded - NOT a leak"
L06497,DECOY_RETRIED_PAYMENT,O010240,INV-0009700,0.0,0,"failed first, retry succeeded - NOT a leak"
L06498,DECOY_RETRIED_PAYMENT,O028519,INV-0027046,0.0,0,"failed first, retry succeeded - NOT a leak"
L06499,DECOY_RETRIED_PAYMENT,O023124,INV-0021941,0.0,0,"failed first, retry succeeded - NOT a leak"
L06500,DECOY_RETRIED_PAYMENT,O036303,INV-0034406,0.0,0,"failed first, retry succeeded - NOT a leak"
L06501,DECOY_RETRIED_PAYMENT,O041128,INV-0038983,0.0,0,"failed first, retry succeeded - NOT a leak"
L06502,DECOY_RETRIED_PAYMENT,O011720,INV-0011101,0.0,0,"failed first, retry succeeded - NOT a leak"
L06503,DECOY_RETRIED_PAYMENT,O048685,INV-0046191,0.0,0,"failed first, retry succeeded - NOT a leak"
L06504,DECOY_RETRIED_PAYMENT,O018655,INV-0017709,0.0,0,"failed first, retry succeeded - NOT a leak"
L06505,DECOY_RETRIED_PAYMENT,O018376,INV-0017444,0.0,0,"failed first, retry succeeded - NOT a leak"
L06506,DECOY_RETRIED_PAYMENT,O038674,INV-0036641,0.0,0,"failed first, retry succeeded - NOT a leak"
L06507,DECOY_RETRIED_PAYMENT,O034430,INV-0032636,0.0,0,"failed first, retry succeeded - NOT a leak"
L06508,DECOY_RETRIED_PAYMENT,O013322,INV-0012631,0.0,0,"failed first, retry succeeded - NOT a leak"
L06509,DECOY_RETRIED_PAYMENT,O029455,INV-0027935,0.0,0,"failed first, retry succeeded - NOT a leak"
L06510,DECOY_RETRIED_PAYMENT,O016017,INV-0015202,0.0,0,"failed first, retry succeeded - NOT a leak"
L06511,DECOY_RETRIED_PAYMENT,O018135,INV-0017215,0.0,0,"failed first, retry succeeded - NOT a leak"
L06512,DECOY_RETRIED_PAYMENT,O024145,INV-0022904,0.0,0,"failed first, retry succeeded - NOT a leak"
L06513,DECOY_RETRIED_PAYMENT,O021123,INV-0020040,0.0,0,"failed first, retry succeeded - NOT a leak"
L06514,DECOY_RETRIED_PAYMENT,O005194,INV-0004919,0.0,0,"failed first, retry succeeded - NOT a leak"
L06515,DECOY_RETRIED_PAYMENT,O045457,INV-0043111,0.0,0,"failed first, retry succeeded - NOT a leak"
L06516,DECOY_RETRIED_PAYMENT,O039858,INV-0037772,0.0,0,"failed first, retry succeeded - NOT a leak"
L06517,DECOY_RETRIED_PAYMENT,O038586,INV-0036554,0.0,0,"failed first, retry succeeded - NOT a leak"
L06518,DECOY_RETRIED_PAYMENT,O021418,INV-0020318,0.0,0,"failed first, retry succeeded - NOT a leak"
L06519,DECOY_RETRIED_PAYMENT,O032883,INV-0031164,0.0,0,"failed first, retry succeeded - NOT a leak"
L06520,DECOY_RETRIED_PAYMENT,O012194,INV-0011554,0.0,0,"failed first, retry succeeded - NOT a leak"
L06521,DECOY_RETRIED_PAYMENT,O047730,INV-0045289,0.0,0,"failed first, retry succeeded - NOT a leak"
L06522,DECOY_RETRIED_PAYMENT,O032910,INV-0031191,0.0,0,"failed first, retry succeeded - NOT a leak"
L06523,DECOY_RETRIED_PAYMENT,O020229,INV-0019195,0.0,0,"failed first, retry succeeded - NOT a leak"
L06524,DECOY_RETRIED_PAYMENT,O030292,INV-0028718,0.0,0,"failed first, retry succeeded - NOT a leak"
L06525,DECOY_RETRIED_PAYMENT,O036027,INV-0034145,0.0,0,"failed first, retry succeeded - NOT a leak"
L06526,DECOY_RETRIED_PAYMENT,O041335,INV-0039174,0.0,0,"failed first, retry succeeded - NOT a leak"
L06527,DECOY_RETRIED_PAYMENT,O015097,INV-0014319,0.0,0,"failed first, retry succeeded - NOT a leak"
L06528,DECOY_RETRIED_PAYMENT,O039707,INV-0037630,0.0,0,"failed first, retry succeeded - NOT a leak"
L06529,DECOY_RETRIED_PAYMENT,O023107,INV-0021924,0.0,0,"failed first, retry succeeded - NOT a leak"
L06530,DECOY_RETRIED_PAYMENT,O031690,INV-0030037,0.0,0,"failed first, retry succeeded - NOT a leak"
L06531,DECOY_RETRIED_PAYMENT,O047254,INV-0044833,0.0,0,"failed first, retry succeeded - NOT a leak"
L06532,DECOY_RETRIED_PAYMENT,O022100,INV-0020973,0.0,0,"failed first, retry succeeded - NOT a leak"
L06533,DECOY_RETRIED_PAYMENT,O002420,INV-0002293,0.0,0,"failed first, retry succeeded - NOT a leak"
L06534,DECOY_RETRIED_PAYMENT,O040995,INV-0038858,0.0,0,"failed first, retry succeeded - NOT a leak"
L06535,DECOY_RETRIED_PAYMENT,O030870,INV-0029255,0.0,0,"failed first, retry succeeded - NOT a leak"
L06536,DECOY_RETRIED_PAYMENT,O026843,INV-0025461,0.0,0,"failed first, retry succeeded - NOT a leak"
L06537,DECOY_RETRIED_PAYMENT,O003345,INV-0003166,0.0,0,"failed first, retry succeeded - NOT a leak"
L06538,DECOY_RETRIED_PAYMENT,O031345,INV-0029708,0.0,0,"failed first, retry succeeded - NOT a leak"
L06539,DECOY_RETRIED_PAYMENT,O008675,INV-0008211,0.0,0,"failed first, retry succeeded - NOT a leak"
L06540,DECOY_RETRIED_PAYMENT,O003082,INV-0002917,0.0,0,"failed first, retry succeeded - NOT a leak"
L06541,DECOY_RETRIED_PAYMENT,O013015,INV-0012339,0.0,0,"failed first, retry succeeded - NOT a leak"
L06542,DECOY_RETRIED_PAYMENT,O025669,INV-0024351,0.0,0,"failed first, retry succeeded - NOT a leak"
L06543,DECOY_RETRIED_PAYMENT,O041663,INV-0039484,0.0,0,"failed first, retry succeeded - NOT a leak"
L06544,DECOY_RETRIED_PAYMENT,O038219,INV-0036207,0.0,0,"failed first, retry succeeded - NOT a leak"
L06545,DECOY_RETRIED_PAYMENT,O015537,INV-0014742,0.0,0,"failed first, retry succeeded - NOT a leak"
L06546,DECOY_RETRIED_PAYMENT,O044436,INV-0042141,0.0,0,"failed first, retry succeeded - NOT a leak"
L06547,DECOY_RETRIED_PAYMENT,O019411,INV-0018428,0.0,0,"failed first, retry succeeded - NOT a leak"
L06548,DECOY_RETRIED_PAYMENT,O008909,INV-0008433,0.0,0,"failed first, retry succeeded - NOT a leak"
L06549,DECOY_RETRIED_PAYMENT,O021764,INV-0020650,0.0,0,"failed first, retry succeeded - NOT a leak"
L06550,DECOY_RETRIED_PAYMENT,O015524,INV-0014729,0.0,0,"failed first, retry succeeded - NOT a leak"
L06551,DECOY_RETRIED_PAYMENT,O010184,INV-0009646,0.0,0,"failed first, retry succeeded - NOT a leak"
L06552,DECOY_RETRIED_PAYMENT,O029491,INV-0027970,0.0,0,"failed first, retry succeeded - NOT a leak"
L06553,DECOY_RETRIED_PAYMENT,O021358,INV-0020261,0.0,0,"failed first, retry succeeded - NOT a leak"
L06554,DECOY_RETRIED_PAYMENT,O026264,INV-0024911,0.0,0,"failed first, retry succeeded - NOT a leak"
L06555,DECOY_RETRIED_PAYMENT,O030181,INV-0028613,0.0,0,"failed first, retry succeeded - NOT a leak"
L06556,DECOY_RETRIED_PAYMENT,O013781,INV-0013076,0.0,0,"failed first, retry succeeded - NOT a leak"
L06557,DECOY_RETRIED_PAYMENT,O034685,INV-0032872,0.0,0,"failed first, retry succeeded - NOT a leak"
L06558,DECOY_RETRIED_PAYMENT,O037192,INV-0035251,0.0,0,"failed first, retry succeeded - NOT a leak"
L06559,DECOY_RETRIED_PAYMENT,O042857,INV-0040628,0.0,0,"failed first, retry succeeded - NOT a leak"
L06560,DECOY_RETRIED_PAYMENT,O013072,INV-0012392,0.0,0,"failed first, retry succeeded - NOT a leak"
L06561,DECOY_RETRIED_PAYMENT,O043899,INV-0041628,0.0,0,"failed first, retry succeeded - NOT a leak"
L06562,DECOY_RETRIED_PAYMENT,O022835,INV-0021663,0.0,0,"failed first, retry succeeded - NOT a leak"
L06563,DECOY_RETRIED_PAYMENT,O028175,INV-0026717,0.0,0,"failed first, retry succeeded - NOT a leak"
L06564,DECOY_RETRIED_PAYMENT,O019581,INV-0018586,0.0,0,"failed first, retry succeeded - NOT a leak"
L06565,DECOY_RETRIED_PAYMENT,O039091,INV-0037036,0.0,0,"failed first, retry succeeded - NOT a leak"
L06566,DECOY_RETRIED_PAYMENT,O020089,INV-0019066,0.0,0,"failed first, retry succeeded - NOT a leak"
L06567,DECOY_RETRIED_PAYMENT,O037783,INV-0035802,0.0,0,"failed first, retry succeeded - NOT a leak"
L06568,DECOY_RETRIED_PAYMENT,O044439,INV-0042143,0.0,0,"failed first, retry succeeded - NOT a leak"
L06569,DECOY_RETRIED_PAYMENT,O010581,INV-0010023,0.0,0,"failed first, retry succeeded - NOT a leak"
L06570,DECOY_RETRIED_PAYMENT,O006411,INV-0006076,0.0,0,"failed first, retry succeeded - NOT a leak"
L06571,DECOY_RETRIED_PAYMENT,O048954,INV-0046450,0.0,0,"failed first, retry succeeded - NOT a leak"
L06572,DECOY_RETRIED_PAYMENT,O037482,INV-0035520,0.0,0,"failed first, retry succeeded - NOT a leak"
L06573,DECOY_RETRIED_PAYMENT,O002586,INV-0002449,0.0,0,"failed first, retry succeeded - NOT a leak"
L06574,DECOY_RETRIED_PAYMENT,O022453,INV-0021308,0.0,0,"failed first, retry succeeded - NOT a leak"
L06575,DECOY_RETRIED_PAYMENT,O021892,INV-0020774,0.0,0,"failed first, retry succeeded - NOT a leak"
L06576,DECOY_RETRIED_PAYMENT,O008497,INV-0008042,0.0,0,"failed first, retry succeeded - NOT a leak"
L06577,DECOY_RETRIED_PAYMENT,O004950,INV-0004686,0.0,0,"failed first, retry succeeded - NOT a leak"
L06578,DECOY_RETRIED_PAYMENT,O026754,INV-0025376,0.0,0,"failed first, retry succeeded - NOT a leak"
L06579,DECOY_RETRIED_PAYMENT,O038257,INV-0036244,0.0,0,"failed first, retry succeeded - NOT a leak"
L06580,DECOY_RETRIED_PAYMENT,O025600,INV-0024283,0.0,0,"failed first, retry succeeded - NOT a leak"
L06581,DECOY_RETRIED_PAYMENT,O009665,INV-0009151,0.0,0,"failed first, retry succeeded - NOT a leak"
L06582,DECOY_RETRIED_PAYMENT,O031173,INV-0029544,0.0,0,"failed first, retry succeeded - NOT a leak"
L06583,DECOY_RETRIED_PAYMENT,O038155,INV-0036147,0.0,0,"failed first, retry succeeded - NOT a leak"
L06584,DECOY_RETRIED_PAYMENT,O010518,INV-0009965,0.0,0,"failed first, retry succeeded - NOT a leak"
L06585,DECOY_RETRIED_PAYMENT,O048049,INV-0045584,0.0,0,"failed first, retry succeeded - NOT a leak"
L06586,DECOY_RETRIED_PAYMENT,O000403,INV-0000383,0.0,0,"failed first, retry succeeded - NOT a leak"
L06587,DECOY_RETRIED_PAYMENT,O035227,INV-0033399,0.0,0,"failed first, retry succeeded - NOT a leak"
L06588,DECOY_RETRIED_PAYMENT,O014955,INV-0014184,0.0,0,"failed first, retry succeeded - NOT a leak"
L06589,DECOY_RETRIED_PAYMENT,O010733,INV-0010170,0.0,0,"failed first, retry succeeded - NOT a leak"
L06590,DECOY_RETRIED_PAYMENT,O045375,INV-0043033,0.0,0,"failed first, retry succeeded - NOT a leak"
L06591,DECOY_RETRIED_PAYMENT,O008880,INV-0008405,0.0,0,"failed first, retry succeeded - NOT a leak"
L06592,DECOY_RETRIED_PAYMENT,O033735,INV-0031971,0.0,0,"failed first, retry succeeded - NOT a leak"
L06593,DECOY_RETRIED_PAYMENT,O039940,INV-0037852,0.0,0,"failed first, retry succeeded - NOT a leak"
L06594,DECOY_RETRIED_PAYMENT,O044743,INV-0042436,0.0,0,"failed first, retry succeeded - NOT a leak"
L06595,DECOY_RETRIED_PAYMENT,O034666,INV-0032853,0.0,0,"failed first, retry succeeded - NOT a leak"
L06596,DECOY_RETRIED_PAYMENT,O016756,INV-0015900,0.0,0,"failed first, retry succeeded - NOT a leak"
L06597,DECOY_RETRIED_PAYMENT,O035541,INV-0033694,0.0,0,"failed first, retry succeeded - NOT a leak"
L06598,DECOY_RETRIED_PAYMENT,O006340,INV-0006012,0.0,0,"failed first, retry succeeded - NOT a leak"
L06599,DECOY_RETRIED_PAYMENT,O009874,INV-0009353,0.0,0,"failed first, retry succeeded - NOT a leak"
L06600,DECOY_RETRIED_PAYMENT,O046915,INV-0044507,0.0,0,"failed first, retry succeeded - NOT a leak"
L06601,DECOY_RETRIED_PAYMENT,O047974,INV-0045514,0.0,0,"failed first, retry succeeded - NOT a leak"
L06602,DECOY_RETRIED_PAYMENT,O025065,INV-0023777,0.0,0,"failed first, retry succeeded - NOT a leak"
L06603,DECOY_RETRIED_PAYMENT,O008986,INV-0008507,0.0,0,"failed first, retry succeeded - NOT a leak"
L06604,DECOY_RETRIED_PAYMENT,O022290,INV-0021152,0.0,0,"failed first, retry succeeded - NOT a leak"
L06605,DECOY_RETRIED_PAYMENT,O009222,INV-0008732,0.0,0,"failed first, retry succeeded - NOT a leak"
L06606,DECOY_RETRIED_PAYMENT,O025131,INV-0023840,0.0,0,"failed first, retry succeeded - NOT a leak"
L06607,DECOY_RETRIED_PAYMENT,O021013,INV-0019936,0.0,0,"failed first, retry succeeded - NOT a leak"
L06608,DECOY_RETRIED_PAYMENT,O016578,INV-0015730,0.0,0,"failed first, retry succeeded - NOT a leak"
L06609,DECOY_RETRIED_PAYMENT,O024091,INV-0022852,0.0,0,"failed first, retry succeeded - NOT a leak"
L06610,DECOY_RETRIED_PAYMENT,O013388,INV-0012695,0.0,0,"failed first, retry succeeded - NOT a leak"
L06611,DECOY_RETRIED_PAYMENT,O039682,INV-0037606,0.0,0,"failed first, retry succeeded - NOT a leak"
L06612,DECOY_RETRIED_PAYMENT,O024953,INV-0023669,0.0,0,"failed first, retry succeeded - NOT a leak"
L06613,DECOY_RETRIED_PAYMENT,O007976,INV-0007558,0.0,0,"failed first, retry succeeded - NOT a leak"
L06614,DECOY_RETRIED_PAYMENT,O044282,INV-0041989,0.0,0,"failed first, retry succeeded - NOT a leak"
L06615,DECOY_RETRIED_PAYMENT,O034078,INV-0032298,0.0,0,"failed first, retry succeeded - NOT a leak"
L06616,DECOY_RETRIED_PAYMENT,O042177,INV-0039975,0.0,0,"failed first, retry succeeded - NOT a leak"
L06617,DECOY_RETRIED_PAYMENT,O049230,INV-0046713,0.0,0,"failed first, retry succeeded - NOT a leak"
L06618,DECOY_RETRIED_PAYMENT,O017152,INV-0016280,0.0,0,"failed first, retry succeeded - NOT a leak"
L06619,DECOY_RETRIED_PAYMENT,O015388,INV-0014597,0.0,0,"failed first, retry succeeded - NOT a leak"
L06620,DECOY_RETRIED_PAYMENT,O009957,INV-0009432,0.0,0,"failed first, retry succeeded - NOT a leak"
L06621,DECOY_RETRIED_PAYMENT,O039006,INV-0036954,0.0,0,"failed first, retry succeeded - NOT a leak"
L06622,DECOY_RETRIED_PAYMENT,O004184,INV-0003965,0.0,0,"failed first, retry succeeded - NOT a leak"
L06623,DECOY_RETRIED_PAYMENT,O024432,INV-0023177,0.0,0,"failed first, retry succeeded - NOT a leak"
L06624,DECOY_RETRIED_PAYMENT,O013880,INV-0013170,0.0,0,"failed first, retry succeeded - NOT a leak"
L06625,DECOY_RETRIED_PAYMENT,O035894,INV-0034026,0.0,0,"failed first, retry succeeded - NOT a leak"
L06626,DECOY_RETRIED_PAYMENT,O028745,INV-0027258,0.0,0,"failed first, retry succeeded - NOT a leak"
L06627,DECOY_RETRIED_PAYMENT,O016782,INV-0015923,0.0,0,"failed first, retry succeeded - NOT a leak"
L06628,DECOY_RETRIED_PAYMENT,O029586,INV-0028061,0.0,0,"failed first, retry succeeded - NOT a leak"
L06629,DECOY_RETRIED_PAYMENT,O016339,INV-0015503,0.0,0,"failed first, retry succeeded - NOT a leak"
L06630,DECOY_RETRIED_PAYMENT,O047161,INV-0044743,0.0,0,"failed first, retry succeeded - NOT a leak"
L06631,DECOY_RETRIED_PAYMENT,O038648,INV-0036615,0.0,0,"failed first, retry succeeded - NOT a leak"
L06632,DECOY_RETRIED_PAYMENT,O028555,INV-0027078,0.0,0,"failed first, retry succeeded - NOT a leak"
L06633,DECOY_RETRIED_PAYMENT,O020622,INV-0019568,0.0,0,"failed first, retry succeeded - NOT a leak"
L06634,DECOY_RETRIED_PAYMENT,O043220,INV-0040972,0.0,0,"failed first, retry succeeded - NOT a leak"
L06635,DECOY_RETRIED_PAYMENT,O024079,INV-0022840,0.0,0,"failed first, retry succeeded - NOT a leak"
L06636,DECOY_RETRIED_PAYMENT,O013181,INV-0012499,0.0,0,"failed first, retry succeeded - NOT a leak"
L06637,DECOY_RETRIED_PAYMENT,O006037,INV-0005722,0.0,0,"failed first, retry succeeded - NOT a leak"
L06638,DECOY_RETRIED_PAYMENT,O006076,INV-0005759,0.0,0,"failed first, retry succeeded - NOT a leak"
L06639,DECOY_RETRIED_PAYMENT,O049158,INV-0046644,0.0,0,"failed first, retry succeeded - NOT a leak"
L06640,DECOY_RETRIED_PAYMENT,O039422,INV-0037356,0.0,0,"failed first, retry succeeded - NOT a leak"
L06641,DECOY_RETRIED_PAYMENT,O001164,INV-0001108,0.0,0,"failed first, retry succeeded - NOT a leak"
L06642,DECOY_RETRIED_PAYMENT,O034371,INV-0032580,0.0,0,"failed first, retry succeeded - NOT a leak"
L06643,DECOY_RETRIED_PAYMENT,O029040,INV-0027542,0.0,0,"failed first, retry succeeded - NOT a leak"
L06644,DECOY_RETRIED_PAYMENT,O006895,INV-0006541,0.0,0,"failed first, retry succeeded - NOT a leak"
L06645,DECOY_RETRIED_PAYMENT,O023418,INV-0022219,0.0,0,"failed first, retry succeeded - NOT a leak"
L06646,DECOY_RETRIED_PAYMENT,O017650,INV-0016754,0.0,0,"failed first, retry succeeded - NOT a leak"
L06647,DECOY_RETRIED_PAYMENT,O000515,INV-0000489,0.0,0,"failed first, retry succeeded - NOT a leak"
L06648,DECOY_RETRIED_PAYMENT,O043422,INV-0041166,0.0,0,"failed first, retry succeeded - NOT a leak"
L06649,DECOY_RETRIED_PAYMENT,O000210,INV-0000198,0.0,0,"failed first, retry succeeded - NOT a leak"
L06650,DECOY_RETRIED_PAYMENT,O019650,INV-0018654,0.0,0,"failed first, retry succeeded - NOT a leak"
L06651,DECOY_RETRIED_PAYMENT,O005800,INV-0005498,0.0,0,"failed first, retry succeeded - NOT a leak"
L06652,DECOY_RETRIED_PAYMENT,O036431,INV-0034526,0.0,0,"failed first, retry succeeded - NOT a leak"
L06653,DECOY_RETRIED_PAYMENT,O002575,INV-0002439,0.0,0,"failed first, retry succeeded - NOT a leak"
L06654,DECOY_RETRIED_PAYMENT,O020072,INV-0019051,0.0,0,"failed first, retry succeeded - NOT a leak"
L06655,DECOY_RETRIED_PAYMENT,O020742,INV-0019684,0.0,0,"failed first, retry succeeded - NOT a leak"
L06656,DECOY_RETRIED_PAYMENT,O031866,INV-0030205,0.0,0,"failed first, retry succeeded - NOT a leak"
L06657,DECOY_RETRIED_PAYMENT,O016327,INV-0015492,0.0,0,"failed first, retry succeeded - NOT a leak"
L06658,DECOY_RETRIED_PAYMENT,O047151,INV-0044734,0.0,0,"failed first, retry succeeded - NOT a leak"
L06659,DECOY_RETRIED_PAYMENT,O006097,INV-0005780,0.0,0,"failed first, retry succeeded - NOT a leak"
L06660,DECOY_RETRIED_PAYMENT,O038306,INV-0036291,0.0,0,"failed first, retry succeeded - NOT a leak"
L06661,DECOY_RETRIED_PAYMENT,O041141,INV-0038996,0.0,0,"failed first, retry succeeded - NOT a leak"
L06662,DECOY_RETRIED_PAYMENT,O035608,INV-0033758,0.0,0,"failed first, retry succeeded - NOT a leak"
L06663,DECOY_RETRIED_PAYMENT,O044786,INV-0042478,0.0,0,"failed first, retry succeeded - NOT a leak"
L06664,DECOY_RETRIED_PAYMENT,O035256,INV-0033427,0.0,0,"failed first, retry succeeded - NOT a leak"
L06665,DECOY_RETRIED_PAYMENT,O005986,INV-0005673,0.0,0,"failed first, retry succeeded - NOT a leak"
L06666,DECOY_RETRIED_PAYMENT,O027779,INV-0026337,0.0,0,"failed first, retry succeeded - NOT a leak"
L06667,DECOY_RETRIED_PAYMENT,O036832,INV-0034905,0.0,0,"failed first, retry succeeded - NOT a leak"
L06668,DECOY_RETRIED_PAYMENT,O000724,INV-0000690,0.0,0,"failed first, retry succeeded - NOT a leak"
L06669,DECOY_RETRIED_PAYMENT,O040798,INV-0038671,0.0,0,"failed first, retry succeeded - NOT a leak"
L06670,DECOY_RETRIED_PAYMENT,O043288,INV-0041038,0.0,0,"failed first, retry succeeded - NOT a leak"
L06671,DECOY_RETRIED_PAYMENT,O038347,INV-0036329,0.0,0,"failed first, retry succeeded - NOT a leak"
L06672,DECOY_RETRIED_PAYMENT,O022386,INV-0021245,0.0,0,"failed first, retry succeeded - NOT a leak"
L06673,DECOY_RETRIED_PAYMENT,O048666,INV-0046172,0.0,0,"failed first, retry succeeded - NOT a leak"
L06674,DECOY_RETRIED_PAYMENT,O011257,INV-0010663,0.0,0,"failed first, retry succeeded - NOT a leak"
L06675,DECOY_RETRIED_PAYMENT,O031419,INV-0029780,0.0,0,"failed first, retry succeeded - NOT a leak"
L06676,DECOY_RETRIED_PAYMENT,O001122,INV-0001071,0.0,0,"failed first, retry succeeded - NOT a leak"
L06677,DECOY_RETRIED_PAYMENT,O029728,INV-0028193,0.0,0,"failed first, retry succeeded - NOT a leak"
L06678,DECOY_RETRIED_PAYMENT,O032666,INV-0030957,0.0,0,"failed first, retry succeeded - NOT a leak"
L06679,DECOY_RETRIED_PAYMENT,O015874,INV-0015064,0.0,0,"failed first, retry succeeded - NOT a leak"
L06680,DECOY_RETRIED_PAYMENT,O012469,INV-0011816,0.0,0,"failed first, retry succeeded - NOT a leak"
L06681,DECOY_RETRIED_PAYMENT,O023718,INV-0022497,0.0,0,"failed first, retry succeeded - NOT a leak"
L06682,DECOY_RETRIED_PAYMENT,O042209,INV-0040007,0.0,0,"failed first, retry succeeded - NOT a leak"
L06683,DECOY_RETRIED_PAYMENT,O008331,INV-0007884,0.0,0,"failed first, retry succeeded - NOT a leak"
L06684,DECOY_RETRIED_PAYMENT,O023376,INV-0022179,0.0,0,"failed first, retry succeeded - NOT a leak"
L06685,DECOY_RETRIED_PAYMENT,O043979,INV-0041706,0.0,0,"failed first, retry succeeded - NOT a leak"
L06686,DECOY_RETRIED_PAYMENT,O009092,INV-0008612,0.0,0,"failed first, retry succeeded - NOT a leak"
L06687,DECOY_RETRIED_PAYMENT,O047005,INV-0044593,0.0,0,"failed first, retry succeeded - NOT a leak"
L06688,DECOY_RETRIED_PAYMENT,O026148,INV-0024804,0.0,0,"failed first, retry succeeded - NOT a leak"
L06689,DECOY_RETRIED_PAYMENT,O018590,INV-0017650,0.0,0,"failed first, retry succeeded - NOT a leak"
L06690,DECOY_RETRIED_PAYMENT,O022067,INV-0020941,0.0,0,"failed first, retry succeeded - NOT a leak"
L06691,DECOY_RETRIED_PAYMENT,O020067,INV-0019046,0.0,0,"failed first, retry succeeded - NOT a leak"
L06692,DECOY_RETRIED_PAYMENT,O049080,INV-0046570,0.0,0,"failed first, retry succeeded - NOT a leak"
L06693,DECOY_RETRIED_PAYMENT,O004411,INV-0004183,0.0,0,"failed first, retry succeeded - NOT a leak"
L06694,DECOY_RETRIED_PAYMENT,O047164,INV-0044746,0.0,0,"failed first, retry succeeded - NOT a leak"
L06695,DECOY_RETRIED_PAYMENT,O040508,INV-0038393,0.0,0,"failed first, retry succeeded - NOT a leak"
L06696,DECOY_RETRIED_PAYMENT,O020102,INV-0019079,0.0,0,"failed first, retry succeeded - NOT a leak"
L06697,DECOY_RETRIED_PAYMENT,O011347,INV-0010750,0.0,0,"failed first, retry succeeded - NOT a leak"
L06698,DECOY_RETRIED_PAYMENT,O011174,INV-0010582,0.0,0,"failed first, retry succeeded - NOT a leak"
L06699,DECOY_RETRIED_PAYMENT,O035461,INV-0033620,0.0,0,"failed first, retry succeeded - NOT a leak"
L06700,DECOY_RETRIED_PAYMENT,O034169,INV-0032387,0.0,0,"failed first, retry succeeded - NOT a leak"
L06701,DECOY_RETRIED_PAYMENT,O043774,INV-0041509,0.0,0,"failed first, retry succeeded - NOT a leak"
L06702,DECOY_RETRIED_PAYMENT,O016783,INV-0015924,0.0,0,"failed first, retry succeeded - NOT a leak"
L06703,DECOY_RETRIED_PAYMENT,O017805,INV-0016903,0.0,0,"failed first, retry succeeded - NOT a leak"
L06704,DECOY_RETRIED_PAYMENT,O048003,INV-0045543,0.0,0,"failed first, retry succeeded - NOT a leak"
L06705,DECOY_RETRIED_PAYMENT,O003462,INV-0003278,0.0,0,"failed first, retry succeeded - NOT a leak"
L06706,DECOY_RETRIED_PAYMENT,O027806,INV-0026363,0.0,0,"failed first, retry succeeded - NOT a leak"
L06707,DECOY_RETRIED_PAYMENT,O043727,INV-0041464,0.0,0,"failed first, retry succeeded - NOT a leak"
L06708,DECOY_RETRIED_PAYMENT,O012423,INV-0011771,0.0,0,"failed first, retry succeeded - NOT a leak"
L06709,DECOY_RETRIED_PAYMENT,O020800,INV-0019741,0.0,0,"failed first, retry succeeded - NOT a leak"
L06710,DECOY_RETRIED_PAYMENT,O008265,INV-0007823,0.0,0,"failed first, retry succeeded - NOT a leak"
L06711,DECOY_RETRIED_PAYMENT,O031584,INV-0029935,0.0,0,"failed first, retry succeeded - NOT a leak"
L06712,DECOY_RETRIED_PAYMENT,O016189,INV-0015367,0.0,0,"failed first, retry succeeded - NOT a leak"
L06713,DECOY_RETRIED_PAYMENT,O024154,INV-0022913,0.0,0,"failed first, retry succeeded - NOT a leak"
L06714,DECOY_RETRIED_PAYMENT,O001727,INV-0001642,0.0,0,"failed first, retry succeeded - NOT a leak"
L06715,DECOY_RETRIED_PAYMENT,O044663,INV-0042358,0.0,0,"failed first, retry succeeded - NOT a leak"
L06716,DECOY_RETRIED_PAYMENT,O045936,INV-0043570,0.0,0,"failed first, retry succeeded - NOT a leak"
L06717,DECOY_RETRIED_PAYMENT,O010342,INV-0009797,0.0,0,"failed first, retry succeeded - NOT a leak"
L06718,DECOY_RETRIED_PAYMENT,O014556,INV-0013803,0.0,0,"failed first, retry succeeded - NOT a leak"
L06719,DECOY_RETRIED_PAYMENT,O043153,INV-0040907,0.0,0,"failed first, retry succeeded - NOT a leak"
L06720,DECOY_RETRIED_PAYMENT,O032737,INV-0031026,0.0,0,"failed first, retry succeeded - NOT a leak"
L06721,DECOY_RETRIED_PAYMENT,O001959,INV-0001862,0.0,0,"failed first, retry succeeded - NOT a leak"
L06722,DECOY_RETRIED_PAYMENT,O036170,INV-0034284,0.0,0,"failed first, retry succeeded - NOT a leak"
L06723,DECOY_RETRIED_PAYMENT,O024094,INV-0022855,0.0,0,"failed first, retry succeeded - NOT a leak"
L06724,DECOY_RETRIED_PAYMENT,O025105,INV-0023816,0.0,0,"failed first, retry succeeded - NOT a leak"
L06725,DECOY_RETRIED_PAYMENT,O002204,INV-0002088,0.0,0,"failed first, retry succeeded - NOT a leak"
L06726,DECOY_RETRIED_PAYMENT,O032477,INV-0030783,0.0,0,"failed first, retry succeeded - NOT a leak"
L06727,DECOY_RETRIED_PAYMENT,O016861,INV-0015998,0.0,0,"failed first, retry succeeded - NOT a leak"
L06728,DECOY_RETRIED_PAYMENT,O044603,INV-0042299,0.0,0,"failed first, retry succeeded - NOT a leak"
L06729,DECOY_RETRIED_PAYMENT,O044539,INV-0042239,0.0,0,"failed first, retry succeeded - NOT a leak"
L06730,DECOY_RETRIED_PAYMENT,O006160,INV-0005840,0.0,0,"failed first, retry succeeded - NOT a leak"
L06731,DECOY_RETRIED_PAYMENT,O025948,INV-0024616,0.0,0,"failed first, retry succeeded - NOT a leak"
L06732,DECOY_RETRIED_PAYMENT,O023541,INV-0022334,0.0,0,"failed first, retry succeeded - NOT a leak"
L06733,DECOY_RETRIED_PAYMENT,O046751,INV-0044352,0.0,0,"failed first, retry succeeded - NOT a leak"
L06734,DECOY_RETRIED_PAYMENT,O047193,INV-0044773,0.0,0,"failed first, retry succeeded - NOT a leak"
L06735,DECOY_RETRIED_PAYMENT,O034756,INV-0032942,0.0,0,"failed first, retry succeeded - NOT a leak"
L06736,DECOY_RETRIED_PAYMENT,O015230,INV-0014444,0.0,0,"failed first, retry succeeded - NOT a leak"
L06737,DECOY_RETRIED_PAYMENT,O031994,INV-0030326,0.0,0,"failed first, retry succeeded - NOT a leak"
L06738,DECOY_RETRIED_PAYMENT,O043876,INV-0041605,0.0,0,"failed first, retry succeeded - NOT a leak"
L06739,DECOY_RETRIED_PAYMENT,O001660,INV-0001580,0.0,0,"failed first, retry succeeded - NOT a leak"
L06740,DECOY_RETRIED_PAYMENT,O030392,INV-0028812,0.0,0,"failed first, retry succeeded - NOT a leak"
L06741,DECOY_RETRIED_PAYMENT,O044827,INV-0042519,0.0,0,"failed first, retry succeeded - NOT a leak"
L06742,DECOY_RETRIED_PAYMENT,O023764,INV-0022541,0.0,0,"failed first, retry succeeded - NOT a leak"
L06743,DECOY_RETRIED_PAYMENT,O014685,INV-0013924,0.0,0,"failed first, retry succeeded - NOT a leak"
L06744,DECOY_RETRIED_PAYMENT,O044310,INV-0042017,0.0,0,"failed first, retry succeeded - NOT a leak"
L06745,DECOY_RETRIED_PAYMENT,O044766,INV-0042459,0.0,0,"failed first, retry succeeded - NOT a leak"
L06746,DECOY_RETRIED_PAYMENT,O039524,INV-0037454,0.0,0,"failed first, retry succeeded - NOT a leak"
L06747,DECOY_RETRIED_PAYMENT,O031747,INV-0030093,0.0,0,"failed first, retry succeeded - NOT a leak"
L06748,DECOY_RETRIED_PAYMENT,O021824,INV-0020708,0.0,0,"failed first, retry succeeded - NOT a leak"
L06749,DECOY_RETRIED_PAYMENT,O034902,INV-0033082,0.0,0,"failed first, retry succeeded - NOT a leak"
L06750,DECOY_RETRIED_PAYMENT,O010363,INV-0009818,0.0,0,"failed first, retry succeeded - NOT a leak"
L06751,DECOY_RETRIED_PAYMENT,O011696,INV-0011079,0.0,0,"failed first, retry succeeded - NOT a leak"
L06752,DECOY_RETRIED_PAYMENT,O015840,INV-0015033,0.0,0,"failed first, retry succeeded - NOT a leak"
L06753,DECOY_RETRIED_PAYMENT,O027443,INV-0026018,0.0,0,"failed first, retry succeeded - NOT a leak"
L06754,DECOY_RETRIED_PAYMENT,O022201,INV-0021069,0.0,0,"failed first, retry succeeded - NOT a leak"
L06755,DECOY_RETRIED_PAYMENT,O028846,INV-0027356,0.0,0,"failed first, retry succeeded - NOT a leak"
L06756,DECOY_RETRIED_PAYMENT,O026084,INV-0024742,0.0,0,"failed first, retry succeeded - NOT a leak"
L06757,DECOY_RETRIED_PAYMENT,O001600,INV-0001526,0.0,0,"failed first, retry succeeded - NOT a leak"
L06758,DECOY_RETRIED_PAYMENT,O006964,INV-0006606,0.0,0,"failed first, retry succeeded - NOT a leak"
L06759,DECOY_RETRIED_PAYMENT,O044511,INV-0042212,0.0,0,"failed first, retry succeeded - NOT a leak"
L06760,DECOY_RETRIED_PAYMENT,O031441,INV-0029801,0.0,0,"failed first, retry succeeded - NOT a leak"
L06761,DECOY_RETRIED_PAYMENT,O049282,INV-0046764,0.0,0,"failed first, retry succeeded - NOT a leak"
L06762,DECOY_RETRIED_PAYMENT,O046865,INV-0044458,0.0,0,"failed first, retry succeeded - NOT a leak"
L06763,DECOY_RETRIED_PAYMENT,O019264,INV-0018286,0.0,0,"failed first, retry succeeded - NOT a leak"
L06764,DECOY_RETRIED_PAYMENT,O021136,INV-0020052,0.0,0,"failed first, retry succeeded - NOT a leak"
L06765,DECOY_RETRIED_PAYMENT,O031017,INV-0029394,0.0,0,"failed first, retry succeeded - NOT a leak"
L06766,DECOY_RETRIED_PAYMENT,O043092,INV-0040851,0.0,0,"failed first, retry succeeded - NOT a leak"
L06767,DECOY_RETRIED_PAYMENT,O044113,INV-0041827,0.0,0,"failed first, retry succeeded - NOT a leak"
L06768,DECOY_RETRIED_PAYMENT,O035727,INV-0033869,0.0,0,"failed first, retry succeeded - NOT a leak"
L06769,DECOY_RETRIED_PAYMENT,O021911,INV-0020790,0.0,0,"failed first, retry succeeded - NOT a leak"
L06770,DECOY_RETRIED_PAYMENT,O009010,INV-0008531,0.0,0,"failed first, retry succeeded - NOT a leak"
L06771,DECOY_RETRIED_PAYMENT,O018534,INV-0017595,0.0,0,"failed first, retry succeeded - NOT a leak"
L06772,DECOY_RETRIED_PAYMENT,O001097,INV-0001047,0.0,0,"failed first, retry succeeded - NOT a leak"
L06773,DECOY_RETRIED_PAYMENT,O010633,INV-0010075,0.0,0,"failed first, retry succeeded - NOT a leak"
L06774,DECOY_RETRIED_PAYMENT,O012133,INV-0011498,0.0,0,"failed first, retry succeeded - NOT a leak"
L06775,DECOY_RETRIED_PAYMENT,O048717,INV-0046222,0.0,0,"failed first, retry succeeded - NOT a leak"
L06776,DECOY_RETRIED_PAYMENT,O010132,INV-0009596,0.0,0,"failed first, retry succeeded - NOT a leak"
L06777,DECOY_RETRIED_PAYMENT,O014193,INV-0013461,0.0,0,"failed first, retry succeeded - NOT a leak"
L06778,DECOY_RETRIED_PAYMENT,O047522,INV-0045089,0.0,0,"failed first, retry succeeded - NOT a leak"
L06779,DECOY_RETRIED_PAYMENT,O030158,INV-0028592,0.0,0,"failed first, retry succeeded - NOT a leak"
L06780,DECOY_RETRIED_PAYMENT,O039138,INV-0037080,0.0,0,"failed first, retry succeeded - NOT a leak"
L06781,DECOY_RETRIED_PAYMENT,O017671,INV-0016774,0.0,0,"failed first, retry succeeded - NOT a leak"
L06782,DECOY_RETRIED_PAYMENT,O025756,INV-0024434,0.0,0,"failed first, retry succeeded - NOT a leak"
L06783,DECOY_RETRIED_PAYMENT,O010008,INV-0009481,0.0,0,"failed first, retry succeeded - NOT a leak"
L06784,DECOY_RETRIED_PAYMENT,O031974,INV-0030308,0.0,0,"failed first, retry succeeded - NOT a leak"
L06785,DECOY_RETRIED_PAYMENT,O029605,INV-0028077,0.0,0,"failed first, retry succeeded - NOT a leak"
L06786,DECOY_RETRIED_PAYMENT,O021760,INV-0020646,0.0,0,"failed first, retry succeeded - NOT a leak"
L06787,DECOY_RETRIED_PAYMENT,O001879,INV-0001786,0.0,0,"failed first, retry succeeded - NOT a leak"
L06788,DECOY_RETRIED_PAYMENT,O024039,INV-0022802,0.0,0,"failed first, retry succeeded - NOT a leak"
L06789,DECOY_RETRIED_PAYMENT,O003858,INV-0003659,0.0,0,"failed first, retry succeeded - NOT a leak"
L06790,DECOY_RETRIED_PAYMENT,O031730,INV-0030076,0.0,0,"failed first, retry succeeded - NOT a leak"
L06791,DECOY_RETRIED_PAYMENT,O036136,INV-0034251,0.0,0,"failed first, retry succeeded - NOT a leak"
L06792,DECOY_RETRIED_PAYMENT,O010061,INV-0009529,0.0,0,"failed first, retry succeeded - NOT a leak"
L06793,DECOY_RETRIED_PAYMENT,O042418,INV-0040207,0.0,0,"failed first, retry succeeded - NOT a leak"
L06794,DECOY_RETRIED_PAYMENT,O044954,INV-0042636,0.0,0,"failed first, retry succeeded - NOT a leak"
L06795,DECOY_RETRIED_PAYMENT,O040142,INV-0038044,0.0,0,"failed first, retry succeeded - NOT a leak"
L06796,DECOY_RETRIED_PAYMENT,O016911,INV-0016048,0.0,0,"failed first, retry succeeded - NOT a leak"
L06797,DECOY_RETRIED_PAYMENT,O002892,INV-0002742,0.0,0,"failed first, retry succeeded - NOT a leak"
L06798,DECOY_RETRIED_PAYMENT,O046918,INV-0044510,0.0,0,"failed first, retry succeeded - NOT a leak"
L06799,DECOY_RETRIED_PAYMENT,O004420,INV-0004192,0.0,0,"failed first, retry succeeded - NOT a leak"
L06800,DUPLICATE_REFUND,O032432,REF-003488,1072.55,1,order refunded twice
L06801,DUPLICATE_REFUND,O016479,REF-003489,669.0,1,order refunded twice
L06802,DUPLICATE_REFUND,O010956,REF-003490,2322.05,1,order refunded twice
L06803,DUPLICATE_REFUND,O043253,REF-003491,689.0,1,order refunded twice
L06804,DUPLICATE_REFUND,O014106,REF-003492,3456.95,1,order refunded twice
L06805,DUPLICATE_REFUND,O014730,REF-003493,1306.85,1,order refunded twice
L06806,DUPLICATE_REFUND,O002133,REF-003494,4546.7,1,order refunded twice
L06807,DUPLICATE_REFUND,O021841,REF-003495,1110.4,1,order refunded twice
L06808,DUPLICATE_REFUND,O001172,REF-003496,2473.2,1,order refunded twice
L06809,DUPLICATE_REFUND,O021001,REF-003497,2958.5,1,order refunded twice
L06810,DUPLICATE_REFUND,O008024,REF-003498,647.1,1,order refunded twice
L06811,DUPLICATE_REFUND,O002076,REF-003499,576.3,1,order refunded twice
L06812,DUPLICATE_REFUND,O029354,REF-003500,516.75,1,order refunded twice
L06813,DUPLICATE_REFUND,O046437,REF-003501,665.1,1,order refunded twice
L06814,DUPLICATE_REFUND,O036111,REF-003502,836.1,1,order refunded twice
L06815,DUPLICATE_REFUND,O017179,REF-003503,1626.75,1,order refunded twice
L06816,DUPLICATE_REFUND,O028504,REF-003504,5020.0,1,order refunded twice
L06817,DUPLICATE_REFUND,O033023,REF-003505,879.0,1,order refunded twice
L06818,DUPLICATE_REFUND,O000602,REF-003506,1207.55,1,order refunded twice
L06819,DUPLICATE_REFUND,O045402,REF-003507,979.0,1,order refunded twice
L06820,DUPLICATE_REFUND,O004497,REF-003508,2450.05,1,order refunded twice
L06821,DUPLICATE_REFUND,O000535,REF-003509,1428.0,1,order refunded twice
L06822,DUPLICATE_REFUND,O007854,REF-003510,3051.45,1,order refunded twice
L06823,DUPLICATE_REFUND,O025117,REF-003511,2413.2,1,order refunded twice
L06824,DUPLICATE_REFUND,O037354,REF-003512,409.0,1,order refunded twice
L06825,DUPLICATE_REFUND,O048506,REF-003513,4013.75,1,order refunded twice
L06826,DUPLICATE_REFUND,O030532,REF-003514,2377.3,1,order refunded twice
L06827,DUPLICATE_REFUND,O003619,REF-003515,3588.15,1,order refunded twice
L06828,DUPLICATE_REFUND,O014967,REF-003516,476.1,1,order refunded twice
L06829,DUPLICATE_REFUND,O031679,REF-003517,359.0,1,order refunded twice
L06830,DUPLICATE_REFUND,O038004,REF-003518,1304.1,1,order refunded twice
L06831,DUPLICATE_REFUND,O001043,REF-003519,2416.0,1,order refunded twice
L06832,DUPLICATE_REFUND,O015490,REF-003520,628.15,1,order refunded twice
L06833,DUPLICATE_REFUND,O022223,REF-003521,855.2,1,order refunded twice
L06834,DUPLICATE_REFUND,O042110,REF-003522,620.1,1,order refunded twice
L06835,DUPLICATE_REFUND,O012413,REF-003523,502.55,1,order refunded twice
L06836,DUPLICATE_REFUND,O049720,REF-003524,2077.15,1,order refunded twice
L06837,DUPLICATE_REFUND,O001431,REF-003525,2640.2,1,order refunded twice
L06838,DUPLICATE_REFUND,O021759,REF-003526,920.35,1,order refunded twice
L06839,DUPLICATE_REFUND,O006464,REF-003527,3687.0,1,order refunded twice
L06840,DUPLICATE_REFUND,O042456,REF-003528,4961.25,1,order refunded twice
L06841,DUPLICATE_REFUND,O020740,REF-003529,2633.4,1,order refunded twice
L06842,DUPLICATE_REFUND,O001769,REF-003530,4302.3,1,order refunded twice
L06843,DUPLICATE_REFUND,O039510,REF-003531,2621.65,1,order refunded twice
L06844,DUPLICATE_REFUND,O027637,REF-003532,1129.55,1,order refunded twice
L06845,DUPLICATE_REFUND,O030365,REF-003533,1499.0,1,order refunded twice
L06846,DUPLICATE_REFUND,O049623,REF-003534,3834.65,1,order refunded twice
L06847,DUPLICATE_REFUND,O039689,REF-003535,3388.65,1,order refunded twice
L06848,DUPLICATE_REFUND,O017582,REF-003536,1338.0,1,order refunded twice
L06849,DUPLICATE_REFUND,O037345,REF-003537,4141.25,1,order refunded twice
L06850,DUPLICATE_REFUND,O031379,REF-003538,1284.1,1,order refunded twice
L06851,DUPLICATE_REFUND,O049421,REF-003539,1224.55,1,order refunded twice
L06852,DUPLICATE_REFUND,O008433,REF-003540,989.1,1,order refunded twice
L06853,DUPLICATE_REFUND,O046627,REF-003541,857.65,1,order refunded twice
L06854,DUPLICATE_REFUND,O038209,REF-003542,2378.0,1,order refunded twice
L06855,DUPLICATE_REFUND,O006144,REF-003543,2056.15,1,order refunded twice
L06856,DUPLICATE_REFUND,O046061,REF-003544,890.1,1,order refunded twice
L06857,DUPLICATE_REFUND,O036299,REF-003545,1945.55,1,order refunded twice
L06858,DUPLICATE_REFUND,O018614,REF-003546,1841.1,1,order refunded twice
L06859,DUPLICATE_REFUND,O045043,REF-003547,487.2,1,order refunded twice
L06860,DUPLICATE_REFUND,O044678,REF-003548,2916.15,1,order refunded twice
L06861,DUPLICATE_REFUND,O049299,REF-003549,509.15,1,order refunded twice
L06862,DUPLICATE_REFUND,O040244,REF-003550,1639.0,1,order refunded twice
L06863,DUPLICATE_REFUND,O005218,REF-003551,649.0,1,order refunded twice
L06864,DUPLICATE_REFUND,O021765,REF-003552,1678.5,1,order refunded twice
L06865,DUPLICATE_REFUND,O031079,REF-003553,2026.65,1,order refunded twice
L06866,DUPLICATE_REFUND,O049467,REF-003554,5316.3,1,order refunded twice
L06867,DUPLICATE_REFUND,O001910,REF-003555,669.0,1,order refunded twice
L06868,DUPLICATE_REFUND,O036128,REF-003556,2898.0,1,order refunded twice
