leak_type,order_id,record_id,leak_amount,detail
UNBILLED_ORDER,O000044,O000044,654.55,delivered order has no invoice
UNBILLED_ORDER,O000088,O000088,3652.35,delivered order has no invoice
UNBILLED_ORDER,O000107,O000107,796.1,delivered order has no invoice
UNBILLED_ORDER,O000216,O000216,3664.2,delivered order has no invoice
UNBILLED_ORDER,O000327,O000327,628.15,delivered order has no invoice
UNBILLED_ORDER,O000329,O000329,1304.1,delivered order has no invoice
UNBILLED_ORDER,O000331,O000331,635.55,delivered order has no invoice
UNBILLED_ORDER,O000377,O000377,456.75,delivered order has no invoice
UNBILLED_ORDER,O000425,O000425,3764.3,delivered order has no invoice
UNBILLED_ORDER,O000466,O000466,741.75,delivered order has no invoice
UNBILLED_ORDER,O000501,O000501,1942.65,delivered order has no invoice
UNBILLED_ORDER,O000504,O000504,2675.2,delivered order has no invoice
UNBILLED_ORDER,O000557,O000557,3181.15,delivered order has no invoice
UNBILLED_ORDER,O000671,O000671,2325.9,delivered order has no invoice
UNBILLED_ORDER,O000685,O000685,915.3,delivered order has no invoice
UNBILLED_ORDER,O000744,O000744,1282.65,delivered order has no invoice
UNBILLED_ORDER,O000785,O000785,1367.05,delivered order has no invoice
UNBILLED_ORDER,O000871,O000871,1359.0,delivered order has no invoice
UNBILLED_ORDER,O000915,O000915,1114.2,delivered order has no invoice
UNBILLED_ORDER,O000918,O000918,628.15,delivered order has no invoice
UNBILLED_ORDER,O000943,O000943,2438.0,delivered order has no invoice
UNBILLED_ORDER,O000960,O000960,1342.4,delivered order has no invoice
UNBILLED_ORDER,O000970,O000970,1386.05,delivered order has no invoice
UNBILLED_ORDER,O000984,O000984,535.2,delivered order has no invoice
UNBILLED_ORDER,O001029,O001029,899.3,delivered order has no invoice
UNBILLED_ORDER,O001038,O001038,1189.0,delivered order has no invoice
UNBILLED_ORDER,O001040,O001040,3268.35,delivered order has no invoice
UNBILLED_ORDER,O001047,O001047,1753.15,delivered order has no invoice
UNBILLED_ORDER,O001071,O001071,1495.2,delivered order has no invoice
UNBILLED_ORDER,O001081,O001081,1459.0,delivered order has no invoice
UNBILLED_ORDER,O001090,O001090,1304.1,delivered order has no invoice
UNBILLED_ORDER,O001124,O001124,3088.5,delivered order has no invoice
UNBILLED_ORDER,O001178,O001178,647.1,delivered order has no invoice
UNBILLED_ORDER,O001196,O001196,4642.2,delivered order has no invoice
UNBILLED_ORDER,O001244,O001244,739.0,delivered order has no invoice
UNBILLED_ORDER,O001262,O001262,2124.2,delivered order has no invoice
UNBILLED_ORDER,O001276,O001276,3837.0,delivered order has no invoice
UNBILLED_ORDER,O001308,O001308,628.15,delivered order has no invoice
UNBILLED_ORDER,O001385,O001385,1625.15,delivered order has no invoice
UNBILLED_ORDER,O001442,O001442,1181.15,delivered order has no invoice
UNBILLED_ORDER,O001446,O001446,6637.3,delivered order has no invoice
UNBILLED_ORDER,O001450,O001450,2240.1,delivered order has no invoice
UNBILLED_ORDER,O001470,O001470,1304.1,delivered order has no invoice
UNBILLED_ORDER,O001542,O001542,2446.2,delivered order has no invoice
UNBILLED_ORDER,O001625,O001625,1337.6,delivered order has no invoice
UNBILLED_ORDER,O001669,O001669,557.1,delivered order has no invoice
UNBILLED_ORDER,O001672,O001672,2719.0,delivered order has no invoice
UNBILLED_ORDER,O001698,O001698,2590.1,delivered order has no invoice
UNBILLED_ORDER,O001787,O001787,1189.0,delivered order has no invoice
UNBILLED_ORDER,O001802,O001802,3272.25,delivered order has no invoice
UNBILLED_ORDER,O001820,O001820,2008.75,delivered order has no invoice
UNBILLED_ORDER,O001821,O001821,557.1,delivered order has no invoice
UNBILLED_ORDER,O001827,O001827,2829.1,delivered order has no invoice
UNBILLED_ORDER,O001850,O001850,969.0,delivered order has no invoice
UNBILLED_ORDER,O001878,O001878,1187.1,delivered order has no invoice
UNBILLED_ORDER,O001949,O001949,2549.0,delivered order has no invoice
UNBILLED_ORDER,O001980,O001980,755.1,delivered order has no invoice
UNBILLED_ORDER,O001993,O001993,540.55,delivered order has no invoice
UNBILLED_ORDER,O002027,O002027,1414.2,delivered order has no invoice
UNBILLED_ORDER,O002034,O002034,949.05,delivered order has no invoice
UNBILLED_ORDER,O002205,O002205,699.0,delivered order has no invoice
UNBILLED_ORDER,O002235,O002235,1772.1,delivered order has no invoice
UNBILLED_ORDER,O002249,O002249,1024.2,delivered order has no invoice
UNBILLED_ORDER,O002250,O002250,2639.0,delivered order has no invoice
UNBILLED_ORDER,O002265,O002265,1030.15,delivered order has no invoice
UNBILLED_ORDER,O002302,O002302,2256.0,delivered order has no invoice
UNBILLED_ORDER,O002340,O002340,3426.7,delivered order has no invoice
UNBILLED_ORDER,O002391,O002391,557.1,delivered order has no invoice
UNBILLED_ORDER,O002397,O002397,1070.15,delivered order has no invoice
UNBILLED_ORDER,O002418,O002418,2930.25,delivered order has no invoice
UNBILLED_ORDER,O002425,O002425,1707.55,delivered order has no invoice
UNBILLED_ORDER,O002432,O002432,4536.0,delivered order has no invoice
UNBILLED_ORDER,O002449,O002449,4497.0,delivered order has no invoice
UNBILLED_ORDER,O002459,O002459,647.1,delivered order has no invoice
UNBILLED_ORDER,O002499,O002499,2782.2,delivered order has no invoice
UNBILLED_ORDER,O002541,O002541,1507.65,delivered order has no invoice
UNBILLED_ORDER,O002562,O002562,502.55,delivered order has no invoice
UNBILLED_ORDER,O002596,O002596,1449.3,delivered order has no invoice
UNBILLED_ORDER,O002681,O002681,6598.45,delivered order has no invoice
UNBILLED_ORDER,O002776,O002776,1039.0,delivered order has no invoice
UNBILLED_ORDER,O002791,O002791,1313.1,delivered order has no invoice
UNBILLED_ORDER,O002806,O002806,1563.25,delivered order has no invoice
UNBILLED_ORDER,O002856,O002856,4225.15,delivered order has no invoice
UNBILLED_ORDER,O002861,O002861,1189.0,delivered order has no invoice
UNBILLED_ORDER,O003004,O003004,1072.55,delivered order has no invoice
UNBILLED_ORDER,O003025,O003025,321.75,delivered order has no invoice
UNBILLED_ORDER,O003049,O003049,3162.05,delivered order has no invoice
UNBILLED_ORDER,O003076,O003076,1958.0,delivered order has no invoice
UNBILLED_ORDER,O003077,O003077,719.0,delivered order has no invoice
UNBILLED_ORDER,O003105,O003105,1348.05,delivered order has no invoice
UNBILLED_ORDER,O003118,O003118,3189.05,delivered order has no invoice
UNBILLED_ORDER,O003148,O003148,3117.8,delivered order has no invoice
UNBILLED_ORDER,O003163,O003163,543.15,delivered order has no invoice
UNBILLED_ORDER,O003178,O003178,1102.4,delivered order has no invoice
UNBILLED_ORDER,O003194,O003194,2719.0,delivered order has no invoice
UNBILLED_ORDER,O003208,O003208,2827.05,delivered order has no invoice
UNBILLED_ORDER,O003215,O003215,619.0,delivered order has no invoice
UNBILLED_ORDER,O003301,O003301,2695.15,delivered order has no invoice
UNBILLED_ORDER,O003319,O003319,551.2,delivered order has no invoice
UNBILLED_ORDER,O003351,O003351,3653.25,delivered order has no invoice
UNBILLED_ORDER,O003416,O003416,881.1,delivered order has no invoice
UNBILLED_ORDER,O003420,O003420,2886.35,delivered order has no invoice
UNBILLED_ORDER,O003429,O003429,3173.1,delivered order has no invoice
UNBILLED_ORDER,O003484,O003484,2590.2,delivered order has no invoice
UNBILLED_ORDER,O003507,O003507,1638.0,delivered order has no invoice
UNBILLED_ORDER,O003524,O003524,13072.5,delivered order has no invoice
UNBILLED_ORDER,O003570,O003570,422.1,delivered order has no invoice
UNBILLED_ORDER,O003573,O003573,858.0,delivered order has no invoice
UNBILLED_ORDER,O003607,O003607,845.1,delivered order has no invoice
UNBILLED_ORDER,O003621,O003621,698.0,delivered order has no invoice
UNBILLED_ORDER,O003630,O003630,702.05,delivered order has no invoice
UNBILLED_ORDER,O003641,O003641,939.55,delivered order has no invoice
UNBILLED_ORDER,O003706,O003706,1672.2,delivered order has no invoice
UNBILLED_ORDER,O003710,O003710,939.0,delivered order has no invoice
UNBILLED_ORDER,O003853,O003853,3470.65,delivered order has no invoice
UNBILLED_ORDER,O003928,O003928,689.0,delivered order has no invoice
UNBILLED_ORDER,O003947,O003947,2802.45,delivered order has no invoice
UNBILLED_ORDER,O003973,O003973,1167.55,delivered order has no invoice
UNBILLED_ORDER,O003978,O003978,2660.2,delivered order has no invoice
UNBILLED_ORDER,O003988,O003988,2330.65,delivered order has no invoice
UNBILLED_ORDER,O004040,O004040,1414.55,delivered order has no invoice
UNBILLED_ORDER,O004085,O004085,4487.0,delivered order has no invoice
UNBILLED_ORDER,O004108,O004108,4078.95,delivered order has no invoice
UNBILLED_ORDER,O004140,O004140,2450.05,delivered order has no invoice
UNBILLED_ORDER,O004209,O004209,1913.7,delivered order has no invoice
UNBILLED_ORDER,O004210,O004210,702.05,delivered order has no invoice
UNBILLED_ORDER,O004217,O004217,1588.65,delivered order has no invoice
UNBILLED_ORDER,O004296,O004296,654.55,delivered order has no invoice
UNBILLED_ORDER,O004408,O004408,445.55,delivered order has no invoice
UNBILLED_ORDER,O004483,O004483,2879.0,delivered order has no invoice
UNBILLED_ORDER,O004502,O004502,2568.2,delivered order has no invoice
UNBILLED_ORDER,O004589,O004589,1459.0,delivered order has no invoice
UNBILLED_ORDER,O004616,O004616,2024.1,delivered order has no invoice
UNBILLED_ORDER,O004619,O004619,429.0,delivered order has no invoice
UNBILLED_ORDER,O004748,O004748,483.65,delivered order has no invoice
UNBILLED_ORDER,O005000,O005000,1718.1,delivered order has no invoice
UNBILLED_ORDER,O005023,O005023,2089.3,delivered order has no invoice
UNBILLED_ORDER,O005025,O005025,1348.05,delivered order has no invoice
UNBILLED_ORDER,O005135,O005135,331.55,delivered order has no invoice
UNBILLED_ORDER,O005169,O005169,4069.35,delivered order has no invoice
UNBILLED_ORDER,O005174,O005174,702.05,delivered order has no invoice
UNBILLED_ORDER,O005205,O005205,3510.2,delivered order has no invoice
UNBILLED_ORDER,O005263,O005263,1319.0,delivered order has no invoice
UNBILLED_ORDER,O005298,O005298,1069.0,delivered order has no invoice
UNBILLED_ORDER,O005312,O005312,3940.75,delivered order has no invoice
UNBILLED_ORDER,O005325,O005325,2014.2,delivered order has no invoice
UNBILLED_ORDER,O005451,O005451,899.3,delivered order has no invoice
UNBILLED_ORDER,O005479,O005479,845.1,delivered order has no invoice
UNBILLED_ORDER,O005520,O005520,1707.0,delivered order has no invoice
UNBILLED_ORDER,O005547,O005547,1151.1,delivered order has no invoice
UNBILLED_ORDER,O005572,O005572,719.0,delivered order has no invoice
UNBILLED_ORDER,O005583,O005583,4374.6,delivered order has no invoice
UNBILLED_ORDER,O005589,O005589,1969.0,delivered order has no invoice
UNBILLED_ORDER,O005609,O005609,3076.3,delivered order has no invoice
UNBILLED_ORDER,O005671,O005671,1771.3,delivered order has no invoice
UNBILLED_ORDER,O005694,O005694,1058.0,delivered order has no invoice
UNBILLED_ORDER,O005743,O005743,989.1,delivered order has no invoice
UNBILLED_ORDER,O005751,O005751,5372.7,delivered order has no invoice
UNBILLED_ORDER,O005852,O005852,2579.0,delivered order has no invoice
UNBILLED_ORDER,O005863,O005863,606.25,delivered order has no invoice
UNBILLED_ORDER,O005878,O005878,1196.05,delivered order has no invoice
UNBILLED_ORDER,O005880,O005880,2190.2,delivered order has no invoice
UNBILLED_ORDER,O005907,O005907,620.1,delivered order has no invoice
UNBILLED_ORDER,O005908,O005908,6875.0,delivered order has no invoice
UNBILLED_ORDER,O005926,O005926,529.0,delivered order has no invoice
UNBILLED_ORDER,O006022,O006022,1319.0,delivered order has no invoice
UNBILLED_ORDER,O006083,O006083,569.0,delivered order has no invoice
UNBILLED_ORDER,O006130,O006130,3689.35,delivered order has no invoice
UNBILLED_ORDER,O006327,O006327,647.1,delivered order has no invoice
UNBILLED_ORDER,O006338,O006338,2528.3,delivered order has no invoice
UNBILLED_ORDER,O006385,O006385,2791.1,delivered order has no invoice
UNBILLED_ORDER,O006456,O006456,3341.2,delivered order has no invoice
UNBILLED_ORDER,O006484,O006484,1449.0,delivered order has no invoice
UNBILLED_ORDER,O006502,O006502,1058.0,delivered order has no invoice
UNBILLED_ORDER,O006504,O006504,5709.1,delivered order has no invoice
UNBILLED_ORDER,O006520,O006520,349.0,delivered order has no invoice
UNBILLED_ORDER,O006581,O006581,1621.35,delivered order has no invoice
UNBILLED_ORDER,O006584,O006584,516.75,delivered order has no invoice
UNBILLED_ORDER,O006593,O006593,3387.0,delivered order has no invoice
UNBILLED_ORDER,O006634,O006634,682.75,delivered order has no invoice
UNBILLED_ORDER,O006652,O006652,4110.4,delivered order has no invoice
UNBILLED_ORDER,O006658,O006658,989.1,delivered order has no invoice
UNBILLED_ORDER,O006696,O006696,305.15,delivered order has no invoice
UNBILLED_ORDER,O006708,O006708,1627.2,delivered order has no invoice
UNBILLED_ORDER,O006735,O006735,1401.75,delivered order has no invoice
UNBILLED_ORDER,O006838,O006838,2447.15,delivered order has no invoice
UNBILLED_ORDER,O006846,O006846,3199.15,delivered order has no invoice
UNBILLED_ORDER,O006901,O006901,629.1,delivered order has no invoice
UNBILLED_ORDER,O006908,O006908,3860.75,delivered order has no invoice
UNBILLED_ORDER,O006945,O006945,1772.65,delivered order has no invoice
UNBILLED_ORDER,O006952,O006952,1476.75,delivered order has no invoice
UNBILLED_ORDER,O007010,O007010,579.0,delivered order has no invoice
UNBILLED_ORDER,O007045,O007045,609.0,delivered order has no invoice
UNBILLED_ORDER,O007060,O007060,2719.0,delivered order has no invoice
UNBILLED_ORDER,O007094,O007094,1114.2,delivered order has no invoice
UNBILLED_ORDER,O007110,O007110,1330.2,delivered order has no invoice
UNBILLED_ORDER,O007134,O007134,1319.0,delivered order has no invoice
UNBILLED_ORDER,O007209,O007209,839.0,delivered order has no invoice
UNBILLED_ORDER,O007251,O007251,2558.0,delivered order has no invoice
UNBILLED_ORDER,O007351,O007351,989.0,delivered order has no invoice
UNBILLED_ORDER,O007393,O007393,2643.65,delivered order has no invoice
UNBILLED_ORDER,O007404,O007404,568.65,delivered order has no invoice
UNBILLED_ORDER,O007420,O007420,4384.3,delivered order has no invoice
UNBILLED_ORDER,O007470,O007470,11281.95,delivered order has no invoice
UNBILLED_ORDER,O007496,O007496,5053.15,delivered order has no invoice
UNBILLED_ORDER,O007514,O007514,2565.1,delivered order has no invoice
UNBILLED_ORDER,O007524,O007524,1518.0,delivered order has no invoice
UNBILLED_ORDER,O007636,O007636,1249.0,delivered order has no invoice
UNBILLED_ORDER,O007751,O007751,1129.0,delivered order has no invoice
UNBILLED_ORDER,O007794,O007794,654.55,delivered order has no invoice
UNBILLED_ORDER,O007798,O007798,1807.2,delivered order has no invoice
UNBILLED_ORDER,O007801,O007801,576.3,delivered order has no invoice
UNBILLED_ORDER,O007850,O007850,929.0,delivered order has no invoice
UNBILLED_ORDER,O007852,O007852,459.0,delivered order has no invoice
UNBILLED_ORDER,O007859,O007859,2575.55,delivered order has no invoice
UNBILLED_ORDER,O007868,O007868,5683.65,delivered order has no invoice
UNBILLED_ORDER,O007870,O007870,1238.0,delivered order has no invoice
UNBILLED_ORDER,O007949,O007949,3303.4,delivered order has no invoice
UNBILLED_ORDER,O007994,O007994,739.0,delivered order has no invoice
UNBILLED_ORDER,O008104,O008104,476.1,delivered order has no invoice
UNBILLED_ORDER,O008129,O008129,2021.05,delivered order has no invoice
UNBILLED_ORDER,O008148,O008148,1958.0,delivered order has no invoice
UNBILLED_ORDER,O008166,O008166,3826.6,delivered order has no invoice
UNBILLED_ORDER,O008188,O008188,5226.3,delivered order has no invoice
UNBILLED_ORDER,O008209,O008209,2546.25,delivered order has no invoice
UNBILLED_ORDER,O008272,O008272,3520.2,delivered order has no invoice
UNBILLED_ORDER,O008351,O008351,1338.0,delivered order has no invoice
UNBILLED_ORDER,O008353,O008353,585.65,delivered order has no invoice
UNBILLED_ORDER,O008391,O008391,2568.0,delivered order has no invoice
UNBILLED_ORDER,O008444,O008444,1002.15,delivered order has no invoice
UNBILLED_ORDER,O008484,O008484,6778.65,delivered order has no invoice
UNBILLED_ORDER,O008488,O008488,2449.0,delivered order has no invoice
UNBILLED_ORDER,O008575,O008575,540.55,delivered order has no invoice
UNBILLED_ORDER,O008579,O008579,890.1,delivered order has no invoice
UNBILLED_ORDER,O008583,O008583,429.0,delivered order has no invoice
UNBILLED_ORDER,O008626,O008626,3302.15,delivered order has no invoice
UNBILLED_ORDER,O008678,O008678,1934.25,delivered order has no invoice
UNBILLED_ORDER,O008735,O008735,5182.2,delivered order has no invoice
UNBILLED_ORDER,O008759,O008759,3150.4,delivered order has no invoice
UNBILLED_ORDER,O008773,O008773,305.15,delivered order has no invoice
UNBILLED_ORDER,O008776,O008776,654.55,delivered order has no invoice
UNBILLED_ORDER,O008778,O008778,419.0,delivered order has no invoice
UNBILLED_ORDER,O008782,O008782,4656.0,delivered order has no invoice
UNBILLED_ORDER,O008869,O008869,5335.7,delivered order has no invoice
UNBILLED_ORDER,O008878,O008878,1509.0,delivered order has no invoice
UNBILLED_ORDER,O008945,O008945,5105.0,delivered order has no invoice
UNBILLED_ORDER,O008946,O008946,2648.0,delivered order has no invoice
UNBILLED_ORDER,O008952,O008952,263.2,delivered order has no invoice
UNBILLED_ORDER,O008967,O008967,1010.65,delivered order has no invoice
UNBILLED_ORDER,O009061,O009061,635.55,delivered order has no invoice
UNBILLED_ORDER,O009156,O009156,1478.0,delivered order has no invoice
UNBILLED_ORDER,O009234,O009234,1099.0,delivered order has no invoice
UNBILLED_ORDER,O009243,O009243,2151.2,delivered order has no invoice
UNBILLED_ORDER,O009358,O009358,3662.1,delivered order has no invoice
UNBILLED_ORDER,O009412,O009412,719.0,delivered order has no invoice
UNBILLED_ORDER,O009437,O009437,689.0,delivered order has no invoice
UNBILLED_ORDER,O009448,O009448,2256.3,delivered order has no invoice
UNBILLED_ORDER,O009605,O009605,569.0,delivered order has no invoice
UNBILLED_ORDER,O009616,O009616,1044.05,delivered order has no invoice
UNBILLED_ORDER,O009692,O009692,1942.25,delivered order has no invoice
UNBILLED_ORDER,O009707,O009707,1426.3,delivered order has no invoice
UNBILLED_ORDER,O009734,O009734,609.0,delivered order has no invoice
UNBILLED_ORDER,O009743,O009743,1271.1,delivered order has no invoice
UNBILLED_ORDER,O009778,O009778,3462.55,delivered order has no invoice
UNBILLED_ORDER,O009809,O009809,1673.65,delivered order has no invoice
UNBILLED_ORDER,O009853,O009853,1099.0,delivered order has no invoice
UNBILLED_ORDER,O009912,O009912,1288.0,delivered order has no invoice
UNBILLED_ORDER,O009915,O009915,934.15,delivered order has no invoice
UNBILLED_ORDER,O009920,O009920,2946.0,delivered order has no invoice
UNBILLED_ORDER,O009966,O009966,2579.0,delivered order has no invoice
UNBILLED_ORDER,O009968,O009968,1253.05,delivered order has no invoice
UNBILLED_ORDER,O009975,O009975,3461.25,delivered order has no invoice
UNBILLED_ORDER,O009990,O009990,1660.8,delivered order has no invoice
UNBILLED_ORDER,O010027,O010027,2519.15,delivered order has no invoice
UNBILLED_ORDER,O010046,O010046,671.2,delivered order has no invoice
UNBILLED_ORDER,O010055,O010055,1319.0,delivered order has no invoice
UNBILLED_ORDER,O010082,O010082,1070.1,delivered order has no invoice
UNBILLED_ORDER,O010093,O010093,2882.55,delivered order has no invoice
UNBILLED_ORDER,O010095,O010095,2183.65,delivered order has no invoice
UNBILLED_ORDER,O010157,O010157,1238.0,delivered order has no invoice
UNBILLED_ORDER,O010202,O010202,1244.1,delivered order has no invoice
UNBILLED_ORDER,O010312,O010312,1827.15,delivered order has no invoice
UNBILLED_ORDER,O010313,O010313,2506.1,delivered order has no invoice
UNBILLED_ORDER,O010333,O010333,1847.15,delivered order has no invoice
UNBILLED_ORDER,O010381,O010381,1359.0,delivered order has no invoice
UNBILLED_ORDER,O010395,O010395,3908.0,delivered order has no invoice
UNBILLED_ORDER,O010448,O010448,1969.0,delivered order has no invoice
UNBILLED_ORDER,O010489,O010489,3318.0,delivered order has no invoice
UNBILLED_ORDER,O010499,O010499,3813.1,delivered order has no invoice
UNBILLED_ORDER,O010521,O010521,2450.05,delivered order has no invoice
UNBILLED_ORDER,O010543,O010543,939.55,delivered order has no invoice
UNBILLED_ORDER,O010547,O010547,2146.05,delivered order has no invoice
UNBILLED_ORDER,O010556,O010556,3186.0,delivered order has no invoice
UNBILLED_ORDER,O010561,O010561,664.05,delivered order has no invoice
UNBILLED_ORDER,O010585,O010585,1378.0,delivered order has no invoice
UNBILLED_ORDER,O010649,O010649,569.0,delivered order has no invoice
UNBILLED_ORDER,O010654,O010654,881.1,delivered order has no invoice
UNBILLED_ORDER,O010798,O010798,1215.05,delivered order has no invoice
UNBILLED_ORDER,O010824,O010824,220.15,delivered order has no invoice
UNBILLED_ORDER,O010836,O010836,1404.1,delivered order has no invoice
UNBILLED_ORDER,O010890,O010890,3335.2,delivered order has no invoice
UNBILLED_ORDER,O010893,O010893,2016.2,delivered order has no invoice
UNBILLED_ORDER,O010914,O010914,1934.25,delivered order has no invoice
UNBILLED_ORDER,O010983,O010983,7737.0,delivered order has no invoice
UNBILLED_ORDER,O011044,O011044,368.1,delivered order has no invoice
UNBILLED_ORDER,O011093,O011093,1906.65,delivered order has no invoice
UNBILLED_ORDER,O011116,O011116,2772.1,delivered order has no invoice
UNBILLED_ORDER,O011190,O011190,1963.55,delivered order has no invoice
UNBILLED_ORDER,O011194,O011194,3796.2,delivered order has no invoice
UNBILLED_ORDER,O011198,O011198,3023.15,delivered order has no invoice
UNBILLED_ORDER,O011221,O011221,2858.0,delivered order has no invoice
UNBILLED_ORDER,O011269,O011269,483.65,delivered order has no invoice
UNBILLED_ORDER,O011299,O011299,611.15,delivered order has no invoice
UNBILLED_ORDER,O011331,O011331,5369.2,delivered order has no invoice
UNBILLED_ORDER,O011378,O011378,1240.15,delivered order has no invoice
UNBILLED_ORDER,O011379,O011379,6343.85,delivered order has no invoice
UNBILLED_ORDER,O011415,O011415,619.0,delivered order has no invoice
UNBILLED_ORDER,O011467,O011467,4642.2,delivered order has no invoice
UNBILLED_ORDER,O011509,O011509,5509.55,delivered order has no invoice
UNBILLED_ORDER,O011586,O011586,11005.0,delivered order has no invoice
UNBILLED_ORDER,O011603,O011603,2961.75,delivered order has no invoice
UNBILLED_ORDER,O011615,O011615,1087.15,delivered order has no invoice
UNBILLED_ORDER,O011625,O011625,1752.3,delivered order has no invoice
UNBILLED_ORDER,O011747,O011747,653.65,delivered order has no invoice
UNBILLED_ORDER,O011756,O011756,844.55,delivered order has no invoice
UNBILLED_ORDER,O011781,O011781,3027.0,delivered order has no invoice
UNBILLED_ORDER,O011833,O011833,3038.4,delivered order has no invoice
UNBILLED_ORDER,O011849,O011849,5093.15,delivered order has no invoice
UNBILLED_ORDER,O011862,O011862,2591.1,delivered order has no invoice
UNBILLED_ORDER,O011909,O011909,839.0,delivered order has no invoice
UNBILLED_ORDER,O011927,O011927,777.1,delivered order has no invoice
UNBILLED_ORDER,O011974,O011974,1568.1,delivered order has no invoice
UNBILLED_ORDER,O011990,O011990,3210.3,delivered order has no invoice
UNBILLED_ORDER,O012029,O012029,709.0,delivered order has no invoice
UNBILLED_ORDER,O012035,O012035,4377.0,delivered order has no invoice
UNBILLED_ORDER,O012126,O012126,1359.0,delivered order has no invoice
UNBILLED_ORDER,O012170,O012170,929.0,delivered order has no invoice
UNBILLED_ORDER,O012220,O012220,1576.2,delivered order has no invoice
UNBILLED_ORDER,O012260,O012260,569.0,delivered order has no invoice
UNBILLED_ORDER,O012287,O012287,2268.6,delivered order has no invoice
UNBILLED_ORDER,O012290,O012290,755.1,delivered order has no invoice
UNBILLED_ORDER,O012301,O012301,1167.75,delivered order has no invoice
UNBILLED_ORDER,O012315,O012315,5158.0,delivered order has no invoice
UNBILLED_ORDER,O012331,O012331,702.05,delivered order has no invoice
UNBILLED_ORDER,O012359,O012359,4291.7,delivered order has no invoice
UNBILLED_ORDER,O012366,O012366,3018.0,delivered order has no invoice
UNBILLED_ORDER,O012457,O012457,5248.85,delivered order has no invoice
UNBILLED_ORDER,O012464,O012464,540.55,delivered order has no invoice
UNBILLED_ORDER,O012488,O012488,1378.0,delivered order has no invoice
UNBILLED_ORDER,O012494,O012494,288.15,delivered order has no invoice
UNBILLED_ORDER,O012515,O012515,702.05,delivered order has no invoice
UNBILLED_ORDER,O012550,O012550,1358.1,delivered order has no invoice
UNBILLED_ORDER,O012579,O012579,3913.95,delivered order has no invoice
UNBILLED_ORDER,O012624,O012624,683.05,delivered order has no invoice
UNBILLED_ORDER,O012632,O012632,2347.0,delivered order has no invoice
UNBILLED_ORDER,O012642,O012642,1870.55,delivered order has no invoice
UNBILLED_ORDER,O012658,O012658,3040.65,delivered order has no invoice
UNBILLED_ORDER,O012709,O012709,839.0,delivered order has no invoice
UNBILLED_ORDER,O012728,O012728,899.1,delivered order has no invoice
UNBILLED_ORDER,O012762,O012762,367.2,delivered order has no invoice
UNBILLED_ORDER,O012818,O012818,1376.55,delivered order has no invoice
UNBILLED_ORDER,O012842,O012842,669.0,delivered order has no invoice
UNBILLED_ORDER,O012879,O012879,689.0,delivered order has no invoice
UNBILLED_ORDER,O012901,O012901,739.0,delivered order has no invoice
UNBILLED_ORDER,O012980,O012980,2583.05,delivered order has no invoice
UNBILLED_ORDER,O013007,O013007,3846.0,delivered order has no invoice
UNBILLED_ORDER,O013008,O013008,1278.0,delivered order has no invoice
UNBILLED_ORDER,O013019,O013019,5269.65,delivered order has no invoice
UNBILLED_ORDER,O013067,O013067,1359.0,delivered order has no invoice
UNBILLED_ORDER,O013125,O013125,1651.55,delivered order has no invoice
UNBILLED_ORDER,O013136,O013136,1214.1,delivered order has no invoice
UNBILLED_ORDER,O013169,O013169,1896.1,delivered order has no invoice
UNBILLED_ORDER,O013269,O013269,1423.7,delivered order has no invoice
UNBILLED_ORDER,O013335,O013335,1294.2,delivered order has no invoice
UNBILLED_ORDER,O013396,O013396,2278.65,delivered order has no invoice
UNBILLED_ORDER,O013475,O013475,679.0,delivered order has no invoice
UNBILLED_ORDER,O013503,O013503,1841.75,delivered order has no invoice
UNBILLED_ORDER,O013567,O013567,2204.2,delivered order has no invoice
UNBILLED_ORDER,O013578,O013578,1189.0,delivered order has no invoice
UNBILLED_ORDER,O013613,O013613,2374.2,delivered order has no invoice
UNBILLED_ORDER,O013696,O013696,1253.05,delivered order has no invoice
UNBILLED_ORDER,O013747,O013747,1039.0,delivered order has no invoice
UNBILLED_ORDER,O013796,O013796,2597.35,delivered order has no invoice
UNBILLED_ORDER,O013803,O013803,3926.0,delivered order has no invoice
UNBILLED_ORDER,O013837,O013837,929.0,delivered order has no invoice
UNBILLED_ORDER,O013840,O013840,1969.0,delivered order has no invoice
UNBILLED_ORDER,O013901,O013901,2032.05,delivered order has no invoice
UNBILLED_ORDER,O013917,O013917,1594.1,delivered order has no invoice
UNBILLED_ORDER,O013940,O013940,739.0,delivered order has no invoice
UNBILLED_ORDER,O013959,O013959,4419.65,delivered order has no invoice
UNBILLED_ORDER,O013984,O013984,487.2,delivered order has no invoice
UNBILLED_ORDER,O013991,O013991,892.05,delivered order has no invoice
UNBILLED_ORDER,O014016,O014016,1797.65,delivered order has no invoice
UNBILLED_ORDER,O014087,O014087,2548.0,delivered order has no invoice
UNBILLED_ORDER,O014207,O014207,2750.65,delivered order has no invoice
UNBILLED_ORDER,O014212,O014212,1304.1,delivered order has no invoice
UNBILLED_ORDER,O014259,O014259,312.55,delivered order has no invoice
UNBILLED_ORDER,O014324,O014324,529.0,delivered order has no invoice
UNBILLED_ORDER,O014327,O014327,739.0,delivered order has no invoice
UNBILLED_ORDER,O014341,O014341,4368.2,delivered order has no invoice
UNBILLED_ORDER,O014424,O014424,1446.8,delivered order has no invoice
UNBILLED_ORDER,O014509,O014509,1189.15,delivered order has no invoice
UNBILLED_ORDER,O014612,O014612,4486.3,delivered order has no invoice
UNBILLED_ORDER,O014640,O014640,3351.1,delivered order has no invoice
UNBILLED_ORDER,O014669,O014669,3144.1,delivered order has no invoice
UNBILLED_ORDER,O014687,O014687,1405.25,delivered order has no invoice
UNBILLED_ORDER,O014729,O014729,636.65,delivered order has no invoice
UNBILLED_ORDER,O014752,O014752,609.0,delivered order has no invoice
UNBILLED_ORDER,O014800,O014800,1259.0,delivered order has no invoice
UNBILLED_ORDER,O014861,O014861,3381.55,delivered order has no invoice
UNBILLED_ORDER,O014889,O014889,5458.0,delivered order has no invoice
UNBILLED_ORDER,O015002,O015002,4128.0,delivered order has no invoice
UNBILLED_ORDER,O015040,O015040,1266.3,delivered order has no invoice
UNBILLED_ORDER,O015042,O015042,1129.55,delivered order has no invoice
UNBILLED_ORDER,O015119,O015119,2248.15,delivered order has no invoice
UNBILLED_ORDER,O015121,O015121,3838.0,delivered order has no invoice
UNBILLED_ORDER,O015127,O015127,5062.55,delivered order has no invoice
UNBILLED_ORDER,O015146,O015146,1509.0,delivered order has no invoice
UNBILLED_ORDER,O015164,O015164,259.0,delivered order has no invoice
UNBILLED_ORDER,O015199,O015199,2348.2,delivered order has no invoice
UNBILLED_ORDER,O015264,O015264,3796.0,delivered order has no invoice
UNBILLED_ORDER,O015281,O015281,1489.0,delivered order has no invoice
UNBILLED_ORDER,O015312,O015312,3218.45,delivered order has no invoice
UNBILLED_ORDER,O015335,O015335,6333.3,delivered order has no invoice
UNBILLED_ORDER,O015344,O015344,1449.0,delivered order has no invoice
UNBILLED_ORDER,O015351,O015351,719.0,delivered order has no invoice
UNBILLED_ORDER,O015421,O015421,2334.75,delivered order has no invoice
UNBILLED_ORDER,O015613,O015613,1399.0,delivered order has no invoice
UNBILLED_ORDER,O015630,O015630,4404.45,delivered order has no invoice
UNBILLED_ORDER,O015665,O015665,4458.0,delivered order has no invoice
UNBILLED_ORDER,O015727,O015727,3249.0,delivered order has no invoice
UNBILLED_ORDER,O015743,O015743,1628.0,delivered order has no invoice
UNBILLED_ORDER,O015757,O015757,1878.0,delivered order has no invoice
UNBILLED_ORDER,O015772,O015772,1484.95,delivered order has no invoice
UNBILLED_ORDER,O015809,O015809,1899.25,delivered order has no invoice
UNBILLED_ORDER,O015829,O015829,611.15,delivered order has no invoice
UNBILLED_ORDER,O015832,O015832,1087.15,delivered order has no invoice
UNBILLED_ORDER,O015921,O015921,1399.0,delivered order has no invoice
UNBILLED_ORDER,O015935,O015935,656.1,delivered order has no invoice
UNBILLED_ORDER,O015968,O015968,1478.0,delivered order has no invoice
UNBILLED_ORDER,O015993,O015993,246.05,delivered order has no invoice
UNBILLED_ORDER,O016042,O016042,2511.7,delivered order has no invoice
UNBILLED_ORDER,O016086,O016086,9056.0,delivered order has no invoice
UNBILLED_ORDER,O016117,O016117,999.2,delivered order has no invoice
UNBILLED_ORDER,O016126,O016126,1104.8,delivered order has no invoice
UNBILLED_ORDER,O016139,O016139,1404.1,delivered order has no invoice
UNBILLED_ORDER,O016162,O016162,2298.05,delivered order has no invoice
UNBILLED_ORDER,O016210,O016210,569.0,delivered order has no invoice
UNBILLED_ORDER,O016272,O016272,1372.05,delivered order has no invoice
UNBILLED_ORDER,O016276,O016276,1619.0,delivered order has no invoice
UNBILLED_ORDER,O016278,O016278,925.65,delivered order has no invoice
UNBILLED_ORDER,O016291,O016291,588.05,delivered order has no invoice
UNBILLED_ORDER,O016310,O016310,4489.75,delivered order has no invoice
UNBILLED_ORDER,O016351,O016351,1528.2,delivered order has no invoice
UNBILLED_ORDER,O016380,O016380,1340.1,delivered order has no invoice
UNBILLED_ORDER,O016465,O016465,7109.1,delivered order has no invoice
UNBILLED_ORDER,O016481,O016481,2007.7,delivered order has no invoice
UNBILLED_ORDER,O016485,O016485,3090.2,delivered order has no invoice
UNBILLED_ORDER,O016500,O016500,551.2,delivered order has no invoice
UNBILLED_ORDER,O016508,O016508,1728.0,delivered order has no invoice
UNBILLED_ORDER,O016515,O016515,579.0,delivered order has no invoice
UNBILLED_ORDER,O016553,O016553,1189.15,delivered order has no invoice
UNBILLED_ORDER,O016665,O016665,719.0,delivered order has no invoice
UNBILLED_ORDER,O016667,O016667,359.1,delivered order has no invoice
UNBILLED_ORDER,O016702,O016702,999.2,delivered order has no invoice
UNBILLED_ORDER,O016718,O016718,422.1,delivered order has no invoice
UNBILLED_ORDER,O016750,O016750,620.1,delivered order has no invoice
UNBILLED_ORDER,O016773,O016773,2063.2,delivered order has no invoice
UNBILLED_ORDER,O016884,O016884,557.1,delivered order has no invoice
UNBILLED_ORDER,O016931,O016931,466.2,delivered order has no invoice
UNBILLED_ORDER,O016961,O016961,1438.2,delivered order has no invoice
UNBILLED_ORDER,O017004,O017004,449.65,delivered order has no invoice
UNBILLED_ORDER,O017046,O017046,1259.1,delivered order has no invoice
UNBILLED_ORDER,O017068,O017068,659.0,delivered order has no invoice
UNBILLED_ORDER,O017122,O017122,2636.3,delivered order has no invoice
UNBILLED_ORDER,O017131,O017131,4053.65,delivered order has no invoice
UNBILLED_ORDER,O017156,O017156,1438.0,delivered order has no invoice
UNBILLED_ORDER,O017208,O017208,501.75,delivered order has no invoice
UNBILLED_ORDER,O017250,O017250,1114.2,delivered order has no invoice
UNBILLED_ORDER,O017253,O017253,10390.25,delivered order has no invoice
UNBILLED_ORDER,O017265,O017265,1698.25,delivered order has no invoice
UNBILLED_ORDER,O017322,O017322,831.55,delivered order has no invoice
UNBILLED_ORDER,O017328,O017328,2867.1,delivered order has no invoice
UNBILLED_ORDER,O017335,O017335,2718.85,delivered order has no invoice
UNBILLED_ORDER,O017337,O017337,1023.2,delivered order has no invoice
UNBILLED_ORDER,O017391,O017391,469.0,delivered order has no invoice
UNBILLED_ORDER,O017412,O017412,1395.55,delivered order has no invoice
UNBILLED_ORDER,O017473,O017473,259.0,delivered order has no invoice
UNBILLED_ORDER,O017494,O017494,3632.2,delivered order has no invoice
UNBILLED_ORDER,O017498,O017498,1058.0,delivered order has no invoice
UNBILLED_ORDER,O017575,O017575,2419.0,delivered order has no invoice
UNBILLED_ORDER,O017667,O017667,702.05,delivered order has no invoice
UNBILLED_ORDER,O017753,O017753,5129.35,delivered order has no invoice
UNBILLED_ORDER,O017786,O017786,619.0,delivered order has no invoice
UNBILLED_ORDER,O017815,O017815,909.35,delivered order has no invoice
UNBILLED_ORDER,O017830,O017830,2977.95,delivered order has no invoice
UNBILLED_ORDER,O017889,O017889,3742.7,delivered order has no invoice
UNBILLED_ORDER,O017936,O017936,2653.9,delivered order has no invoice
UNBILLED_ORDER,O018087,O018087,665.1,delivered order has no invoice
UNBILLED_ORDER,O018156,O018156,6119.45,delivered order has no invoice
UNBILLED_ORDER,O018174,O018174,2591.1,delivered order has no invoice
UNBILLED_ORDER,O018206,O018206,449.65,delivered order has no invoice
UNBILLED_ORDER,O018222,O018222,2874.55,delivered order has no invoice
UNBILLED_ORDER,O018289,O018289,839.0,delivered order has no invoice
UNBILLED_ORDER,O018435,O018435,575.2,delivered order has no invoice
UNBILLED_ORDER,O018443,O018443,1453.5,delivered order has no invoice
UNBILLED_ORDER,O018447,O018447,1282.65,delivered order has no invoice
UNBILLED_ORDER,O018501,O018501,4691.85,delivered order has no invoice
UNBILLED_ORDER,O018502,O018502,164.25,delivered order has no invoice
UNBILLED_ORDER,O018519,O018519,635.55,delivered order has no invoice
UNBILLED_ORDER,O018521,O018521,2248.5,delivered order has no invoice
UNBILLED_ORDER,O018595,O018595,615.2,delivered order has no invoice
UNBILLED_ORDER,O018657,O018657,2761.65,delivered order has no invoice
UNBILLED_ORDER,O018703,O018703,8527.2,delivered order has no invoice
UNBILLED_ORDER,O018790,O018790,948.35,delivered order has no invoice
UNBILLED_ORDER,O018822,O018822,1147.3,delivered order has no invoice
UNBILLED_ORDER,O018839,O018839,1873.5,delivered order has no invoice
UNBILLED_ORDER,O018848,O018848,1240.15,delivered order has no invoice
UNBILLED_ORDER,O018925,O018925,1619.0,delivered order has no invoice
UNBILLED_ORDER,O018927,O018927,1279.0,delivered order has no invoice
UNBILLED_ORDER,O018939,O018939,1155.15,delivered order has no invoice
UNBILLED_ORDER,O018956,O018956,2654.65,delivered order has no invoice
UNBILLED_ORDER,O018969,O018969,831.2,delivered order has no invoice
UNBILLED_ORDER,O018974,O018974,5054.95,delivered order has no invoice
UNBILLED_ORDER,O018982,O018982,840.65,delivered order has no invoice
UNBILLED_ORDER,O019087,O019087,654.55,delivered order has no invoice
UNBILLED_ORDER,O019178,O019178,476.1,delivered order has no invoice
UNBILLED_ORDER,O019220,O019220,1584.1,delivered order has no invoice
UNBILLED_ORDER,O019233,O019233,4472.45,delivered order has no invoice
UNBILLED_ORDER,O019326,O019326,3449.05,delivered order has no invoice
UNBILLED_ORDER,O019367,O019367,845.1,delivered order has no invoice
UNBILLED_ORDER,O019423,O019423,840.65,delivered order has no invoice
UNBILLED_ORDER,O019459,O019459,2476.35,delivered order has no invoice
UNBILLED_ORDER,O019463,O019463,1159.2,delivered order has no invoice
UNBILLED_ORDER,O019524,O019524,1329.05,delivered order has no invoice
UNBILLED_ORDER,O019558,O019558,1910.4,delivered order has no invoice
UNBILLED_ORDER,O019561,O019561,2556.05,delivered order has no invoice
UNBILLED_ORDER,O019638,O019638,1129.35,delivered order has no invoice
UNBILLED_ORDER,O019643,O019643,2448.65,delivered order has no invoice
UNBILLED_ORDER,O019647,O019647,1187.1,delivered order has no invoice
UNBILLED_ORDER,O019651,O019651,1619.4,delivered order has no invoice
UNBILLED_ORDER,O019751,O019751,2758.3,delivered order has no invoice
UNBILLED_ORDER,O019765,O019765,1795.25,delivered order has no invoice
UNBILLED_ORDER,O019802,O019802,3018.0,delivered order has no invoice
UNBILLED_ORDER,O019807,O019807,2211.75,delivered order has no invoice
UNBILLED_ORDER,O019824,O019824,1478.0,delivered order has no invoice
UNBILLED_ORDER,O019858,O019858,1758.15,delivered order has no invoice
UNBILLED_ORDER,O019868,O019868,1367.05,delivered order has no invoice
UNBILLED_ORDER,O019927,O019927,1304.1,delivered order has no invoice
UNBILLED_ORDER,O019960,O019960,2222.3,delivered order has no invoice
UNBILLED_ORDER,O019972,O019972,3915.6,delivered order has no invoice
UNBILLED_ORDER,O020027,O020027,535.2,delivered order has no invoice
UNBILLED_ORDER,O020049,O020049,1656.85,delivered order has no invoice
UNBILLED_ORDER,O020119,O020119,3288.3,delivered order has no invoice
UNBILLED_ORDER,O020132,O020132,665.1,delivered order has no invoice
UNBILLED_ORDER,O020206,O020206,846.75,delivered order has no invoice
UNBILLED_ORDER,O020261,O020261,1722.55,delivered order has no invoice
UNBILLED_ORDER,O020268,O020268,6094.85,delivered order has no invoice
UNBILLED_ORDER,O020326,O020326,1816.15,delivered order has no invoice
UNBILLED_ORDER,O020360,O020360,2318.4,delivered order has no invoice
UNBILLED_ORDER,O020384,O020384,989.0,delivered order has no invoice
UNBILLED_ORDER,O020414,O020414,1124.1,delivered order has no invoice
UNBILLED_ORDER,O020476,O020476,516.75,delivered order has no invoice
UNBILLED_ORDER,O020525,O020525,2853.45,delivered order has no invoice
UNBILLED_ORDER,O020576,O020576,989.1,delivered order has no invoice
UNBILLED_ORDER,O020675,O020675,988.2,delivered order has no invoice
UNBILLED_ORDER,O020694,O020694,3453.6,delivered order has no invoice
UNBILLED_ORDER,O020728,O020728,279.65,delivered order has no invoice
UNBILLED_ORDER,O020738,O020738,5647.45,delivered order has no invoice
UNBILLED_ORDER,O020791,O020791,2027.5,delivered order has no invoice
UNBILLED_ORDER,O020854,O020854,1147.3,delivered order has no invoice
UNBILLED_ORDER,O020857,O020857,872.85,delivered order has no invoice
UNBILLED_ORDER,O020919,O020919,798.15,delivered order has no invoice
UNBILLED_ORDER,O020930,O020930,2400.7,delivered order has no invoice
UNBILLED_ORDER,O020978,O020978,1010.65,delivered order has no invoice
UNBILLED_ORDER,O020986,O020986,1995.3,delivered order has no invoice
UNBILLED_ORDER,O021145,O021145,824.25,delivered order has no invoice
UNBILLED_ORDER,O021146,O021146,2274.3,delivered order has no invoice
UNBILLED_ORDER,O021175,O021175,713.15,delivered order has no invoice
UNBILLED_ORDER,O021301,O021301,2305.6,delivered order has no invoice
UNBILLED_ORDER,O021307,O021307,4550.5,delivered order has no invoice
UNBILLED_ORDER,O021391,O021391,798.15,delivered order has no invoice
UNBILLED_ORDER,O021394,O021394,1095.65,delivered order has no invoice
UNBILLED_ORDER,O021406,O021406,3325.15,delivered order has no invoice
UNBILLED_ORDER,O021488,O021488,654.55,delivered order has no invoice
UNBILLED_ORDER,O021498,O021498,2611.45,delivered order has no invoice
UNBILLED_ORDER,O021507,O021507,261.75,delivered order has no invoice
UNBILLED_ORDER,O021528,O021528,1581.6,delivered order has no invoice
UNBILLED_ORDER,O021532,O021532,1699.4,delivered order has no invoice
UNBILLED_ORDER,O021560,O021560,3388.7,delivered order has no invoice
UNBILLED_ORDER,O021572,O021572,5086.8,delivered order has no invoice
UNBILLED_ORDER,O021659,O021659,2554.2,delivered order has no invoice
UNBILLED_ORDER,O021743,O021743,2861.95,delivered order has no invoice
UNBILLED_ORDER,O021748,O021748,2677.25,delivered order has no invoice
UNBILLED_ORDER,O021890,O021890,1654.4,delivered order has no invoice
UNBILLED_ORDER,O021937,O021937,619.0,delivered order has no invoice
UNBILLED_ORDER,O021948,O021948,1868.25,delivered order has no invoice
UNBILLED_ORDER,O021952,O021952,2753.1,delivered order has no invoice
UNBILLED_ORDER,O021953,O021953,1291.05,delivered order has no invoice
UNBILLED_ORDER,O021984,O021984,1051.15,delivered order has no invoice
UNBILLED_ORDER,O021987,O021987,952.2,delivered order has no invoice
UNBILLED_ORDER,O022026,O022026,3026.65,delivered order has no invoice
UNBILLED_ORDER,O022073,O022073,642.85,delivered order has no invoice
UNBILLED_ORDER,O022304,O022304,535.2,delivered order has no invoice
UNBILLED_ORDER,O022381,O022381,1378.0,delivered order has no invoice
UNBILLED_ORDER,O022393,O022393,1617.65,delivered order has no invoice
UNBILLED_ORDER,O022413,O022413,1817.15,delivered order has no invoice
UNBILLED_ORDER,O022487,O022487,1918.5,delivered order has no invoice
UNBILLED_ORDER,O022532,O022532,881.3,delivered order has no invoice
UNBILLED_ORDER,O022559,O022559,1294.5,delivered order has no invoice
UNBILLED_ORDER,O022702,O022702,220.15,delivered order has no invoice
UNBILLED_ORDER,O022745,O022745,4229.2,delivered order has no invoice
UNBILLED_ORDER,O022831,O022831,860.3,delivered order has no invoice
UNBILLED_ORDER,O022898,O022898,719.0,delivered order has no invoice
UNBILLED_ORDER,O022902,O022902,671.2,delivered order has no invoice
UNBILLED_ORDER,O022941,O022941,483.65,delivered order has no invoice
UNBILLED_ORDER,O022944,O022944,2188.5,delivered order has no invoice
UNBILLED_ORDER,O023055,O023055,551.2,delivered order has no invoice
UNBILLED_ORDER,O023056,O023056,1775.55,delivered order has no invoice
UNBILLED_ORDER,O023060,O023060,1010.65,delivered order has no invoice
UNBILLED_ORDER,O023082,O023082,529.0,delivered order has no invoice
UNBILLED_ORDER,O023085,O023085,719.0,delivered order has no invoice
UNBILLED_ORDER,O023111,O023111,1205.3,delivered order has no invoice
UNBILLED_ORDER,O023197,O023197,1614.15,delivered order has no invoice
UNBILLED_ORDER,O023227,O023227,2719.0,delivered order has no invoice
UNBILLED_ORDER,O023263,O023263,1167.2,delivered order has no invoice
UNBILLED_ORDER,O023280,O023280,4426.2,delivered order has no invoice
UNBILLED_ORDER,O023292,O023292,3074.55,delivered order has no invoice
UNBILLED_ORDER,O023311,O023311,2056.15,delivered order has no invoice
UNBILLED_ORDER,O023380,O023380,560.15,delivered order has no invoice
UNBILLED_ORDER,O023400,O023400,3042.85,delivered order has no invoice
UNBILLED_ORDER,O023593,O023593,6965.0,delivered order has no invoice
UNBILLED_ORDER,O023640,O023640,849.15,delivered order has no invoice
UNBILLED_ORDER,O023672,O023672,2196.1,delivered order has no invoice
UNBILLED_ORDER,O023733,O023733,591.2,delivered order has no invoice
UNBILLED_ORDER,O023758,O023758,516.75,delivered order has no invoice
UNBILLED_ORDER,O023805,O023805,1969.0,delivered order has no invoice
UNBILLED_ORDER,O023826,O023826,1303.25,delivered order has no invoice
UNBILLED_ORDER,O023851,O023851,1406.4,delivered order has no invoice
UNBILLED_ORDER,O023908,O023908,551.2,delivered order has no invoice
UNBILLED_ORDER,O023912,O023912,2004.3,delivered order has no invoice
UNBILLED_ORDER,O023913,O023913,1805.3,delivered order has no invoice
UNBILLED_ORDER,O023921,O023921,2458.5,delivered order has no invoice
UNBILLED_ORDER,O023931,O023931,1331.3,delivered order has no invoice
UNBILLED_ORDER,O023948,O023948,683.05,delivered order has no invoice
UNBILLED_ORDER,O023986,O023986,683.05,delivered order has no invoice
UNBILLED_ORDER,O024003,O024003,602.1,delivered order has no invoice
UNBILLED_ORDER,O024056,O024056,455.2,delivered order has no invoice
UNBILLED_ORDER,O024083,O024083,861.75,delivered order has no invoice
UNBILLED_ORDER,O024203,O024203,1289.0,delivered order has no invoice
UNBILLED_ORDER,O024205,O024205,2689.8,delivered order has no invoice
UNBILLED_ORDER,O024288,O024288,1619.0,delivered order has no invoice
UNBILLED_ORDER,O024353,O024353,4442.0,delivered order has no invoice
UNBILLED_ORDER,O024434,O024434,4885.0,delivered order has no invoice
UNBILLED_ORDER,O024507,O024507,535.2,delivered order has no invoice
UNBILLED_ORDER,O024527,O024527,1240.15,delivered order has no invoice
UNBILLED_ORDER,O024663,O024663,951.2,delivered order has no invoice
UNBILLED_ORDER,O024680,O024680,2931.3,delivered order has no invoice
UNBILLED_ORDER,O024697,O024697,5802.3,delivered order has no invoice
UNBILLED_ORDER,O024865,O024865,447.85,delivered order has no invoice
UNBILLED_ORDER,O024882,O024882,396.75,delivered order has no invoice
UNBILLED_ORDER,O024900,O024900,1159.2,delivered order has no invoice
UNBILLED_ORDER,O024933,O024933,2879.0,delivered order has no invoice
UNBILLED_ORDER,O024949,O024949,1548.55,delivered order has no invoice
UNBILLED_ORDER,O024997,O024997,2216.9,delivered order has no invoice
UNBILLED_ORDER,O025011,O025011,2599.2,delivered order has no invoice
UNBILLED_ORDER,O025013,O025013,483.65,delivered order has no invoice
UNBILLED_ORDER,O025043,O025043,2805.3,delivered order has no invoice
UNBILLED_ORDER,O025046,O025046,6173.1,delivered order has no invoice
UNBILLED_ORDER,O025070,O025070,1698.05,delivered order has no invoice
UNBILLED_ORDER,O025082,O025082,396.75,delivered order has no invoice
UNBILLED_ORDER,O025166,O025166,989.1,delivered order has no invoice
UNBILLED_ORDER,O025339,O025339,754.2,delivered order has no invoice
UNBILLED_ORDER,O025364,O025364,220.15,delivered order has no invoice
UNBILLED_ORDER,O025374,O025374,8347.65,delivered order has no invoice
UNBILLED_ORDER,O025405,O025405,1870.2,delivered order has no invoice
UNBILLED_ORDER,O025501,O025501,1813.55,delivered order has no invoice
UNBILLED_ORDER,O025520,O025520,5468.55,delivered order has no invoice
UNBILLED_ORDER,O025554,O025554,665.1,delivered order has no invoice
UNBILLED_ORDER,O025555,O025555,6930.8,delivered order has no invoice
UNBILLED_ORDER,O025573,O025573,1135.2,delivered order has no invoice
UNBILLED_ORDER,O025612,O025612,4297.35,delivered order has no invoice
UNBILLED_ORDER,O025623,O025623,659.25,delivered order has no invoice
UNBILLED_ORDER,O025642,O025642,4140.8,delivered order has no invoice
UNBILLED_ORDER,O025682,O025682,2564.15,delivered order has no invoice
UNBILLED_ORDER,O025684,O025684,1266.3,delivered order has no invoice
UNBILLED_ORDER,O025697,O025697,935.1,delivered order has no invoice
UNBILLED_ORDER,O025700,O025700,1874.7,delivered order has no invoice
UNBILLED_ORDER,O025720,O025720,1167.2,delivered order has no invoice
UNBILLED_ORDER,O025744,O025744,9319.25,delivered order has no invoice
UNBILLED_ORDER,O025783,O025783,1422.15,delivered order has no invoice
UNBILLED_ORDER,O025827,O025827,1222.65,delivered order has no invoice
UNBILLED_ORDER,O025833,O025833,702.05,delivered order has no invoice
UNBILLED_ORDER,O025856,O025856,2033.1,delivered order has no invoice
UNBILLED_ORDER,O025919,O025919,3102.75,delivered order has no invoice
UNBILLED_ORDER,O025946,O025946,2016.45,delivered order has no invoice
UNBILLED_ORDER,O025953,O025953,2676.15,delivered order has no invoice
UNBILLED_ORDER,O025959,O025959,1289.0,delivered order has no invoice
UNBILLED_ORDER,O026008,O026008,983.2,delivered order has no invoice
UNBILLED_ORDER,O026026,O026026,2200.25,delivered order has no invoice
UNBILLED_ORDER,O026031,O026031,1248.65,delivered order has no invoice
UNBILLED_ORDER,O026048,O026048,4077.0,delivered order has no invoice
UNBILLED_ORDER,O026136,O026136,1002.15,delivered order has no invoice
UNBILLED_ORDER,O026204,O026204,1595.85,delivered order has no invoice
UNBILLED_ORDER,O026227,O026227,449.65,delivered order has no invoice
UNBILLED_ORDER,O026229,O026229,1805.75,delivered order has no invoice
UNBILLED_ORDER,O026294,O026294,1664.3,delivered order has no invoice
UNBILLED_ORDER,O026300,O026300,2690.1,delivered order has no invoice
UNBILLED_ORDER,O026349,O026349,647.1,delivered order has no invoice
UNBILLED_ORDER,O026439,O026439,4371.3,delivered order has no invoice
UNBILLED_ORDER,O026443,O026443,1240.15,delivered order has no invoice
UNBILLED_ORDER,O026489,O026489,835.05,delivered order has no invoice
UNBILLED_ORDER,O026512,O026512,4311.75,delivered order has no invoice
UNBILLED_ORDER,O026531,O026531,1171.3,delivered order has no invoice
UNBILLED_ORDER,O026579,O026579,429.0,delivered order has no invoice
UNBILLED_ORDER,O026614,O026614,2918.0,delivered order has no invoice
UNBILLED_ORDER,O026701,O026701,1167.55,delivered order has no invoice
UNBILLED_ORDER,O026779,O026779,934.15,delivered order has no invoice
UNBILLED_ORDER,O026787,O026787,2871.55,delivered order has no invoice
UNBILLED_ORDER,O027031,O027031,6714.45,delivered order has no invoice
UNBILLED_ORDER,O027038,O027038,989.1,delivered order has no invoice
UNBILLED_ORDER,O027080,O027080,989.1,delivered order has no invoice
UNBILLED_ORDER,O027106,O027106,1010.65,delivered order has no invoice
UNBILLED_ORDER,O027120,O027120,775.2,delivered order has no invoice
UNBILLED_ORDER,O027140,O027140,6673.05,delivered order has no invoice
UNBILLED_ORDER,O027161,O027161,2264.75,delivered order has no invoice
UNBILLED_ORDER,O027201,O027201,1215.05,delivered order has no invoice
UNBILLED_ORDER,O027230,O027230,2844.2,delivered order has no invoice
UNBILLED_ORDER,O027263,O027263,1319.0,delivered order has no invoice
UNBILLED_ORDER,O027277,O027277,939.0,delivered order has no invoice
UNBILLED_ORDER,O027282,O027282,5530.35,delivered order has no invoice
UNBILLED_ORDER,O027332,O027332,4839.1,delivered order has no invoice
UNBILLED_ORDER,O027377,O027377,1028.0,delivered order has no invoice
UNBILLED_ORDER,O027380,O027380,6498.0,delivered order has no invoice
UNBILLED_ORDER,O027466,O027466,1467.1,delivered order has no invoice
UNBILLED_ORDER,O027468,O027468,399.0,delivered order has no invoice
UNBILLED_ORDER,O027523,O027523,1629.1,delivered order has no invoice
UNBILLED_ORDER,O027573,O027573,246.75,delivered order has no invoice
UNBILLED_ORDER,O027575,O027575,647.1,delivered order has no invoice
UNBILLED_ORDER,O027580,O027580,449.65,delivered order has no invoice
UNBILLED_ORDER,O027653,O027653,2484.8,delivered order has no invoice
UNBILLED_ORDER,O027690,O027690,585.65,delivered order has no invoice
UNBILLED_ORDER,O027693,O027693,1920.1,delivered order has no invoice
UNBILLED_ORDER,O027920,O027920,747.15,delivered order has no invoice
UNBILLED_ORDER,O027947,O027947,1376.55,delivered order has no invoice
UNBILLED_ORDER,O028002,O028002,2116.75,delivered order has no invoice
UNBILLED_ORDER,O028011,O028011,2898.0,delivered order has no invoice
UNBILLED_ORDER,O028023,O028023,321.75,delivered order has no invoice
UNBILLED_ORDER,O028031,O028031,3168.2,delivered order has no invoice
UNBILLED_ORDER,O028142,O028142,7293.15,delivered order has no invoice
UNBILLED_ORDER,O028147,O028147,259.0,delivered order has no invoice
UNBILLED_ORDER,O028196,O028196,1151.1,delivered order has no invoice
UNBILLED_ORDER,O028207,O028207,2609.15,delivered order has no invoice
UNBILLED_ORDER,O028215,O028215,2558.0,delivered order has no invoice
UNBILLED_ORDER,O028219,O028219,890.1,delivered order has no invoice
UNBILLED_ORDER,O028236,O028236,2241.75,delivered order has no invoice
UNBILLED_ORDER,O028251,O028251,939.0,delivered order has no invoice
UNBILLED_ORDER,O028298,O028298,2123.3,delivered order has no invoice
UNBILLED_ORDER,O028337,O028337,492.1,delivered order has no invoice
UNBILLED_ORDER,O028388,O028388,619.0,delivered order has no invoice
UNBILLED_ORDER,O028446,O028446,5544.4,delivered order has no invoice
UNBILLED_ORDER,O028496,O028496,220.15,delivered order has no invoice
UNBILLED_ORDER,O028550,O028550,3720.45,delivered order has no invoice
UNBILLED_ORDER,O028592,O028592,5219.2,delivered order has no invoice
UNBILLED_ORDER,O028632,O028632,2290.7,delivered order has no invoice
UNBILLED_ORDER,O028657,O028657,2027.75,delivered order has no invoice
UNBILLED_ORDER,O028664,O028664,1668.05,delivered order has no invoice
UNBILLED_ORDER,O028668,O028668,1616.85,delivered order has no invoice
UNBILLED_ORDER,O028696,O028696,1678.0,delivered order has no invoice
UNBILLED_ORDER,O028754,O028754,1330.05,delivered order has no invoice
UNBILLED_ORDER,O028780,O028780,1304.1,delivered order has no invoice
UNBILLED_ORDER,O028848,O028848,890.1,delivered order has no invoice
UNBILLED_ORDER,O028896,O028896,1189.0,delivered order has no invoice
UNBILLED_ORDER,O028931,O028931,1977.75,delivered order has no invoice
UNBILLED_ORDER,O028972,O028972,3314.7,delivered order has no invoice
UNBILLED_ORDER,O029147,O029147,2308.65,delivered order has no invoice
UNBILLED_ORDER,O029148,O029148,1227.0,delivered order has no invoice
UNBILLED_ORDER,O029171,O029171,5768.9,delivered order has no invoice
UNBILLED_ORDER,O029177,O029177,2063.2,delivered order has no invoice
UNBILLED_ORDER,O029195,O029195,1995.3,delivered order has no invoice
UNBILLED_ORDER,O029290,O029290,3249.0,delivered order has no invoice
UNBILLED_ORDER,O029292,O029292,8404.65,delivered order has no invoice
UNBILLED_ORDER,O029293,O029293,1491.05,delivered order has no invoice
UNBILLED_ORDER,O029305,O029305,979.0,delivered order has no invoice
UNBILLED_ORDER,O029335,O029335,1313.1,delivered order has no invoice
UNBILLED_ORDER,O029390,O029390,8404.65,delivered order has no invoice
UNBILLED_ORDER,O029392,O029392,5162.45,delivered order has no invoice
UNBILLED_ORDER,O029424,O029424,220.15,delivered order has no invoice
UNBILLED_ORDER,O029450,O029450,1376.55,delivered order has no invoice
UNBILLED_ORDER,O029490,O029490,1495.2,delivered order has no invoice
UNBILLED_ORDER,O029581,O029581,1528.2,delivered order has no invoice
UNBILLED_ORDER,O029670,O029670,1367.05,delivered order has no invoice
UNBILLED_ORDER,O029672,O029672,529.0,delivered order has no invoice
UNBILLED_ORDER,O029700,O029700,8520.3,delivered order has no invoice
UNBILLED_ORDER,O029709,O029709,1279.0,delivered order has no invoice
UNBILLED_ORDER,O029743,O029743,1899.0,delivered order has no invoice
UNBILLED_ORDER,O029750,O029750,2378.0,delivered order has no invoice
UNBILLED_ORDER,O029761,O029761,958.55,delivered order has no invoice
UNBILLED_ORDER,O029814,O029814,628.15,delivered order has no invoice
UNBILLED_ORDER,O029823,O029823,1664.25,delivered order has no invoice
UNBILLED_ORDER,O029950,O029950,1439.0,delivered order has no invoice
UNBILLED_ORDER,O029957,O029957,1709.0,delivered order has no invoice
UNBILLED_ORDER,O029988,O029988,609.0,delivered order has no invoice
UNBILLED_ORDER,O030041,O030041,6394.25,delivered order has no invoice
UNBILLED_ORDER,O030139,O030139,3249.0,delivered order has no invoice
UNBILLED_ORDER,O030146,O030146,755.1,delivered order has no invoice
UNBILLED_ORDER,O030180,O030180,1044.05,delivered order has no invoice
UNBILLED_ORDER,O030234,O030234,5624.15,delivered order has no invoice
UNBILLED_ORDER,O030241,O030241,1279.0,delivered order has no invoice
UNBILLED_ORDER,O030319,O030319,1799.0,delivered order has no invoice
UNBILLED_ORDER,O030328,O030328,698.0,delivered order has no invoice
UNBILLED_ORDER,O030367,O030367,1259.1,delivered order has no invoice
UNBILLED_ORDER,O030537,O030537,548.1,delivered order has no invoice
UNBILLED_ORDER,O030541,O030541,2638.0,delivered order has no invoice
UNBILLED_ORDER,O030566,O030566,3767.0,delivered order has no invoice
UNBILLED_ORDER,O030609,O030609,1733.65,delivered order has no invoice
UNBILLED_ORDER,O030615,O030615,233.1,delivered order has no invoice
UNBILLED_ORDER,O030647,O030647,2089.3,delivered order has no invoice
UNBILLED_ORDER,O030681,O030681,3066.6,delivered order has no invoice
UNBILLED_ORDER,O030743,O030743,518.0,delivered order has no invoice
UNBILLED_ORDER,O030764,O030764,377.1,delivered order has no invoice
UNBILLED_ORDER,O030765,O030765,1978.2,delivered order has no invoice
UNBILLED_ORDER,O030790,O030790,1690.2,delivered order has no invoice
UNBILLED_ORDER,O030819,O030819,1358.1,delivered order has no invoice
UNBILLED_ORDER,O030831,O030831,1459.0,delivered order has no invoice
UNBILLED_ORDER,O030862,O030862,4176.2,delivered order has no invoice
UNBILLED_ORDER,O030868,O030868,1340.1,delivered order has no invoice
UNBILLED_ORDER,O030874,O030874,521.1,delivered order has no invoice
UNBILLED_ORDER,O030889,O030889,476.1,delivered order has no invoice
UNBILLED_ORDER,O030961,O030961,689.0,delivered order has no invoice
UNBILLED_ORDER,O031001,O031001,1119.2,delivered order has no invoice
UNBILLED_ORDER,O031075,O031075,2061.65,delivered order has no invoice
UNBILLED_ORDER,O031078,O031078,2321.1,delivered order has no invoice
UNBILLED_ORDER,O031172,O031172,1104.2,delivered order has no invoice
UNBILLED_ORDER,O031193,O031193,4556.2,delivered order has no invoice
UNBILLED_ORDER,O031237,O031237,3499.05,delivered order has no invoice
UNBILLED_ORDER,O031262,O031262,639.0,delivered order has no invoice
UNBILLED_ORDER,O031297,O031297,1169.65,delivered order has no invoice
UNBILLED_ORDER,O031307,O031307,1059.75,delivered order has no invoice
UNBILLED_ORDER,O031357,O031357,703.8,delivered order has no invoice
UNBILLED_ORDER,O031383,O031383,892.05,delivered order has no invoice
UNBILLED_ORDER,O031428,O031428,649.0,delivered order has no invoice
UNBILLED_ORDER,O031435,O031435,835.05,delivered order has no invoice
UNBILLED_ORDER,O031447,O031447,1138.0,delivered order has no invoice
UNBILLED_ORDER,O031448,O031448,654.55,delivered order has no invoice
UNBILLED_ORDER,O031537,O031537,1189.0,delivered order has no invoice
UNBILLED_ORDER,O031553,O031553,979.0,delivered order has no invoice
UNBILLED_ORDER,O031608,O031608,649.0,delivered order has no invoice
UNBILLED_ORDER,O031623,O031623,6639.0,delivered order has no invoice
UNBILLED_ORDER,O031698,O031698,2108.05,delivered order has no invoice
UNBILLED_ORDER,O031705,O031705,780.3,delivered order has no invoice
UNBILLED_ORDER,O031733,O031733,259.0,delivered order has no invoice
UNBILLED_ORDER,O031754,O031754,872.1,delivered order has no invoice
UNBILLED_ORDER,O031758,O031758,492.15,delivered order has no invoice
UNBILLED_ORDER,O031797,O031797,1386.05,delivered order has no invoice
UNBILLED_ORDER,O031814,O031814,890.1,delivered order has no invoice
UNBILLED_ORDER,O031818,O031818,2187.0,delivered order has no invoice
UNBILLED_ORDER,O031822,O031822,3700.1,delivered order has no invoice
UNBILLED_ORDER,O031969,O031969,1500.2,delivered order has no invoice
UNBILLED_ORDER,O031984,O031984,755.1,delivered order has no invoice
UNBILLED_ORDER,O032042,O032042,798.15,delivered order has no invoice
UNBILLED_ORDER,O032060,O032060,233.1,delivered order has no invoice
UNBILLED_ORDER,O032185,O032185,602.1,delivered order has no invoice
UNBILLED_ORDER,O032287,O032287,1404.1,delivered order has no invoice
UNBILLED_ORDER,O032293,O032293,1240.15,delivered order has no invoice
UNBILLED_ORDER,O032330,O032330,989.1,delivered order has no invoice
UNBILLED_ORDER,O032339,O032339,1399.55,delivered order has no invoice
UNBILLED_ORDER,O032351,O032351,1120.05,delivered order has no invoice
UNBILLED_ORDER,O032360,O032360,3382.1,delivered order has no invoice
UNBILLED_ORDER,O032367,O032367,2747.0,delivered order has no invoice
UNBILLED_ORDER,O032369,O032369,3508.0,delivered order has no invoice
UNBILLED_ORDER,O032384,O032384,1595.2,delivered order has no invoice
UNBILLED_ORDER,O032416,O032416,1285.2,delivered order has no invoice
UNBILLED_ORDER,O032421,O032421,1321.05,delivered order has no invoice
UNBILLED_ORDER,O032486,O032486,2159.8,delivered order has no invoice
UNBILLED_ORDER,O032516,O032516,1869.0,delivered order has no invoice
UNBILLED_ORDER,O032519,O032519,1209.55,delivered order has no invoice
UNBILLED_ORDER,O032543,O032543,2924.1,delivered order has no invoice
UNBILLED_ORDER,O032562,O032562,683.05,delivered order has no invoice
UNBILLED_ORDER,O032632,O032632,729.0,delivered order has no invoice
UNBILLED_ORDER,O032661,O032661,669.0,delivered order has no invoice
UNBILLED_ORDER,O032726,O032726,407.55,delivered order has no invoice
UNBILLED_ORDER,O032878,O032878,519.2,delivered order has no invoice
UNBILLED_ORDER,O032900,O032900,4671.15,delivered order has no invoice
UNBILLED_ORDER,O032912,O032912,4718.65,delivered order has no invoice
UNBILLED_ORDER,O033079,O033079,6668.8,delivered order has no invoice
UNBILLED_ORDER,O033096,O033096,2579.0,delivered order has no invoice
UNBILLED_ORDER,O033112,O033112,886.7,delivered order has no invoice
UNBILLED_ORDER,O033133,O033133,1129.0,delivered order has no invoice
UNBILLED_ORDER,O033154,O033154,3073.25,delivered order has no invoice
UNBILLED_ORDER,O033183,O033183,805.7,delivered order has no invoice
UNBILLED_ORDER,O033279,O033279,2204.1,delivered order has no invoice
UNBILLED_ORDER,O033299,O033299,1189.0,delivered order has no invoice
UNBILLED_ORDER,O033301,O033301,872.1,delivered order has no invoice
UNBILLED_ORDER,O033354,O033354,1149.0,delivered order has no invoice
UNBILLED_ORDER,O033394,O033394,1833.45,delivered order has no invoice
UNBILLED_ORDER,O033437,O033437,9399.5,delivered order has no invoice
UNBILLED_ORDER,O033496,O033496,4650.0,delivered order has no invoice
UNBILLED_ORDER,O033525,O033525,4537.0,delivered order has no invoice
UNBILLED_ORDER,O033533,O033533,233.1,delivered order has no invoice
UNBILLED_ORDER,O033582,O033582,1509.0,delivered order has no invoice
UNBILLED_ORDER,O033591,O033591,1575.2,delivered order has no invoice
UNBILLED_ORDER,O033599,O033599,2391.2,delivered order has no invoice
UNBILLED_ORDER,O033629,O033629,4066.65,delivered order has no invoice
UNBILLED_ORDER,O033634,O033634,1408.2,delivered order has no invoice
UNBILLED_ORDER,O033635,O033635,388.55,delivered order has no invoice
UNBILLED_ORDER,O033643,O033643,2590.2,delivered order has no invoice
UNBILLED_ORDER,O033694,O033694,1367.3,delivered order has no invoice
UNBILLED_ORDER,O033737,O033737,578.55,delivered order has no invoice
UNBILLED_ORDER,O033744,O033744,4019.6,delivered order has no invoice
UNBILLED_ORDER,O033754,O033754,2152.25,delivered order has no invoice
UNBILLED_ORDER,O033769,O033769,1775.2,delivered order has no invoice
UNBILLED_ORDER,O033792,O033792,689.0,delivered order has no invoice
UNBILLED_ORDER,O033796,O033796,656.1,delivered order has no invoice
UNBILLED_ORDER,O033800,O033800,849.15,delivered order has no invoice
UNBILLED_ORDER,O033892,O033892,194.25,delivered order has no invoice
UNBILLED_ORDER,O033903,O033903,665.1,delivered order has no invoice
UNBILLED_ORDER,O033919,O033919,2506.1,delivered order has no invoice
UNBILLED_ORDER,O034006,O034006,207.2,delivered order has no invoice
UNBILLED_ORDER,O034023,O034023,2924.1,delivered order has no invoice
UNBILLED_ORDER,O034046,O034046,1147.3,delivered order has no invoice
UNBILLED_ORDER,O034121,O034121,1583.25,delivered order has no invoice
UNBILLED_ORDER,O034183,O034183,1705.95,delivered order has no invoice
UNBILLED_ORDER,O034232,O034232,1231.65,delivered order has no invoice
UNBILLED_ORDER,O034288,O034288,2515.2,delivered order has no invoice
UNBILLED_ORDER,O034344,O034344,1089.0,delivered order has no invoice
UNBILLED_ORDER,O034404,O034404,926.1,delivered order has no invoice
UNBILLED_ORDER,O034454,O034454,512.1,delivered order has no invoice
UNBILLED_ORDER,O034485,O034485,587.3,delivered order has no invoice
UNBILLED_ORDER,O034536,O034536,550.05,delivered order has no invoice
UNBILLED_ORDER,O034550,O034550,739.0,delivered order has no invoice
UNBILLED_ORDER,O034629,O034629,427.35,delivered order has no invoice
UNBILLED_ORDER,O034638,O034638,1749.05,delivered order has no invoice
UNBILLED_ORDER,O034704,O034704,2055.05,delivered order has no invoice
UNBILLED_ORDER,O034725,O034725,464.25,delivered order has no invoice
UNBILLED_ORDER,O034736,O034736,2268.55,delivered order has no invoice
UNBILLED_ORDER,O034794,O034794,739.0,delivered order has no invoice
UNBILLED_ORDER,O034962,O034962,3984.55,delivered order has no invoice
UNBILLED_ORDER,O034986,O034986,1309.1,delivered order has no invoice
UNBILLED_ORDER,O035075,O035075,4245.75,delivered order has no invoice
UNBILLED_ORDER,O035120,O035120,6662.25,delivered order has no invoice
UNBILLED_ORDER,O035196,O035196,943.2,delivered order has no invoice
UNBILLED_ORDER,O035210,O035210,1861.55,delivered order has no invoice
UNBILLED_ORDER,O035390,O035390,2259.0,delivered order has no invoice
UNBILLED_ORDER,O035397,O035397,246.05,delivered order has no invoice
UNBILLED_ORDER,O035464,O035464,5447.25,delivered order has no invoice
UNBILLED_ORDER,O035480,O035480,2548.75,delivered order has no invoice
UNBILLED_ORDER,O035494,O035494,1930.75,delivered order has no invoice
UNBILLED_ORDER,O035551,O035551,1874.75,delivered order has no invoice
UNBILLED_ORDER,O035559,O035559,1149.0,delivered order has no invoice
UNBILLED_ORDER,O035707,O035707,386.1,delivered order has no invoice
UNBILLED_ORDER,O035730,O035730,1622.6,delivered order has no invoice
UNBILLED_ORDER,O035742,O035742,279.65,delivered order has no invoice
UNBILLED_ORDER,O035778,O035778,1469.0,delivered order has no invoice
UNBILLED_ORDER,O035782,O035782,3125.15,delivered order has no invoice
UNBILLED_ORDER,O035984,O035984,671.2,delivered order has no invoice
UNBILLED_ORDER,O035989,O035989,3382.65,delivered order has no invoice
UNBILLED_ORDER,O036004,O036004,1212.1,delivered order has no invoice
UNBILLED_ORDER,O036028,O036028,1223.1,delivered order has no invoice
UNBILLED_ORDER,O036041,O036041,3235.1,delivered order has no invoice
UNBILLED_ORDER,O036113,O036113,1862.15,delivered order has no invoice
UNBILLED_ORDER,O036157,O036157,7945.0,delivered order has no invoice
UNBILLED_ORDER,O036174,O036174,3600.15,delivered order has no invoice
UNBILLED_ORDER,O036275,O036275,989.1,delivered order has no invoice
UNBILLED_ORDER,O036352,O036352,208.05,delivered order has no invoice
UNBILLED_ORDER,O036378,O036378,2344.2,delivered order has no invoice
UNBILLED_ORDER,O036434,O036434,1395.55,delivered order has no invoice
UNBILLED_ORDER,O036450,O036450,2498.0,delivered order has no invoice
UNBILLED_ORDER,O036502,O036502,1424.1,delivered order has no invoice
UNBILLED_ORDER,O036582,O036582,669.0,delivered order has no invoice
UNBILLED_ORDER,O036693,O036693,1915.85,delivered order has no invoice
UNBILLED_ORDER,O036702,O036702,2781.1,delivered order has no invoice
UNBILLED_ORDER,O036741,O036741,2690.1,delivered order has no invoice
UNBILLED_ORDER,O036742,O036742,2164.1,delivered order has no invoice
UNBILLED_ORDER,O036765,O036765,3860.1,delivered order has no invoice
UNBILLED_ORDER,O036785,O036785,3686.05,delivered order has no invoice
UNBILLED_ORDER,O036881,O036881,979.0,delivered order has no invoice
UNBILLED_ORDER,O036891,O036891,4448.05,delivered order has no invoice
UNBILLED_ORDER,O036954,O036954,4091.25,delivered order has no invoice
UNBILLED_ORDER,O036978,O036978,628.15,delivered order has no invoice
UNBILLED_ORDER,O037007,O037007,1199.0,delivered order has no invoice
UNBILLED_ORDER,O037054,O037054,2159.25,delivered order has no invoice
UNBILLED_ORDER,O037081,O037081,476.1,delivered order has no invoice
UNBILLED_ORDER,O037097,O037097,1424.05,delivered order has no invoice
UNBILLED_ORDER,O037099,O037099,1410.15,delivered order has no invoice
UNBILLED_ORDER,O037133,O037133,2444.25,delivered order has no invoice
UNBILLED_ORDER,O037162,O037162,5438.0,delivered order has no invoice
UNBILLED_ORDER,O037169,O037169,602.1,delivered order has no invoice
UNBILLED_ORDER,O037204,O037204,4542.35,delivered order has no invoice
UNBILLED_ORDER,O037301,O037301,1394.6,delivered order has no invoice
UNBILLED_ORDER,O037341,O037341,4372.2,delivered order has no invoice
UNBILLED_ORDER,O037353,O037353,1619.0,delivered order has no invoice
UNBILLED_ORDER,O037372,O037372,409.0,delivered order has no invoice
UNBILLED_ORDER,O037406,O037406,8545.35,delivered order has no invoice
UNBILLED_ORDER,O037420,O037420,3741.1,delivered order has no invoice
UNBILLED_ORDER,O037424,O037424,2575.3,delivered order has no invoice
UNBILLED_ORDER,O037428,O037428,683.05,delivered order has no invoice
UNBILLED_ORDER,O037469,O037469,2378.0,delivered order has no invoice
UNBILLED_ORDER,O037476,O037476,1459.0,delivered order has no invoice
UNBILLED_ORDER,O037493,O037493,5518.25,delivered order has no invoice
UNBILLED_ORDER,O037523,O037523,1459.0,delivered order has no invoice
UNBILLED_ORDER,O037524,O037524,2437.3,delivered order has no invoice
UNBILLED_ORDER,O037604,O037604,2451.0,delivered order has no invoice
UNBILLED_ORDER,O037624,O037624,1179.0,delivered order has no invoice
UNBILLED_ORDER,O037648,O037648,7455.8,delivered order has no invoice
UNBILLED_ORDER,O037692,O037692,7149.15,delivered order has no invoice
UNBILLED_ORDER,O037715,O037715,1747.2,delivered order has no invoice
UNBILLED_ORDER,O037814,O037814,989.1,delivered order has no invoice
UNBILLED_ORDER,O037835,O037835,2989.0,delivered order has no invoice
UNBILLED_ORDER,O037840,O037840,5978.0,delivered order has no invoice
UNBILLED_ORDER,O037882,O037882,3027.0,delivered order has no invoice
UNBILLED_ORDER,O037928,O037928,647.1,delivered order has no invoice
UNBILLED_ORDER,O037929,O037929,2032.2,delivered order has no invoice
UNBILLED_ORDER,O037933,O037933,2710.2,delivered order has no invoice
UNBILLED_ORDER,O037984,O037984,1034.1,delivered order has no invoice
UNBILLED_ORDER,O038012,O038012,1002.15,delivered order has no invoice
UNBILLED_ORDER,O038068,O038068,557.1,delivered order has no invoice
UNBILLED_ORDER,O038085,O038085,5242.25,delivered order has no invoice
UNBILLED_ORDER,O038138,O038138,1284.1,delivered order has no invoice
UNBILLED_ORDER,O038162,O038162,1016.1,delivered order has no invoice
UNBILLED_ORDER,O038226,O038226,1358.2,delivered order has no invoice
UNBILLED_ORDER,O038302,O038302,3516.45,delivered order has no invoice
UNBILLED_ORDER,O038367,O038367,5166.1,delivered order has no invoice
UNBILLED_ORDER,O038392,O038392,665.1,delivered order has no invoice
UNBILLED_ORDER,O038410,O038410,1304.1,delivered order has no invoice
UNBILLED_ORDER,O038494,O038494,1253.05,delivered order has no invoice
UNBILLED_ORDER,O038535,O038535,2174.3,delivered order has no invoice
UNBILLED_ORDER,O038540,O038540,1796.75,delivered order has no invoice
UNBILLED_ORDER,O038624,O038624,2397.4,delivered order has no invoice
UNBILLED_ORDER,O038653,O038653,3765.2,delivered order has no invoice
UNBILLED_ORDER,O038692,O038692,611.15,delivered order has no invoice
UNBILLED_ORDER,O038705,O038705,840.65,delivered order has no invoice
UNBILLED_ORDER,O038775,O038775,3238.0,delivered order has no invoice
UNBILLED_ORDER,O038847,O038847,502.55,delivered order has no invoice
UNBILLED_ORDER,O038911,O038911,1878.0,delivered order has no invoice
UNBILLED_ORDER,O038942,O038942,989.0,delivered order has no invoice
UNBILLED_ORDER,O038980,O038980,1929.2,delivered order has no invoice
UNBILLED_ORDER,O039122,O039122,1189.0,delivered order has no invoice
UNBILLED_ORDER,O039236,O039236,936.75,delivered order has no invoice
UNBILLED_ORDER,O039237,O039237,2636.1,delivered order has no invoice
UNBILLED_ORDER,O039284,O039284,1969.0,delivered order has no invoice
UNBILLED_ORDER,O039295,O039295,1558.0,delivered order has no invoice
UNBILLED_ORDER,O039321,O039321,5869.65,delivered order has no invoice
UNBILLED_ORDER,O039336,O039336,2423.2,delivered order has no invoice
UNBILLED_ORDER,O039353,O039353,1010.65,delivered order has no invoice
UNBILLED_ORDER,O039436,O039436,726.75,delivered order has no invoice
UNBILLED_ORDER,O039467,O039467,2063.2,delivered order has no invoice
UNBILLED_ORDER,O039521,O039521,719.0,delivered order has no invoice
UNBILLED_ORDER,O039532,O039532,739.0,delivered order has no invoice
UNBILLED_ORDER,O039579,O039579,1449.0,delivered order has no invoice
UNBILLED_ORDER,O039720,O039720,593.3,delivered order has no invoice
UNBILLED_ORDER,O039723,O039723,999.2,delivered order has no invoice
UNBILLED_ORDER,O039776,O039776,969.0,delivered order has no invoice
UNBILLED_ORDER,O039777,O039777,1058.0,delivered order has no invoice
UNBILLED_ORDER,O039837,O039837,1448.0,delivered order has no invoice
UNBILLED_ORDER,O039840,O039840,2449.35,delivered order has no invoice
UNBILLED_ORDER,O039849,O039849,3151.55,delivered order has no invoice
UNBILLED_ORDER,O039855,O039855,1748.0,delivered order has no invoice
UNBILLED_ORDER,O039949,O039949,609.0,delivered order has no invoice
UNBILLED_ORDER,O040019,O040019,3973.25,delivered order has no invoice
UNBILLED_ORDER,O040067,O040067,1809.1,delivered order has no invoice
UNBILLED_ORDER,O040191,O040191,2719.0,delivered order has no invoice
UNBILLED_ORDER,O040192,O040192,6868.1,delivered order has no invoice
UNBILLED_ORDER,O040203,O040203,2817.0,delivered order has no invoice
UNBILLED_ORDER,O040211,O040211,1129.0,delivered order has no invoice
UNBILLED_ORDER,O040279,O040279,2879.0,delivered order has no invoice
UNBILLED_ORDER,O040300,O040300,939.55,delivered order has no invoice
UNBILLED_ORDER,O040355,O040355,349.0,delivered order has no invoice
UNBILLED_ORDER,O040388,O040388,3036.0,delivered order has no invoice
UNBILLED_ORDER,O040414,O040414,1463.2,delivered order has no invoice
UNBILLED_ORDER,O040430,O040430,1099.0,delivered order has no invoice
UNBILLED_ORDER,O040557,O040557,529.0,delivered order has no invoice
UNBILLED_ORDER,O040559,O040559,845.1,delivered order has no invoice
UNBILLED_ORDER,O040605,O040605,1870.55,delivered order has no invoice
UNBILLED_ORDER,O040609,O040609,620.1,delivered order has no invoice
UNBILLED_ORDER,O040611,O040611,4346.15,delivered order has no invoice
UNBILLED_ORDER,O040651,O040651,1079.25,delivered order has no invoice
UNBILLED_ORDER,O040657,O040657,568.65,delivered order has no invoice
UNBILLED_ORDER,O040713,O040713,373.15,delivered order has no invoice
UNBILLED_ORDER,O040727,O040727,920.55,delivered order has no invoice
UNBILLED_ORDER,O040737,O040737,1796.05,delivered order has no invoice
UNBILLED_ORDER,O040809,O040809,611.15,delivered order has no invoice
UNBILLED_ORDER,O040817,O040817,2719.0,delivered order has no invoice
UNBILLED_ORDER,O040855,O040855,1010.65,delivered order has no invoice
UNBILLED_ORDER,O040880,O040880,2257.0,delivered order has no invoice
UNBILLED_ORDER,O040883,O040883,4220.1,delivered order has no invoice
UNBILLED_ORDER,O040886,O040886,890.1,delivered order has no invoice
UNBILLED_ORDER,O040919,O040919,2736.2,delivered order has no invoice
UNBILLED_ORDER,O040932,O040932,1091.85,delivered order has no invoice
UNBILLED_ORDER,O040958,O040958,3567.0,delivered order has no invoice
UNBILLED_ORDER,O041000,O041000,1398.0,delivered order has no invoice
UNBILLED_ORDER,O041007,O041007,1304.1,delivered order has no invoice
UNBILLED_ORDER,O041048,O041048,1449.0,delivered order has no invoice
UNBILLED_ORDER,O041057,O041057,569.0,delivered order has no invoice
UNBILLED_ORDER,O041114,O041114,739.0,delivered order has no invoice
UNBILLED_ORDER,O041130,O041130,1160.1,delivered order has no invoice
UNBILLED_ORDER,O041135,O041135,3086.55,delivered order has no invoice
UNBILLED_ORDER,O041168,O041168,665.1,delivered order has no invoice
UNBILLED_ORDER,O041232,O041232,747.15,delivered order has no invoice
UNBILLED_ORDER,O041245,O041245,1439.0,delivered order has no invoice
UNBILLED_ORDER,O041303,O041303,3249.0,delivered order has no invoice
UNBILLED_ORDER,O041306,O041306,1259.0,delivered order has no invoice
UNBILLED_ORDER,O041326,O041326,2065.75,delivered order has no invoice
UNBILLED_ORDER,O041350,O041350,2885.1,delivered order has no invoice
UNBILLED_ORDER,O041399,O041399,3741.75,delivered order has no invoice
UNBILLED_ORDER,O041582,O041582,5387.0,delivered order has no invoice
UNBILLED_ORDER,O041598,O041598,2123.3,delivered order has no invoice
UNBILLED_ORDER,O041614,O041614,2579.0,delivered order has no invoice
UNBILLED_ORDER,O041623,O041623,4117.05,delivered order has no invoice
UNBILLED_ORDER,O041641,O041641,1983.55,delivered order has no invoice
UNBILLED_ORDER,O041648,O041648,359.0,delivered order has no invoice
UNBILLED_ORDER,O041684,O041684,2956.85,delivered order has no invoice
UNBILLED_ORDER,O041711,O041711,1068.45,delivered order has no invoice
UNBILLED_ORDER,O041729,O041729,656.1,delivered order has no invoice
UNBILLED_ORDER,O041732,O041732,4624.55,delivered order has no invoice
UNBILLED_ORDER,O041897,O041897,2089.3,delivered order has no invoice
UNBILLED_ORDER,O041911,O041911,1121.15,delivered order has no invoice
UNBILLED_ORDER,O041912,O041912,1189.0,delivered order has no invoice
UNBILLED_ORDER,O041930,O041930,2383.65,delivered order has no invoice
UNBILLED_ORDER,O041979,O041979,569.0,delivered order has no invoice
UNBILLED_ORDER,O041983,O041983,2547.45,delivered order has no invoice
UNBILLED_ORDER,O041994,O041994,2242.3,delivered order has no invoice
UNBILLED_ORDER,O042001,O042001,2378.0,delivered order has no invoice
UNBILLED_ORDER,O042014,O042014,2077.15,delivered order has no invoice
UNBILLED_ORDER,O042041,O042041,628.15,delivered order has no invoice
UNBILLED_ORDER,O042042,O042042,2378.0,delivered order has no invoice
UNBILLED_ORDER,O042061,O042061,1706.05,delivered order has no invoice
UNBILLED_ORDER,O042078,O042078,296.1,delivered order has no invoice
UNBILLED_ORDER,O042148,O042148,2739.4,delivered order has no invoice
UNBILLED_ORDER,O042150,O042150,721.05,delivered order has no invoice
UNBILLED_ORDER,O042183,O042183,1214.2,delivered order has no invoice
UNBILLED_ORDER,O042204,O042204,3622.75,delivered order has no invoice
UNBILLED_ORDER,O042210,O042210,739.0,delivered order has no invoice
UNBILLED_ORDER,O042244,O042244,1838.0,delivered order has no invoice
UNBILLED_ORDER,O042367,O042367,942.65,delivered order has no invoice
UNBILLED_ORDER,O042381,O042381,1315.65,delivered order has no invoice
UNBILLED_ORDER,O042416,O042416,1918.55,delivered order has no invoice
UNBILLED_ORDER,O042462,O042462,4918.15,delivered order has no invoice
UNBILLED_ORDER,O042494,O042494,1010.65,delivered order has no invoice
UNBILLED_ORDER,O042546,O042546,2483.1,delivered order has no invoice
UNBILLED_ORDER,O042618,O042618,1069.0,delivered order has no invoice
UNBILLED_ORDER,O042629,O042629,5158.0,delivered order has no invoice
UNBILLED_ORDER,O042633,O042633,654.55,delivered order has no invoice
UNBILLED_ORDER,O042635,O042635,711.55,delivered order has no invoice
UNBILLED_ORDER,O042648,O042648,2219.0,delivered order has no invoice
UNBILLED_ORDER,O042757,O042757,3086.55,delivered order has no invoice
UNBILLED_ORDER,O042787,O042787,579.0,delivered order has no invoice
UNBILLED_ORDER,O042795,O042795,689.0,delivered order has no invoice
UNBILLED_ORDER,O042926,O042926,1978.2,delivered order has no invoice
UNBILLED_ORDER,O042938,O042938,939.0,delivered order has no invoice
UNBILLED_ORDER,O042946,O042946,920.55,delivered order has no invoice
UNBILLED_ORDER,O042952,O042952,2929.0,delivered order has no invoice
UNBILLED_ORDER,O042992,O042992,3821.6,delivered order has no invoice
UNBILLED_ORDER,O043014,O043014,2450.05,delivered order has no invoice
UNBILLED_ORDER,O043022,O043022,1007.1,delivered order has no invoice
UNBILLED_ORDER,O043080,O043080,4420.3,delivered order has no invoice
UNBILLED_ORDER,O043141,O043141,2109.15,delivered order has no invoice
UNBILLED_ORDER,O043177,O043177,1129.55,delivered order has no invoice
UNBILLED_ORDER,O043195,O043195,602.1,delivered order has no invoice
UNBILLED_ORDER,O043207,O043207,445.55,delivered order has no invoice
UNBILLED_ORDER,O043225,O043225,1319.0,delivered order has no invoice
UNBILLED_ORDER,O043246,O043246,551.65,delivered order has no invoice
UNBILLED_ORDER,O043300,O043300,1099.0,delivered order has no invoice
UNBILLED_ORDER,O043301,O043301,2447.15,delivered order has no invoice
UNBILLED_ORDER,O043334,O043334,739.0,delivered order has no invoice
UNBILLED_ORDER,O043356,O043356,409.0,delivered order has no invoice
UNBILLED_ORDER,O043366,O043366,529.0,delivered order has no invoice
UNBILLED_ORDER,O043368,O043368,3018.0,delivered order has no invoice
UNBILLED_ORDER,O043389,O043389,1133.1,delivered order has no invoice
UNBILLED_ORDER,O043413,O043413,1673.3,delivered order has no invoice
UNBILLED_ORDER,O043492,O043492,476.1,delivered order has no invoice
UNBILLED_ORDER,O043526,O043526,3061.75,delivered order has no invoice
UNBILLED_ORDER,O043573,O043573,3142.15,delivered order has no invoice
UNBILLED_ORDER,O043576,O043576,3863.0,delivered order has no invoice
UNBILLED_ORDER,O043628,O043628,2879.0,delivered order has no invoice
UNBILLED_ORDER,O043655,O043655,3287.3,delivered order has no invoice
UNBILLED_ORDER,O043683,O043683,2579.0,delivered order has no invoice
UNBILLED_ORDER,O043696,O043696,653.65,delivered order has no invoice
UNBILLED_ORDER,O043737,O043737,1039.0,delivered order has no invoice
UNBILLED_ORDER,O043738,O043738,8254.2,delivered order has no invoice
UNBILLED_ORDER,O043827,O043827,288.15,delivered order has no invoice
UNBILLED_ORDER,O043834,O043834,2552.65,delivered order has no invoice
UNBILLED_ORDER,O043882,O043882,10060.5,delivered order has no invoice
UNBILLED_ORDER,O043891,O043891,920.55,delivered order has no invoice
UNBILLED_ORDER,O043910,O043910,1016.1,delivered order has no invoice
UNBILLED_ORDER,O043928,O043928,1969.0,delivered order has no invoice
UNBILLED_ORDER,O043992,O043992,669.0,delivered order has no invoice
UNBILLED_ORDER,O044079,O044079,665.1,delivered order has no invoice
UNBILLED_ORDER,O044089,O044089,3849.15,delivered order has no invoice
UNBILLED_ORDER,O044095,O044095,1476.75,delivered order has no invoice
UNBILLED_ORDER,O044185,O044185,884.25,delivered order has no invoice
UNBILLED_ORDER,O044206,O044206,1423.2,delivered order has no invoice
UNBILLED_ORDER,O044234,O044234,1039.0,delivered order has no invoice
UNBILLED_ORDER,O044247,O044247,2063.2,delivered order has no invoice
UNBILLED_ORDER,O044252,O044252,639.0,delivered order has no invoice
UNBILLED_ORDER,O044326,O044326,2378.0,delivered order has no invoice
UNBILLED_ORDER,O044351,O044351,797.05,delivered order has no invoice
UNBILLED_ORDER,O044379,O044379,1575.2,delivered order has no invoice
UNBILLED_ORDER,O044386,O044386,1449.0,delivered order has no invoice
UNBILLED_ORDER,O044431,O044431,918.65,delivered order has no invoice
UNBILLED_ORDER,O044493,O044493,1388.25,delivered order has no invoice
UNBILLED_ORDER,O044547,O044547,4686.4,delivered order has no invoice
UNBILLED_ORDER,O044553,O044553,3964.0,delivered order has no invoice
UNBILLED_ORDER,O044625,O044625,6912.1,delivered order has no invoice
UNBILLED_ORDER,O044632,O044632,729.0,delivered order has no invoice
UNBILLED_ORDER,O044639,O044639,2357.15,delivered order has no invoice
UNBILLED_ORDER,O044692,O044692,1419.0,delivered order has no invoice
UNBILLED_ORDER,O044751,O044751,3117.0,delivered order has no invoice
UNBILLED_ORDER,O044847,O044847,573.1,delivered order has no invoice
UNBILLED_ORDER,O044856,O044856,2599.2,delivered order has no invoice
UNBILLED_ORDER,O044895,O044895,2321.1,delivered order has no invoice
UNBILLED_ORDER,O044919,O044919,3694.3,delivered order has no invoice
UNBILLED_ORDER,O044926,O044926,929.0,delivered order has no invoice
UNBILLED_ORDER,O044990,O044990,557.1,delivered order has no invoice
UNBILLED_ORDER,O045082,O045082,840.65,delivered order has no invoice
UNBILLED_ORDER,O045086,O045086,1359.0,delivered order has no invoice
UNBILLED_ORDER,O045095,O045095,1189.0,delivered order has no invoice
UNBILLED_ORDER,O045113,O045113,669.0,delivered order has no invoice
UNBILLED_ORDER,O045126,O045126,2452.95,delivered order has no invoice
UNBILLED_ORDER,O045152,O045152,2488.0,delivered order has no invoice
UNBILLED_ORDER,O045200,O045200,1235.85,delivered order has no invoice
UNBILLED_ORDER,O045201,O045201,2573.1,delivered order has no invoice
UNBILLED_ORDER,O045234,O045234,4680.75,delivered order has no invoice
UNBILLED_ORDER,O045278,O045278,349.0,delivered order has no invoice
UNBILLED_ORDER,O045299,O045299,1330.2,delivered order has no invoice
UNBILLED_ORDER,O045378,O045378,1386.05,delivered order has no invoice
UNBILLED_ORDER,O045387,O045387,1868.65,delivered order has no invoice
UNBILLED_ORDER,O045433,O045433,4787.6,delivered order has no invoice
UNBILLED_ORDER,O045455,O045455,951.15,delivered order has no invoice
UNBILLED_ORDER,O045605,O045605,4820.05,delivered order has no invoice
UNBILLED_ORDER,O045630,O045630,4563.1,delivered order has no invoice
UNBILLED_ORDER,O045648,O045648,1044.05,delivered order has no invoice
UNBILLED_ORDER,O045708,O045708,2552.55,delivered order has no invoice
UNBILLED_ORDER,O045832,O045832,4478.1,delivered order has no invoice
UNBILLED_ORDER,O045856,O045856,1222.3,delivered order has no invoice
UNBILLED_ORDER,O045873,O045873,1897.2,delivered order has no invoice
UNBILLED_ORDER,O045876,O045876,609.0,delivered order has no invoice
UNBILLED_ORDER,O045927,O045927,4927.55,delivered order has no invoice
UNBILLED_ORDER,O045990,O045990,2735.45,delivered order has no invoice
UNBILLED_ORDER,O046022,O046022,2879.0,delivered order has no invoice
UNBILLED_ORDER,O046028,O046028,3807.0,delivered order has no invoice
UNBILLED_ORDER,O046086,O046086,1135.2,delivered order has no invoice
UNBILLED_ORDER,O046145,O046145,1549.0,delivered order has no invoice
UNBILLED_ORDER,O046150,O046150,1827.2,delivered order has no invoice
UNBILLED_ORDER,O046187,O046187,6263.4,delivered order has no invoice
UNBILLED_ORDER,O046312,O046312,540.55,delivered order has no invoice
UNBILLED_ORDER,O046433,O046433,989.0,delivered order has no invoice
UNBILLED_ORDER,O046469,O046469,1587.0,delivered order has no invoice
UNBILLED_ORDER,O046498,O046498,476.1,delivered order has no invoice
UNBILLED_ORDER,O046549,O046549,1478.0,delivered order has no invoice
UNBILLED_ORDER,O046570,O046570,3085.6,delivered order has no invoice
UNBILLED_ORDER,O046584,O046584,1878.0,delivered order has no invoice
UNBILLED_ORDER,O046589,O046589,928.0,delivered order has no invoice
UNBILLED_ORDER,O046604,O046604,3076.1,delivered order has no invoice
UNBILLED_ORDER,O046607,O046607,639.0,delivered order has no invoice
UNBILLED_ORDER,O046633,O046633,1167.55,delivered order has no invoice
UNBILLED_ORDER,O046678,O046678,3100.4,delivered order has no invoice
UNBILLED_ORDER,O046756,O046756,2259.0,delivered order has no invoice
UNBILLED_ORDER,O046768,O046768,719.0,delivered order has no invoice
UNBILLED_ORDER,O046802,O046802,1359.0,delivered order has no invoice
UNBILLED_ORDER,O046871,O046871,703.2,delivered order has no invoice
UNBILLED_ORDER,O046902,O046902,1189.15,delivered order has no invoice
UNBILLED_ORDER,O046942,O046942,1447.2,delivered order has no invoice
UNBILLED_ORDER,O046962,O046962,1119.0,delivered order has no invoice
UNBILLED_ORDER,O047031,O047031,588.05,delivered order has no invoice
UNBILLED_ORDER,O047078,O047078,1393.55,delivered order has no invoice
UNBILLED_ORDER,O047148,O047148,879.0,delivered order has no invoice
UNBILLED_ORDER,O047171,O047171,989.0,delivered order has no invoice
UNBILLED_ORDER,O047182,O047182,1338.0,delivered order has no invoice
UNBILLED_ORDER,O047213,O047213,1160.1,delivered order has no invoice
UNBILLED_ORDER,O047230,O047230,2447.1,delivered order has no invoice
UNBILLED_ORDER,O047317,O047317,5907.0,delivered order has no invoice
UNBILLED_ORDER,O047370,O047370,1626.2,delivered order has no invoice
UNBILLED_ORDER,O047477,O047477,1142.2,delivered order has no invoice
UNBILLED_ORDER,O047489,O047489,3398.3,delivered order has no invoice
UNBILLED_ORDER,O047514,O047514,2412.3,delivered order has no invoice
UNBILLED_ORDER,O047567,O047567,1165.1,delivered order has no invoice
UNBILLED_ORDER,O047643,O047643,1977.0,delivered order has no invoice
UNBILLED_ORDER,O047662,O047662,4071.5,delivered order has no invoice
UNBILLED_ORDER,O047690,O047690,2078.0,delivered order has no invoice
UNBILLED_ORDER,O047734,O047734,3795.1,delivered order has no invoice
UNBILLED_ORDER,O047741,O047741,1538.05,delivered order has no invoice
UNBILLED_ORDER,O047819,O047819,3827.0,delivered order has no invoice
UNBILLED_ORDER,O047955,O047955,2862.8,delivered order has no invoice
UNBILLED_ORDER,O048060,O048060,4262.15,delivered order has no invoice
UNBILLED_ORDER,O048171,O048171,5531.55,delivered order has no invoice
UNBILLED_ORDER,O048300,O048300,1804.05,delivered order has no invoice
UNBILLED_ORDER,O048402,O048402,5935.4,delivered order has no invoice
UNBILLED_ORDER,O048479,O048479,1807.0,delivered order has no invoice
UNBILLED_ORDER,O048554,O048554,1555.15,delivered order has no invoice
UNBILLED_ORDER,O048584,O048584,7822.2,delivered order has no invoice
UNBILLED_ORDER,O048587,O048587,1709.0,delivered order has no invoice
UNBILLED_ORDER,O048716,O048716,575.1,delivered order has no invoice
UNBILLED_ORDER,O048730,O048730,619.0,delivered order has no invoice
UNBILLED_ORDER,O048835,O048835,1070.1,delivered order has no invoice
UNBILLED_ORDER,O048882,O048882,1099.0,delivered order has no invoice
UNBILLED_ORDER,O048916,O048916,2583.05,delivered order has no invoice
UNBILLED_ORDER,O048931,O048931,1272.3,delivered order has no invoice
UNBILLED_ORDER,O049057,O049057,1292.55,delivered order has no invoice
UNBILLED_ORDER,O049083,O049083,529.0,delivered order has no invoice
UNBILLED_ORDER,O049136,O049136,4884.25,delivered order has no invoice
UNBILLED_ORDER,O049172,O049172,5047.8,delivered order has no invoice
UNBILLED_ORDER,O049175,O049175,1878.0,delivered order has no invoice
UNBILLED_ORDER,O049264,O049264,1231.65,delivered order has no invoice
UNBILLED_ORDER,O049465,O049465,4487.75,delivered order has no invoice
UNBILLED_ORDER,O049499,O049499,4720.55,delivered order has no invoice
UNBILLED_ORDER,O049573,O049573,2176.2,delivered order has no invoice
UNBILLED_ORDER,O049593,O049593,359.0,delivered order has no invoice
UNBILLED_ORDER,O049615,O049615,1348.05,delivered order has no invoice
UNBILLED_ORDER,O049636,O049636,2798.2,delivered order has no invoice
UNBILLED_ORDER,O049658,O049658,1414.55,delivered order has no invoice
UNBILLED_ORDER,O049758,O049758,1414.55,delivered order has no invoice
UNBILLED_ORDER,O049773,O049773,2487.65,delivered order has no invoice
UNBILLED_ORDER,O049782,O049782,2066.05,delivered order has no invoice
UNBILLED_ORDER,O049799,O049799,3022.25,delivered order has no invoice
UNBILLED_ORDER,O049844,O049844,683.05,delivered order has no invoice
UNBILLED_ORDER,O049978,O049978,2949.0,delivered order has no invoice
UNBILLED_ORDER,O049979,O049979,1988.85,delivered order has no invoice
FAILED_PAYMENT_NO_RETRY,O000079,INV-0000073,1196.05,no successful payment on this invoice
FAILED_PAYMENT_NO_RETRY,O000150,INV-0000140,483.65,no successful payment on this invoice
FAILED_PAYMENT_NO_RETRY,O000257,INV-0000244,683.05,no successful payment on this invoice
FAILED_PAYMENT_NO_RETRY,O000264,INV-0000250,1215.05,no successful payment on this invoice
FAILED_PAYMENT_NO_RETRY,O000284,INV-0000269,602.1,no successful payment on this invoice
FAILED_PAYMENT_NO_RETRY,O000287,INV-0000272,2321.1,no successful payment on this invoice
FAILED_PAYMENT_NO_RETRY,O000294,INV-0000278,4889.55,no successful payment on this invoice
FAILED_PAYMENT_NO_RETRY,O000310,INV-0000293,3352.95,no successful payment on this invoice
FAILED_PAYMENT_NO_RETRY,O000312,INV-0000295,1204.55,no successful payment on this invoice
FAILED_PAYMENT_NO_RETRY,O000343,INV-0000325,3673.55,no successful payment on this invoice
FAILED_PAYMENT_NO_RETRY,O000366,INV-0000347,296.65,no successful payment on this invoice
FAILED_PAYMENT_NO_RETRY,O000408,INV-0000388,1589.65,no successful payment on this invoice
FAILED_PAYMENT_NO_RETRY,O000410,INV-0000390,2391.15,no successful payment on this invoice
FAILED_PAYMENT_NO_RETRY,O000414,INV-0000394,1119.0,no successful payment on this invoice
FAILED_PAYMENT_NO_RETRY,O000415,INV-0000395,647.1,no successful payment on this invoice
FAILED_PAYMENT_NO_RETRY,O000421,INV-0000401,3281.65,no successful payment on this invoice
FAILED_PAYMENT_NO_RETRY,O000433,INV-0000412,4537.0,no successful payment on this invoice
FAILED_PAYMENT_NO_RETRY,O000438,INV-0000417,2758.4,no successful payment on this invoice
FAILED_PAYMENT_NO_RETRY,O000458,INV-0000436,4731.55,no successful payment on this invoice
FAILED_PAYMENT_NO_RETRY,O000460,INV-0000438,791.1,no successful payment on this invoice
FAILED_PAYMENT_NO_RETRY,O000492,INV-0000468,1411.2,no successful payment on this invoice
FAILED_PAYMENT_NO_RETRY,O000528,INV-0000502,619.0,no successful payment on this invoice
FAILED_PAYMENT_NO_RETRY,O000529,INV-0000503,892.05,no successful payment on this invoice
FAILED_PAYMENT_NO_RETRY,O000534,INV-0000508,2650.05,no successful payment on this invoice
FAILED_PAYMENT_NO_RETRY,O000559,INV-0000530,2323.25,no successful payment on this invoice
FAILED_PAYMENT_NO_RETRY,O000601,INV-0000571,1466.3,no successful payment on this invoice
FAILED_PAYMENT_NO_RETRY,O000638,INV-0000607,2394.75,no successful payment on this invoice
FAILED_PAYMENT_NO_RETRY,O000748,INV-0000714,4869.15,no successful payment on this invoice
FAILED_PAYMENT_NO_RETRY,O000753,INV-0000719,2345.05,no successful payment on this invoice
FAILED_PAYMENT_NO_RETRY,O000766,INV-0000732,576.3,no successful payment on this invoice
FAILED_PAYMENT_NO_RETRY,O000797,INV-0000760,3018.0,no successful payment on this invoice
FAILED_PAYMENT_NO_RETRY,O000832,INV-0000795,1087.15,no successful payment on this invoice
FAILED_PAYMENT_NO_RETRY,O000839,INV-0000801,639.0,no successful payment on this invoice
FAILED_PAYMENT_NO_RETRY,O000862,INV-0000823,2449.35,no successful payment on this invoice
FAILED_PAYMENT_NO_RETRY,O000876,INV-0000835,1256.3,no successful payment on this invoice
FAILED_PAYMENT_NO_RETRY,O000937,INV-0000894,1618.0,no successful payment on this invoice
FAILED_PAYMENT_NO_RETRY,O000980,INV-0000935,4025.85,no successful payment on this invoice
FAILED_PAYMENT_NO_RETRY,O001037,INV-0000991,529.0,no successful payment on this invoice
FAILED_PAYMENT_NO_RETRY,O001059,INV-0001013,1206.15,no successful payment on this invoice
FAILED_PAYMENT_NO_RETRY,O001080,INV-0001033,2234.85,no successful payment on this invoice
FAILED_PAYMENT_NO_RETRY,O001083,INV-0001035,1386.05,no successful payment on this invoice
FAILED_PAYMENT_NO_RETRY,O001086,INV-0001037,647.1,no successful payment on this invoice
FAILED_PAYMENT_NO_RETRY,O001182,INV-0001124,699.0,no successful payment on this invoice
FAILED_PAYMENT_NO_RETRY,O001188,INV-0001130,4504.05,no successful payment on this invoice
FAILED_PAYMENT_NO_RETRY,O001222,INV-0001164,2659.55,no successful payment on this invoice
FAILED_PAYMENT_NO_RETRY,O001258,INV-0001195,2367.0,no successful payment on this invoice
FAILED_PAYMENT_NO_RETRY,O001296,INV-0001232,1304.1,no successful payment on this invoice
FAILED_PAYMENT_NO_RETRY,O001347,INV-0001282,1178.65,no successful payment on this invoice
FAILED_PAYMENT_NO_RETRY,O001357,INV-0001291,689.0,no successful payment on this invoice
FAILED_PAYMENT_NO_RETRY,O001393,INV-0001325,1044.05,no successful payment on this invoice
FAILED_PAYMENT_NO_RETRY,O001399,INV-0001331,6067.65,no successful payment on this invoice
FAILED_PAYMENT_NO_RETRY,O001406,INV-0001338,1538.05,no successful payment on this invoice
FAILED_PAYMENT_NO_RETRY,O001410,INV-0001342,483.65,no successful payment on this invoice
FAILED_PAYMENT_NO_RETRY,O001424,INV-0001356,4964.05,no successful payment on this invoice
FAILED_PAYMENT_NO_RETRY,O001474,INV-0001405,1619.0,no successful payment on this invoice
FAILED_PAYMENT_NO_RETRY,O001483,INV-0001414,1240.15,no successful payment on this invoice
FAILED_PAYMENT_NO_RETRY,O001505,INV-0001434,569.0,no successful payment on this invoice
FAILED_PAYMENT_NO_RETRY,O001522,INV-0001451,1778.0,no successful payment on this invoice
FAILED_PAYMENT_NO_RETRY,O001530,INV-0001459,2809.15,no successful payment on this invoice
FAILED_PAYMENT_NO_RETRY,O001554,INV-0001482,439.0,no successful payment on this invoice
FAILED_PAYMENT_NO_RETRY,O001557,INV-0001485,1977.0,no successful payment on this invoice
FAILED_PAYMENT_NO_RETRY,O001611,INV-0001536,6134.15,no successful payment on this invoice
FAILED_PAYMENT_NO_RETRY,O001622,INV-0001545,3533.35,no successful payment on this invoice
FAILED_PAYMENT_NO_RETRY,O001686,INV-0001604,429.0,no successful payment on this invoice
FAILED_PAYMENT_NO_RETRY,O001690,INV-0001608,7092.5,no successful payment on this invoice
FAILED_PAYMENT_NO_RETRY,O001695,INV-0001613,8818.0,no successful payment on this invoice
FAILED_PAYMENT_NO_RETRY,O001706,INV-0001623,2938.0,no successful payment on this invoice
FAILED_PAYMENT_NO_RETRY,O001729,INV-0001643,2582.1,no successful payment on this invoice
FAILED_PAYMENT_NO_RETRY,O001749,INV-0001662,1619.0,no successful payment on this invoice
FAILED_PAYMENT_NO_RETRY,O001818,INV-0001729,449.65,no successful payment on this invoice
FAILED_PAYMENT_NO_RETRY,O001823,INV-0001734,1395.55,no successful payment on this invoice
FAILED_PAYMENT_NO_RETRY,O001862,INV-0001770,1917.25,no successful payment on this invoice
FAILED_PAYMENT_NO_RETRY,O001902,INV-0001808,2583.05,no successful payment on this invoice
FAILED_PAYMENT_NO_RETRY,O001908,INV-0001813,2511.05,no successful payment on this invoice
FAILED_PAYMENT_NO_RETRY,O001931,INV-0001834,233.1,no successful payment on this invoice
FAILED_PAYMENT_NO_RETRY,O001955,INV-0001858,1509.0,no successful payment on this invoice
FAILED_PAYMENT_NO_RETRY,O002001,INV-0001901,739.0,no successful payment on this invoice
FAILED_PAYMENT_NO_RETRY,O002053,INV-0001948,476.1,no successful payment on this invoice
FAILED_PAYMENT_NO_RETRY,O002078,INV-0001971,689.0,no successful payment on this invoice
FAILED_PAYMENT_NO_RETRY,O002100,INV-0001992,628.15,no successful payment on this invoice
FAILED_PAYMENT_NO_RETRY,O002159,INV-0002045,719.0,no successful payment on this invoice
FAILED_PAYMENT_NO_RETRY,O002169,INV-0002055,2735.05,no successful payment on this invoice
FAILED_PAYMENT_NO_RETRY,O002174,INV-0002060,1106.1,no successful payment on this invoice
FAILED_PAYMENT_NO_RETRY,O002202,INV-0002086,3360.55,no successful payment on this invoice
FAILED_PAYMENT_NO_RETRY,O002212,INV-0002096,1240.15,no successful payment on this invoice
FAILED_PAYMENT_NO_RETRY,O002217,INV-0002101,1449.0,no successful payment on this invoice
FAILED_PAYMENT_NO_RETRY,O002282,INV-0002163,3993.65,no successful payment on this invoice
FAILED_PAYMENT_NO_RETRY,O002305,INV-0002186,476.1,no successful payment on this invoice
FAILED_PAYMENT_NO_RETRY,O002336,INV-0002216,943.2,no successful payment on this invoice
FAILED_PAYMENT_NO_RETRY,O002396,INV-0002272,702.05,no successful payment on this invoice
FAILED_PAYMENT_NO_RETRY,O002399,INV-0002274,7383.1,no successful payment on this invoice
FAILED_PAYMENT_NO_RETRY,O002411,INV-0002284,5908.15,no successful payment on this invoice
FAILED_PAYMENT_NO_RETRY,O002445,INV-0002316,2063.2,no successful payment on this invoice
FAILED_PAYMENT_NO_RETRY,O002460,INV-0002331,5918.25,no successful payment on this invoice
FAILED_PAYMENT_NO_RETRY,O002467,INV-0002338,569.0,no successful payment on this invoice
FAILED_PAYMENT_NO_RETRY,O002500,INV-0002369,4495.2,no successful payment on this invoice
FAILED_PAYMENT_NO_RETRY,O002511,INV-0002379,3672.85,no successful payment on this invoice
FAILED_PAYMENT_NO_RETRY,O002518,INV-0002386,349.0,no successful payment on this invoice
FAILED_PAYMENT_NO_RETRY,O002533,INV-0002400,502.55,no successful payment on this invoice
FAILED_PAYMENT_NO_RETRY,O002550,INV-0002417,2680.2,no successful payment on this invoice
FAILED_PAYMENT_NO_RETRY,O002606,INV-0002469,569.0,no successful payment on this invoice
FAILED_PAYMENT_NO_RETRY,O002659,INV-0002522,2134.55,no successful payment on this invoice
FAILED_PAYMENT_NO_RETRY,O002680,INV-0002542,512.1,no successful payment on this invoice
FAILED_PAYMENT_NO_RETRY,O002691,INV-0002553,2476.3,no successful payment on this invoice
FAILED_PAYMENT_NO_RETRY,O002750,INV-0002608,4015.75,no successful payment on this invoice
FAILED_PAYMENT_NO_RETRY,O002752,INV-0002610,2765.05,no successful payment on this invoice
FAILED_PAYMENT_NO_RETRY,O002768,INV-0002625,2579.05,no successful payment on this invoice
FAILED_PAYMENT_NO_RETRY,O002890,INV-0002741,2647.55,no successful payment on this invoice
FAILED_PAYMENT_NO_RETRY,O002897,INV-0002747,892.05,no successful payment on this invoice
FAILED_PAYMENT_NO_RETRY,O002927,INV-0002775,2579.0,no successful payment on this invoice
FAILED_PAYMENT_NO_RETRY,O002933,INV-0002781,246.05,no successful payment on this invoice
FAILED_PAYMENT_NO_RETRY,O002954,INV-0002800,1291.05,no successful payment on this invoice
FAILED_PAYMENT_NO_RETRY,O002975,INV-0002817,815.05,no successful payment on this invoice
FAILED_PAYMENT_NO_RETRY,O003023,INV-0002862,2321.1,no successful payment on this invoice
FAILED_PAYMENT_NO_RETRY,O003047,INV-0002884,3589.2,no successful payment on this invoice
FAILED_PAYMENT_NO_RETRY,O003048,INV-0002885,2591.1,no successful payment on this invoice
FAILED_PAYMENT_NO_RETRY,O003054,INV-0002891,1376.55,no successful payment on this invoice
FAILED_PAYMENT_NO_RETRY,O003093,INV-0002927,1698.3,no successful payment on this invoice
FAILED_PAYMENT_NO_RETRY,O003134,INV-0002968,702.05,no successful payment on this invoice
FAILED_PAYMENT_NO_RETRY,O003147,INV-0002980,2667.0,no successful payment on this invoice
FAILED_PAYMENT_NO_RETRY,O003155,INV-0002988,1733.05,no successful payment on this invoice
FAILED_PAYMENT_NO_RETRY,O003157,INV-0002990,930.05,no successful payment on this invoice
FAILED_PAYMENT_NO_RETRY,O003183,INV-0003014,1428.3,no successful payment on this invoice
FAILED_PAYMENT_NO_RETRY,O003203,INV-0003031,575.2,no successful payment on this invoice
FAILED_PAYMENT_NO_RETRY,O003260,INV-0003083,2579.0,no successful payment on this invoice
FAILED_PAYMENT_NO_RETRY,O003348,INV-0003169,3423.55,no successful payment on this invoice
FAILED_PAYMENT_NO_RETRY,O003360,INV-0003181,3719.4,no successful payment on this invoice
FAILED_PAYMENT_NO_RETRY,O003386,INV-0003206,755.1,no successful payment on this invoice
FAILED_PAYMENT_NO_RETRY,O003392,INV-0003212,1502.35,no successful payment on this invoice
FAILED_PAYMENT_NO_RETRY,O003459,INV-0003275,373.15,no successful payment on this invoice
FAILED_PAYMENT_NO_RETRY,O003503,INV-0003317,1338.0,no successful payment on this invoice
FAILED_PAYMENT_NO_RETRY,O003510,INV-0003324,2106.15,no successful payment on this invoice
FAILED_PAYMENT_NO_RETRY,O003552,INV-0003366,1845.6,no successful payment on this invoice
FAILED_PAYMENT_NO_RETRY,O003562,INV-0003375,1758.0,no successful payment on this invoice
FAILED_PAYMENT_NO_RETRY,O003577,INV-0003390,4245.9,no successful payment on this invoice
FAILED_PAYMENT_NO_RETRY,O003580,INV-0003393,2628.1,no successful payment on this invoice
FAILED_PAYMENT_NO_RETRY,O003582,INV-0003395,702.05,no successful payment on this invoice
FAILED_PAYMENT_NO_RETRY,O003589,INV-0003402,4068.0,no successful payment on this invoice
FAILED_PAYMENT_NO_RETRY,O003608,INV-0003421,3938.0,no successful payment on this invoice
FAILED_PAYMENT_NO_RETRY,O003612,INV-0003425,3249.0,no successful payment on this invoice
FAILED_PAYMENT_NO_RETRY,O003631,INV-0003444,920.55,no successful payment on this invoice
FAILED_PAYMENT_NO_RETRY,O003633,INV-0003446,2517.0,no successful payment on this invoice
FAILED_PAYMENT_NO_RETRY,O003653,INV-0003464,1493.1,no successful payment on this invoice
FAILED_PAYMENT_NO_RETRY,O003694,INV-0003505,2380.15,no successful payment on this invoice
FAILED_PAYMENT_NO_RETRY,O003716,INV-0003526,1151.1,no successful payment on this invoice
FAILED_PAYMENT_NO_RETRY,O003787,INV-0003595,2794.75,no successful payment on this invoice
FAILED_PAYMENT_NO_RETRY,O003814,INV-0003619,2101.5,no successful payment on this invoice
FAILED_PAYMENT_NO_RETRY,O003825,INV-0003630,602.1,no successful payment on this invoice
FAILED_PAYMENT_NO_RETRY,O003840,INV-0003643,2343.2,no successful payment on this invoice
FAILED_PAYMENT_NO_RETRY,O003886,INV-0003685,1039.0,no successful payment on this invoice
FAILED_PAYMENT_NO_RETRY,O003911,INV-0003707,407.55,no successful payment on this invoice
FAILED_PAYMENT_NO_RETRY,O003969,INV-0003765,2895.3,no successful payment on this invoice
FAILED_PAYMENT_NO_RETRY,O004041,INV-0003834,3249.0,no successful payment on this invoice
FAILED_PAYMENT_NO_RETRY,O004049,INV-0003842,1279.0,no successful payment on this invoice
FAILED_PAYMENT_NO_RETRY,O004055,INV-0003847,1087.15,no successful payment on this invoice
FAILED_PAYMENT_NO_RETRY,O004060,INV-0003852,835.05,no successful payment on this invoice
FAILED_PAYMENT_NO_RETRY,O004062,INV-0003854,1958.65,no successful payment on this invoice
FAILED_PAYMENT_NO_RETRY,O004089,INV-0003879,1557.05,no successful payment on this invoice
FAILED_PAYMENT_NO_RETRY,O004139,INV-0003922,3293.2,no successful payment on this invoice
FAILED_PAYMENT_NO_RETRY,O004225,INV-0004003,3919.65,no successful payment on this invoice
FAILED_PAYMENT_NO_RETRY,O004254,INV-0004030,2690.1,no successful payment on this invoice
FAILED_PAYMENT_NO_RETRY,O004267,INV-0004041,798.15,no successful payment on this invoice
FAILED_PAYMENT_NO_RETRY,O004273,INV-0004047,1969.0,no successful payment on this invoice
FAILED_PAYMENT_NO_RETRY,O004324,INV-0004096,3669.05,no successful payment on this invoice
FAILED_PAYMENT_NO_RETRY,O004332,INV-0004104,3834.75,no successful payment on this invoice
FAILED_PAYMENT_NO_RETRY,O004347,INV-0004119,879.0,no successful payment on this invoice
FAILED_PAYMENT_NO_RETRY,O004364,INV-0004136,6086.8,no successful payment on this invoice
FAILED_PAYMENT_NO_RETRY,O004446,INV-0004215,2348.7,no successful payment on this invoice
FAILED_PAYMENT_NO_RETRY,O004459,INV-0004228,585.65,no successful payment on this invoice
FAILED_PAYMENT_NO_RETRY,O004473,INV-0004240,8573.8,no successful payment on this invoice
FAILED_PAYMENT_NO_RETRY,O004485,INV-0004250,1129.55,no successful payment on this invoice
FAILED_PAYMENT_NO_RETRY,O004518,INV-0004282,1548.0,no successful payment on this invoice
FAILED_PAYMENT_NO_RETRY,O004542,INV-0004303,388.55,no successful payment on this invoice
FAILED_PAYMENT_NO_RETRY,O004547,INV-0004307,3877.8,no successful payment on this invoice
FAILED_PAYMENT_NO_RETRY,O004553,INV-0004313,3400.15,no successful payment on this invoice
FAILED_PAYMENT_NO_RETRY,O004559,INV-0004318,7341.9,no successful payment on this invoice
FAILED_PAYMENT_NO_RETRY,O004567,INV-0004326,635.55,no successful payment on this invoice
FAILED_PAYMENT_NO_RETRY,O004585,INV-0004344,540.55,no successful payment on this invoice
FAILED_PAYMENT_NO_RETRY,O004607,INV-0004365,1978.2,no successful payment on this invoice
FAILED_PAYMENT_NO_RETRY,O004618,INV-0004375,669.0,no successful payment on this invoice
FAILED_PAYMENT_NO_RETRY,O004715,INV-0004465,968.65,no successful payment on this invoice
FAILED_PAYMENT_NO_RETRY,O004745,INV-0004493,656.1,no successful payment on this invoice
FAILED_PAYMENT_NO_RETRY,O004767,INV-0004513,3203.55,no successful payment on this invoice
FAILED_PAYMENT_NO_RETRY,O004827,INV-0004570,6195.3,no successful payment on this invoice
FAILED_PAYMENT_NO_RETRY,O004840,INV-0004583,965.05,no successful payment on this invoice
FAILED_PAYMENT_NO_RETRY,O004870,INV-0004612,5530.3,no successful payment on this invoice
FAILED_PAYMENT_NO_RETRY,O004871,INV-0004613,925.65,no successful payment on this invoice
FAILED_PAYMENT_NO_RETRY,O004923,INV-0004661,969.0,no successful payment on this invoice
FAILED_PAYMENT_NO_RETRY,O004961,INV-0004697,1229.25,no successful payment on this invoice
FAILED_PAYMENT_NO_RETRY,O005061,INV-0004793,2591.1,no successful payment on this invoice
FAILED_PAYMENT_NO_RETRY,O005080,INV-0004812,1449.0,no successful payment on this invoice
FAILED_PAYMENT_NO_RETRY,O005185,INV-0004910,4129.65,no successful payment on this invoice
FAILED_PAYMENT_NO_RETRY,O005212,INV-0004937,4823.15,no successful payment on this invoice
FAILED_PAYMENT_NO_RETRY,O005243,INV-0004964,654.55,no successful payment on this invoice
FAILED_PAYMENT_NO_RETRY,O005278,INV-0004996,8712.3,no successful payment on this invoice
FAILED_PAYMENT_NO_RETRY,O005324,INV-0005038,4257.0,no successful payment on this invoice
FAILED_PAYMENT_NO_RETRY,O005348,INV-0005062,1953.3,no successful payment on this invoice
FAILED_PAYMENT_NO_RETRY,O005354,INV-0005068,2041.65,no successful payment on this invoice
FAILED_PAYMENT_NO_RETRY,O005357,INV-0005071,3278.0,no successful payment on this invoice
FAILED_PAYMENT_NO_RETRY,O005372,INV-0005085,314.1,no successful payment on this invoice
FAILED_PAYMENT_NO_RETRY,O005457,INV-0005167,359.0,no successful payment on this invoice
FAILED_PAYMENT_NO_RETRY,O005494,INV-0005204,2192.15,no successful payment on this invoice
FAILED_PAYMENT_NO_RETRY,O005495,INV-0005205,2272.65,no successful payment on this invoice
FAILED_PAYMENT_NO_RETRY,O005508,INV-0005218,2032.2,no successful payment on this invoice
FAILED_PAYMENT_NO_RETRY,O005544,INV-0005253,1393.15,no successful payment on this invoice
FAILED_PAYMENT_NO_RETRY,O005552,INV-0005259,2861.2,no successful payment on this invoice
FAILED_PAYMENT_NO_RETRY,O005578,INV-0005283,6229.3,no successful payment on this invoice
FAILED_PAYMENT_NO_RETRY,O005599,INV-0005304,1966.4,no successful payment on this invoice
FAILED_PAYMENT_NO_RETRY,O005616,INV-0005320,1869.0,no successful payment on this invoice
FAILED_PAYMENT_NO_RETRY,O005627,INV-0005331,3544.15,no successful payment on this invoice
FAILED_PAYMENT_NO_RETRY,O005638,INV-0005341,2837.55,no successful payment on this invoice
FAILED_PAYMENT_NO_RETRY,O005699,INV-0005400,8255.1,no successful payment on this invoice
FAILED_PAYMENT_NO_RETRY,O005753,INV-0005452,2450.05,no successful payment on this invoice
FAILED_PAYMENT_NO_RETRY,O005755,INV-0005454,626.05,no successful payment on this invoice
FAILED_PAYMENT_NO_RETRY,O005761,INV-0005460,445.55,no successful payment on this invoice
FAILED_PAYMENT_NO_RETRY,O005767,INV-0005465,1238.0,no successful payment on this invoice
FAILED_PAYMENT_NO_RETRY,O005788,INV-0005486,3774.05,no successful payment on this invoice
FAILED_PAYMENT_NO_RETRY,O005790,INV-0005488,1081.1,no successful payment on this invoice
FAILED_PAYMENT_NO_RETRY,O005793,INV-0005491,1279.0,no successful payment on this invoice
FAILED_PAYMENT_NO_RETRY,O005795,INV-0005493,628.2,no successful payment on this invoice
FAILED_PAYMENT_NO_RETRY,O005799,INV-0005497,3418.0,no successful payment on this invoice
FAILED_PAYMENT_NO_RETRY,O005819,INV-0005515,840.65,no successful payment on this invoice
FAILED_PAYMENT_NO_RETRY,O005827,INV-0005523,2303.2,no successful payment on this invoice
FAILED_PAYMENT_NO_RETRY,O005854,INV-0005550,1775.1,no successful payment on this invoice
FAILED_PAYMENT_NO_RETRY,O005938,INV-0005630,839.0,no successful payment on this invoice
FAILED_PAYMENT_NO_RETRY,O005981,INV-0005668,2690.1,no successful payment on this invoice
FAILED_PAYMENT_NO_RETRY,O005982,INV-0005669,1029.0,no successful payment on this invoice
FAILED_PAYMENT_NO_RETRY,O006026,INV-0005711,2096.1,no successful payment on this invoice
FAILED_PAYMENT_NO_RETRY,O006046,INV-0005731,1034.55,no successful payment on this invoice
FAILED_PAYMENT_NO_RETRY,O006059,INV-0005744,1204.2,no successful payment on this invoice
FAILED_PAYMENT_NO_RETRY,O006185,INV-0005863,6660.55,no successful payment on this invoice
FAILED_PAYMENT_NO_RETRY,O006199,INV-0005877,930.05,no successful payment on this invoice
FAILED_PAYMENT_NO_RETRY,O006214,INV-0005892,669.0,no successful payment on this invoice
FAILED_PAYMENT_NO_RETRY,O006279,INV-0005954,689.0,no successful payment on this invoice
FAILED_PAYMENT_NO_RETRY,O006288,INV-0005963,1386.05,no successful payment on this invoice
FAILED_PAYMENT_NO_RETRY,O006312,INV-0005984,1795.3,no successful payment on this invoice
FAILED_PAYMENT_NO_RETRY,O006323,INV-0005995,4323.55,no successful payment on this invoice
FAILED_PAYMENT_NO_RETRY,O006344,INV-0006016,2208.0,no successful payment on this invoice
FAILED_PAYMENT_NO_RETRY,O006347,INV-0006019,1945.6,no successful payment on this invoice
FAILED_PAYMENT_NO_RETRY,O006383,INV-0006053,713.15,no successful payment on this invoice
FAILED_PAYMENT_NO_RETRY,O006435,INV-0006100,1860.1,no successful payment on this invoice
FAILED_PAYMENT_NO_RETRY,O006447,INV-0006112,1238.0,no successful payment on this invoice
FAILED_PAYMENT_NO_RETRY,O006515,INV-0006178,1870.55,no successful payment on this invoice
FAILED_PAYMENT_NO_RETRY,O006531,INV-0006194,1899.0,no successful payment on this invoice
FAILED_PAYMENT_NO_RETRY,O006534,INV-0006197,1459.0,no successful payment on this invoice
FAILED_PAYMENT_NO_RETRY,O006547,INV-0006207,1709.0,no successful payment on this invoice
FAILED_PAYMENT_NO_RETRY,O006624,INV-0006283,578.55,no successful payment on this invoice
FAILED_PAYMENT_NO_RETRY,O006645,INV-0006304,1935.15,no successful payment on this invoice
FAILED_PAYMENT_NO_RETRY,O006689,INV-0006346,2713.4,no successful payment on this invoice
FAILED_PAYMENT_NO_RETRY,O006791,INV-0006443,845.1,no successful payment on this invoice
FAILED_PAYMENT_NO_RETRY,O006819,INV-0006470,1575.2,no successful payment on this invoice
FAILED_PAYMENT_NO_RETRY,O006862,INV-0006510,1399.0,no successful payment on this invoice
FAILED_PAYMENT_NO_RETRY,O006886,INV-0006534,4864.2,no successful payment on this invoice
FAILED_PAYMENT_NO_RETRY,O006916,INV-0006560,2579.0,no successful payment on this invoice
FAILED_PAYMENT_NO_RETRY,O006925,INV-0006568,619.0,no successful payment on this invoice
FAILED_PAYMENT_NO_RETRY,O006931,INV-0006574,4475.25,no successful payment on this invoice
FAILED_PAYMENT_NO_RETRY,O006966,INV-0006608,979.0,no successful payment on this invoice
FAILED_PAYMENT_NO_RETRY,O006975,INV-0006617,5269.65,no successful payment on this invoice
FAILED_PAYMENT_NO_RETRY,O007014,INV-0006653,987.05,no successful payment on this invoice
FAILED_PAYMENT_NO_RETRY,O007084,INV-0006716,989.0,no successful payment on this invoice
FAILED_PAYMENT_NO_RETRY,O007139,INV-0006770,1124.1,no successful payment on this invoice
FAILED_PAYMENT_NO_RETRY,O007142,INV-0006773,791.1,no successful payment on this invoice
FAILED_PAYMENT_NO_RETRY,O007147,INV-0006778,379.05,no successful payment on this invoice
FAILED_PAYMENT_NO_RETRY,O007149,INV-0006780,755.1,no successful payment on this invoice
FAILED_PAYMENT_NO_RETRY,O007151,INV-0006782,2063.2,no successful payment on this invoice
FAILED_PAYMENT_NO_RETRY,O007179,INV-0006806,359.0,no successful payment on this invoice
FAILED_PAYMENT_NO_RETRY,O007185,INV-0006812,1727.0,no successful payment on this invoice
FAILED_PAYMENT_NO_RETRY,O007261,INV-0006886,2801.6,no successful payment on this invoice
FAILED_PAYMENT_NO_RETRY,O007309,INV-0006934,3776.65,no successful payment on this invoice
FAILED_PAYMENT_NO_RETRY,O007331,INV-0006956,2298.0,no successful payment on this invoice
FAILED_PAYMENT_NO_RETRY,O007333,INV-0006958,1431.75,no successful payment on this invoice
FAILED_PAYMENT_NO_RETRY,O007338,INV-0006963,4292.1,no successful payment on this invoice
FAILED_PAYMENT_NO_RETRY,O007374,INV-0006994,719.0,no successful payment on this invoice
FAILED_PAYMENT_NO_RETRY,O007388,INV-0007008,607.05,no successful payment on this invoice
FAILED_PAYMENT_NO_RETRY,O007396,INV-0007016,739.0,no successful payment on this invoice
FAILED_PAYMENT_NO_RETRY,O007423,INV-0007041,1322.1,no successful payment on this invoice
FAILED_PAYMENT_NO_RETRY,O007439,INV-0007056,7737.0,no successful payment on this invoice
FAILED_PAYMENT_NO_RETRY,O007482,INV-0007094,939.55,no successful payment on this invoice
FAILED_PAYMENT_NO_RETRY,O007537,INV-0007147,1368.1,no successful payment on this invoice
FAILED_PAYMENT_NO_RETRY,O007539,INV-0007149,6694.4,no successful payment on this invoice
FAILED_PAYMENT_NO_RETRY,O007586,INV-0007196,492.15,no successful payment on this invoice
FAILED_PAYMENT_NO_RETRY,O007596,INV-0007204,1828.0,no successful payment on this invoice
FAILED_PAYMENT_NO_RETRY,O007600,INV-0007208,578.55,no successful payment on this invoice
FAILED_PAYMENT_NO_RETRY,O007653,INV-0007255,1985.55,no successful payment on this invoice
FAILED_PAYMENT_NO_RETRY,O007675,INV-0007276,3741.1,no successful payment on this invoice
FAILED_PAYMENT_NO_RETRY,O007726,INV-0007321,2542.15,no successful payment on this invoice
FAILED_PAYMENT_NO_RETRY,O007732,INV-0007327,1770.7,no successful payment on this invoice
FAILED_PAYMENT_NO_RETRY,O007811,INV-0007401,1386.05,no successful payment on this invoice
FAILED_PAYMENT_NO_RETRY,O007823,INV-0007412,1809.0,no successful payment on this invoice
FAILED_PAYMENT_NO_RETRY,O007847,INV-0007436,1189.0,no successful payment on this invoice
FAILED_PAYMENT_NO_RETRY,O007848,INV-0007437,3668.3,no successful payment on this invoice
FAILED_PAYMENT_NO_RETRY,O007878,INV-0007467,259.0,no successful payment on this invoice
FAILED_PAYMENT_NO_RETRY,O007886,INV-0007474,540.55,no successful payment on this invoice
FAILED_PAYMENT_NO_RETRY,O007903,INV-0007491,2491.2,no successful payment on this invoice
FAILED_PAYMENT_NO_RETRY,O007914,INV-0007501,1146.55,no successful payment on this invoice
FAILED_PAYMENT_NO_RETRY,O008004,INV-0007582,263.2,no successful payment on this invoice
FAILED_PAYMENT_NO_RETRY,O008008,INV-0007586,445.55,no successful payment on this invoice
FAILED_PAYMENT_NO_RETRY,O008020,INV-0007597,4855.35,no successful payment on this invoice
FAILED_PAYMENT_NO_RETRY,O008044,INV-0007620,1449.0,no successful payment on this invoice
FAILED_PAYMENT_NO_RETRY,O008057,INV-0007632,926.1,no successful payment on this invoice
FAILED_PAYMENT_NO_RETRY,O008115,INV-0007686,656.1,no successful payment on this invoice
FAILED_PAYMENT_NO_RETRY,O008164,INV-0007732,422.1,no successful payment on this invoice
FAILED_PAYMENT_NO_RETRY,O008185,INV-0007750,1969.0,no successful payment on this invoice
FAILED_PAYMENT_NO_RETRY,O008228,INV-0007791,4077.0,no successful payment on this invoice
FAILED_PAYMENT_NO_RETRY,O008260,INV-0007818,569.0,no successful payment on this invoice
FAILED_PAYMENT_NO_RETRY,O008277,INV-0007835,3690.05,no successful payment on this invoice
FAILED_PAYMENT_NO_RETRY,O008280,INV-0007837,2450.05,no successful payment on this invoice
FAILED_PAYMENT_NO_RETRY,O008294,INV-0007850,233.1,no successful payment on this invoice
FAILED_PAYMENT_NO_RETRY,O008320,INV-0007874,3297.0,no successful payment on this invoice
FAILED_PAYMENT_NO_RETRY,O008326,INV-0007879,2579.0,no successful payment on this invoice
FAILED_PAYMENT_NO_RETRY,O008364,INV-0007915,2118.05,no successful payment on this invoice
FAILED_PAYMENT_NO_RETRY,O008445,INV-0007992,934.15,no successful payment on this invoice
FAILED_PAYMENT_NO_RETRY,O008458,INV-0008005,2637.0,no successful payment on this invoice
FAILED_PAYMENT_NO_RETRY,O008508,INV-0008053,839.0,no successful payment on this invoice
FAILED_PAYMENT_NO_RETRY,O008513,INV-0008058,1376.55,no successful payment on this invoice
FAILED_PAYMENT_NO_RETRY,O008520,INV-0008065,1969.0,no successful payment on this invoice
FAILED_PAYMENT_NO_RETRY,O008527,INV-0008072,1119.0,no successful payment on this invoice
FAILED_PAYMENT_NO_RETRY,O008551,INV-0008094,1817.55,no successful payment on this invoice
FAILED_PAYMENT_NO_RETRY,O008560,INV-0008102,8340.8,no successful payment on this invoice
FAILED_PAYMENT_NO_RETRY,O008598,INV-0008138,798.0,no successful payment on this invoice
FAILED_PAYMENT_NO_RETRY,O008647,INV-0008184,2216.25,no successful payment on this invoice
FAILED_PAYMENT_NO_RETRY,O008655,INV-0008191,1963.65,no successful payment on this invoice
FAILED_PAYMENT_NO_RETRY,O008669,INV-0008205,649.0,no successful payment on this invoice
FAILED_PAYMENT_NO_RETRY,O008691,INV-0008227,7006.0,no successful payment on this invoice
FAILED_PAYMENT_NO_RETRY,O008694,INV-0008230,673.55,no successful payment on this invoice
FAILED_PAYMENT_NO_RETRY,O008722,INV-0008257,3236.55,no successful payment on this invoice
FAILED_PAYMENT_NO_RETRY,O008740,INV-0008274,839.0,no successful payment on this invoice
FAILED_PAYMENT_NO_RETRY,O008786,INV-0008319,719.0,no successful payment on this invoice
FAILED_PAYMENT_NO_RETRY,O008791,INV-0008322,4808.75,no successful payment on this invoice
FAILED_PAYMENT_NO_RETRY,O008824,INV-0008352,1366.1,no successful payment on this invoice
FAILED_PAYMENT_NO_RETRY,O008860,INV-0008386,2092.05,no successful payment on this invoice
FAILED_PAYMENT_NO_RETRY,O008884,INV-0008408,2109.1,no successful payment on this invoice
FAILED_PAYMENT_NO_RETRY,O008891,INV-0008415,368.1,no successful payment on this invoice
FAILED_PAYMENT_NO_RETRY,O008894,INV-0008418,233.1,no successful payment on this invoice
FAILED_PAYMENT_NO_RETRY,O008911,INV-0008435,1685.45,no successful payment on this invoice
FAILED_PAYMENT_NO_RETRY,O008951,INV-0008475,3868.5,no successful payment on this invoice
FAILED_PAYMENT_NO_RETRY,O008994,INV-0008515,2544.1,no successful payment on this invoice
FAILED_PAYMENT_NO_RETRY,O009075,INV-0008595,669.0,no successful payment on this invoice
FAILED_PAYMENT_NO_RETRY,O009079,INV-0008599,4289.85,no successful payment on this invoice
FAILED_PAYMENT_NO_RETRY,O009106,INV-0008625,2593.25,no successful payment on this invoice
FAILED_PAYMENT_NO_RETRY,O009110,INV-0008629,1653.65,no successful payment on this invoice
FAILED_PAYMENT_NO_RETRY,O009132,INV-0008650,4033.7,no successful payment on this invoice
FAILED_PAYMENT_NO_RETRY,O009183,INV-0008695,1476.75,no successful payment on this invoice
FAILED_PAYMENT_NO_RETRY,O009199,INV-0008710,1186.55,no successful payment on this invoice
FAILED_PAYMENT_NO_RETRY,O009203,INV-0008714,1005.1,no successful payment on this invoice
FAILED_PAYMENT_NO_RETRY,O009206,INV-0008717,3868.4,no successful payment on this invoice
FAILED_PAYMENT_NO_RETRY,O009220,INV-0008730,2801.55,no successful payment on this invoice
FAILED_PAYMENT_NO_RETRY,O009254,INV-0008763,3046.3,no successful payment on this invoice
FAILED_PAYMENT_NO_RETRY,O009271,INV-0008778,1129.55,no successful payment on this invoice
FAILED_PAYMENT_NO_RETRY,O009292,INV-0008795,2058.65,no successful payment on this invoice
FAILED_PAYMENT_NO_RETRY,O009309,INV-0008812,3238.85,no successful payment on this invoice
FAILED_PAYMENT_NO_RETRY,O009364,INV-0008864,1044.05,no successful payment on this invoice
FAILED_PAYMENT_NO_RETRY,O009386,INV-0008886,1424.25,no successful payment on this invoice
FAILED_PAYMENT_NO_RETRY,O009459,INV-0008953,1538.2,no successful payment on this invoice
FAILED_PAYMENT_NO_RETRY,O009475,INV-0008969,7618.9,no successful payment on this invoice
FAILED_PAYMENT_NO_RETRY,O009478,INV-0008972,5487.2,no successful payment on this invoice
FAILED_PAYMENT_NO_RETRY,O009548,INV-0009041,719.0,no successful payment on this invoice
FAILED_PAYMENT_NO_RETRY,O009585,INV-0009078,2578.0,no successful payment on this invoice
FAILED_PAYMENT_NO_RETRY,O009592,INV-0009085,2088.1,no successful payment on this invoice
FAILED_PAYMENT_NO_RETRY,O009597,INV-0009090,1061.1,no successful payment on this invoice
FAILED_PAYMENT_NO_RETRY,O009642,INV-0009132,3030.2,no successful payment on this invoice
FAILED_PAYMENT_NO_RETRY,O009684,INV-0009168,702.05,no successful payment on this invoice
FAILED_PAYMENT_NO_RETRY,O009831,INV-0009311,492.1,no successful payment on this invoice
FAILED_PAYMENT_NO_RETRY,O009835,INV-0009315,2719.0,no successful payment on this invoice
FAILED_PAYMENT_NO_RETRY,O009865,INV-0009344,331.55,no successful payment on this invoice
FAILED_PAYMENT_NO_RETRY,O009889,INV-0009368,1099.0,no successful payment on this invoice
FAILED_PAYMENT_NO_RETRY,O009890,INV-0009369,379.05,no successful payment on this invoice
FAILED_PAYMENT_NO_RETRY,O009891,INV-0009370,3828.0,no successful payment on this invoice
FAILED_PAYMENT_NO_RETRY,O009900,INV-0009379,4158.15,no successful payment on this invoice
FAILED_PAYMENT_NO_RETRY,O009901,INV-0009380,9871.3,no successful payment on this invoice
FAILED_PAYMENT_NO_RETRY,O009981,INV-0009455,983.2,no successful payment on this invoice
FAILED_PAYMENT_NO_RETRY,O009985,INV-0009459,835.05,no successful payment on this invoice
FAILED_PAYMENT_NO_RETRY,O010000,INV-0009474,4128.05,no successful payment on this invoice
FAILED_PAYMENT_NO_RETRY,O010024,INV-0009495,1063.05,no successful payment on this invoice
FAILED_PAYMENT_NO_RETRY,O010058,INV-0009526,6863.3,no successful payment on this invoice
FAILED_PAYMENT_NO_RETRY,O010059,INV-0009527,2254.1,no successful payment on this invoice
FAILED_PAYMENT_NO_RETRY,O010083,INV-0009549,3544.2,no successful payment on this invoice
FAILED_PAYMENT_NO_RETRY,O010084,INV-0009550,2321.1,no successful payment on this invoice
FAILED_PAYMENT_NO_RETRY,O010088,INV-0009554,1279.0,no successful payment on this invoice
FAILED_PAYMENT_NO_RETRY,O010123,INV-0009588,4580.15,no successful payment on this invoice
FAILED_PAYMENT_NO_RETRY,O010136,INV-0009600,2311.15,no successful payment on this invoice
FAILED_PAYMENT_NO_RETRY,O010146,INV-0009610,1564.1,no successful payment on this invoice
FAILED_PAYMENT_NO_RETRY,O010177,INV-0009639,16134.55,no successful payment on this invoice
FAILED_PAYMENT_NO_RETRY,O010191,INV-0009653,647.1,no successful payment on this invoice
FAILED_PAYMENT_NO_RETRY,O010218,INV-0009679,2701.05,no successful payment on this invoice
FAILED_PAYMENT_NO_RETRY,O010263,INV-0009722,1304.1,no successful payment on this invoice
FAILED_PAYMENT_NO_RETRY,O010278,INV-0009736,2458.5,no successful payment on this invoice
FAILED_PAYMENT_NO_RETRY,O010338,INV-0009793,1158.0,no successful payment on this invoice
FAILED_PAYMENT_NO_RETRY,O010340,INV-0009795,592.2,no successful payment on this invoice
FAILED_PAYMENT_NO_RETRY,O010386,INV-0009840,1469.0,no successful payment on this invoice
FAILED_PAYMENT_NO_RETRY,O010441,INV-0009894,3668.0,no successful payment on this invoice
FAILED_PAYMENT_NO_RETRY,O010454,INV-0009905,3688.0,no successful payment on this invoice
FAILED_PAYMENT_NO_RETRY,O010459,INV-0009910,1825.2,no successful payment on this invoice
FAILED_PAYMENT_NO_RETRY,O010490,INV-0009940,2092.75,no successful payment on this invoice
FAILED_PAYMENT_NO_RETRY,O010535,INV-0009982,2538.0,no successful payment on this invoice
FAILED_PAYMENT_NO_RETRY,O010722,INV-0010159,3992.3,no successful payment on this invoice
FAILED_PAYMENT_NO_RETRY,O010725,INV-0010162,529.0,no successful payment on this invoice
FAILED_PAYMENT_NO_RETRY,O010797,INV-0010227,1378.0,no successful payment on this invoice
FAILED_PAYMENT_NO_RETRY,O010854,INV-0010281,739.0,no successful payment on this invoice
FAILED_PAYMENT_NO_RETRY,O010885,INV-0010309,4382.45,no successful payment on this invoice
FAILED_PAYMENT_NO_RETRY,O010904,INV-0010328,2443.2,no successful payment on this invoice
FAILED_PAYMENT_NO_RETRY,O010917,INV-0010341,512.1,no successful payment on this invoice
FAILED_PAYMENT_NO_RETRY,O010965,INV-0010387,1240.15,no successful payment on this invoice
FAILED_PAYMENT_NO_RETRY,O011015,INV-0010433,872.1,no successful payment on this invoice
FAILED_PAYMENT_NO_RETRY,O011029,INV-0010446,892.05,no successful payment on this invoice
FAILED_PAYMENT_NO_RETRY,O011043,INV-0010460,1438.0,no successful payment on this invoice
FAILED_PAYMENT_NO_RETRY,O011051,INV-0010466,791.1,no successful payment on this invoice
FAILED_PAYMENT_NO_RETRY,O011057,INV-0010472,1676.05,no successful payment on this invoice
FAILED_PAYMENT_NO_RETRY,O011065,INV-0010480,1822.1,no successful payment on this invoice
FAILED_PAYMENT_NO_RETRY,O011097,INV-0010512,1836.85,no successful payment on this invoice
FAILED_PAYMENT_NO_RETRY,O011150,INV-0010561,635.55,no successful payment on this invoice
FAILED_PAYMENT_NO_RETRY,O011151,INV-0010562,1478.0,no successful payment on this invoice
FAILED_PAYMENT_NO_RETRY,O011206,INV-0010614,4776.2,no successful payment on this invoice
FAILED_PAYMENT_NO_RETRY,O011220,INV-0010628,2251.2,no successful payment on this invoice
FAILED_PAYMENT_NO_RETRY,O011254,INV-0010660,2063.2,no successful payment on this invoice
FAILED_PAYMENT_NO_RETRY,O011259,INV-0010665,1276.65,no successful payment on this invoice
FAILED_PAYMENT_NO_RETRY,O011260,INV-0010666,1838.1,no successful payment on this invoice
FAILED_PAYMENT_NO_RETRY,O011277,INV-0010682,2388.0,no successful payment on this invoice
FAILED_PAYMENT_NO_RETRY,O011281,INV-0010686,3127.7,no successful payment on this invoice
FAILED_PAYMENT_NO_RETRY,O011306,INV-0010710,935.1,no successful payment on this invoice
FAILED_PAYMENT_NO_RETRY,O011339,INV-0010743,895.2,no successful payment on this invoice
FAILED_PAYMENT_NO_RETRY,O011436,INV-0010834,2202.5,no successful payment on this invoice
FAILED_PAYMENT_NO_RETRY,O011462,INV-0010860,9197.5,no successful payment on this invoice
FAILED_PAYMENT_NO_RETRY,O011471,INV-0010868,1289.0,no successful payment on this invoice
FAILED_PAYMENT_NO_RETRY,O011472,INV-0010869,1039.0,no successful payment on this invoice
FAILED_PAYMENT_NO_RETRY,O011482,INV-0010879,7132.1,no successful payment on this invoice
FAILED_PAYMENT_NO_RETRY,O011520,INV-0010915,4649.4,no successful payment on this invoice
FAILED_PAYMENT_NO_RETRY,O011532,INV-0010927,1249.0,no successful payment on this invoice
FAILED_PAYMENT_NO_RETRY,O011553,INV-0010948,279.65,no successful payment on this invoice
FAILED_PAYMENT_NO_RETRY,O011573,INV-0010967,4136.2,no successful payment on this invoice
FAILED_PAYMENT_NO_RETRY,O011607,INV-0010999,1039.0,no successful payment on this invoice
FAILED_PAYMENT_NO_RETRY,O011634,INV-0011022,1291.05,no successful payment on this invoice
FAILED_PAYMENT_NO_RETRY,O011691,INV-0011074,1319.0,no successful payment on this invoice
FAILED_PAYMENT_NO_RETRY,O011692,INV-0011075,2579.0,no successful payment on this invoice
FAILED_PAYMENT_NO_RETRY,O011724,INV-0011104,1690.2,no successful payment on this invoice
FAILED_PAYMENT_NO_RETRY,O011775,INV-0011152,1179.0,no successful payment on this invoice
FAILED_PAYMENT_NO_RETRY,O011778,INV-0011155,4900.1,no successful payment on this invoice
FAILED_PAYMENT_NO_RETRY,O011785,INV-0011162,3808.65,no successful payment on this invoice
FAILED_PAYMENT_NO_RETRY,O011801,INV-0011178,949.05,no successful payment on this invoice
FAILED_PAYMENT_NO_RETRY,O011803,INV-0011179,3757.0,no successful payment on this invoice
FAILED_PAYMENT_NO_RETRY,O011814,INV-0011190,3306.65,no successful payment on this invoice
FAILED_PAYMENT_NO_RETRY,O011828,INV-0011204,3202.2,no successful payment on this invoice
FAILED_PAYMENT_NO_RETRY,O011851,INV-0011224,7014.05,no successful payment on this invoice
FAILED_PAYMENT_NO_RETRY,O011860,INV-0011233,749.0,no successful payment on this invoice
FAILED_PAYMENT_NO_RETRY,O011875,INV-0011247,1907.75,no successful payment on this invoice
FAILED_PAYMENT_NO_RETRY,O011890,INV-0011262,999.2,no successful payment on this invoice
FAILED_PAYMENT_NO_RETRY,O011949,INV-0011320,577.15,no successful payment on this invoice
FAILED_PAYMENT_NO_RETRY,O011951,INV-0011322,1189.0,no successful payment on this invoice
FAILED_PAYMENT_NO_RETRY,O011958,INV-0011329,7754.25,no successful payment on this invoice
FAILED_PAYMENT_NO_RETRY,O012041,INV-0011408,7028.5,no successful payment on this invoice
FAILED_PAYMENT_NO_RETRY,O012082,INV-0011448,3249.0,no successful payment on this invoice
FAILED_PAYMENT_NO_RETRY,O012097,INV-0011462,1253.05,no successful payment on this invoice
FAILED_PAYMENT_NO_RETRY,O012163,INV-0011525,1879.1,no successful payment on this invoice
FAILED_PAYMENT_NO_RETRY,O012186,INV-0011547,840.65,no successful payment on this invoice
FAILED_PAYMENT_NO_RETRY,O012217,INV-0011576,987.05,no successful payment on this invoice
FAILED_PAYMENT_NO_RETRY,O012237,INV-0011594,339.0,no successful payment on this invoice
FAILED_PAYMENT_NO_RETRY,O012327,INV-0011679,3400.2,no successful payment on this invoice
FAILED_PAYMENT_NO_RETRY,O012356,INV-0011707,619.0,no successful payment on this invoice
FAILED_PAYMENT_NO_RETRY,O012370,INV-0011720,1119.2,no successful payment on this invoice
FAILED_PAYMENT_NO_RETRY,O012384,INV-0011734,1223.1,no successful payment on this invoice
FAILED_PAYMENT_NO_RETRY,O012404,INV-0011754,920.55,no successful payment on this invoice
FAILED_PAYMENT_NO_RETRY,O012429,INV-0011777,1489.0,no successful payment on this invoice
FAILED_PAYMENT_NO_RETRY,O012444,INV-0011792,839.0,no successful payment on this invoice
FAILED_PAYMENT_NO_RETRY,O012463,INV-0011810,5446.1,no successful payment on this invoice
FAILED_PAYMENT_NO_RETRY,O012511,INV-0011855,1063.05,no successful payment on this invoice
FAILED_PAYMENT_NO_RETRY,O012516,INV-0011860,989.1,no successful payment on this invoice
FAILED_PAYMENT_NO_RETRY,O012559,INV-0011902,719.0,no successful payment on this invoice
FAILED_PAYMENT_NO_RETRY,O012675,INV-0012013,3445.2,no successful payment on this invoice
FAILED_PAYMENT_NO_RETRY,O012688,INV-0012025,739.0,no successful payment on this invoice
FAILED_PAYMENT_NO_RETRY,O012835,INV-0012165,920.55,no successful payment on this invoice
FAILED_PAYMENT_NO_RETRY,O012847,INV-0012177,349.0,no successful payment on this invoice
FAILED_PAYMENT_NO_RETRY,O012856,INV-0012186,1475.1,no successful payment on this invoice
FAILED_PAYMENT_NO_RETRY,O012932,INV-0012259,3365.2,no successful payment on this invoice
FAILED_PAYMENT_NO_RETRY,O012979,INV-0012304,2056.15,no successful payment on this invoice
FAILED_PAYMENT_NO_RETRY,O013083,INV-0012403,4754.55,no successful payment on this invoice
FAILED_PAYMENT_NO_RETRY,O013115,INV-0012435,1253.05,no successful payment on this invoice
FAILED_PAYMENT_NO_RETRY,O013180,INV-0012498,639.0,no successful payment on this invoice
FAILED_PAYMENT_NO_RETRY,O013187,INV-0012505,1307.65,no successful payment on this invoice
FAILED_PAYMENT_NO_RETRY,O013258,INV-0012571,1376.55,no successful payment on this invoice
FAILED_PAYMENT_NO_RETRY,O013264,INV-0012576,1394.1,no successful payment on this invoice
FAILED_PAYMENT_NO_RETRY,O013274,INV-0012586,1053.55,no successful payment on this invoice
FAILED_PAYMENT_NO_RETRY,O013361,INV-0012669,1099.0,no successful payment on this invoice
FAILED_PAYMENT_NO_RETRY,O013382,INV-0012690,1509.0,no successful payment on this invoice
FAILED_PAYMENT_NO_RETRY,O013433,INV-0012739,1592.05,no successful payment on this invoice
FAILED_PAYMENT_NO_RETRY,O013435,INV-0012740,609.0,no successful payment on this invoice
FAILED_PAYMENT_NO_RETRY,O013462,INV-0012767,2579.0,no successful payment on this invoice
FAILED_PAYMENT_NO_RETRY,O013491,INV-0012795,1106.1,no successful payment on this invoice
FAILED_PAYMENT_NO_RETRY,O013574,INV-0012875,920.55,no successful payment on this invoice
FAILED_PAYMENT_NO_RETRY,O013614,INV-0012914,620.1,no successful payment on this invoice
FAILED_PAYMENT_NO_RETRY,O013616,INV-0012916,2002.05,no successful payment on this invoice
FAILED_PAYMENT_NO_RETRY,O013670,INV-0012970,529.0,no successful payment on this invoice
FAILED_PAYMENT_NO_RETRY,O013739,INV-0013037,729.0,no successful payment on this invoice
FAILED_PAYMENT_NO_RETRY,O013748,INV-0013046,607.05,no successful payment on this invoice
FAILED_PAYMENT_NO_RETRY,O013754,INV-0013052,1935.2,no successful payment on this invoice
FAILED_PAYMENT_NO_RETRY,O013817,INV-0013111,702.05,no successful payment on this invoice
FAILED_PAYMENT_NO_RETRY,O013865,INV-0013155,2898.0,no successful payment on this invoice
FAILED_PAYMENT_NO_RETRY,O013870,INV-0013160,1638.2,no successful payment on this invoice
FAILED_PAYMENT_NO_RETRY,O013886,INV-0013176,4265.05,no successful payment on this invoice
FAILED_PAYMENT_NO_RETRY,O013896,INV-0013185,1875.7,no successful payment on this invoice
FAILED_PAYMENT_NO_RETRY,O013941,INV-0013224,2185.2,no successful payment on this invoice
FAILED_PAYMENT_NO_RETRY,O013947,INV-0013230,1009.0,no successful payment on this invoice
FAILED_PAYMENT_NO_RETRY,O013970,INV-0013253,516.75,no successful payment on this invoice
FAILED_PAYMENT_NO_RETRY,O013989,INV-0013272,449.65,no successful payment on this invoice
FAILED_PAYMENT_NO_RETRY,O014014,INV-0013295,4787.75,no successful payment on this invoice
FAILED_PAYMENT_NO_RETRY,O014026,INV-0013306,755.1,no successful payment on this invoice
FAILED_PAYMENT_NO_RETRY,O014088,INV-0013361,1449.0,no successful payment on this invoice
FAILED_PAYMENT_NO_RETRY,O014103,INV-0013375,6258.75,no successful payment on this invoice
FAILED_PAYMENT_NO_RETRY,O014157,INV-0013427,2885.55,no successful payment on this invoice
FAILED_PAYMENT_NO_RETRY,O014158,INV-0013428,1313.1,no successful payment on this invoice
FAILED_PAYMENT_NO_RETRY,O014175,INV-0013444,1279.0,no successful payment on this invoice
FAILED_PAYMENT_NO_RETRY,O014210,INV-0013477,359.1,no successful payment on this invoice
FAILED_PAYMENT_NO_RETRY,O014339,INV-0013603,2135.6,no successful payment on this invoice
FAILED_PAYMENT_NO_RETRY,O014359,INV-0013622,5885.85,no successful payment on this invoice
FAILED_PAYMENT_NO_RETRY,O014392,INV-0013652,1249.0,no successful payment on this invoice
FAILED_PAYMENT_NO_RETRY,O014403,INV-0013662,719.0,no successful payment on this invoice
FAILED_PAYMENT_NO_RETRY,O014547,INV-0013795,872.1,no successful payment on this invoice
FAILED_PAYMENT_NO_RETRY,O014613,INV-0013858,3802.8,no successful payment on this invoice
FAILED_PAYMENT_NO_RETRY,O014629,INV-0013872,739.0,no successful payment on this invoice
FAILED_PAYMENT_NO_RETRY,O014641,INV-0013884,4507.1,no successful payment on this invoice
FAILED_PAYMENT_NO_RETRY,O014683,INV-0013922,1618.0,no successful payment on this invoice
FAILED_PAYMENT_NO_RETRY,O014686,INV-0013925,1222.3,no successful payment on this invoice
FAILED_PAYMENT_NO_RETRY,O014707,INV-0013946,2067.0,no successful payment on this invoice
FAILED_PAYMENT_NO_RETRY,O014747,INV-0013984,2587.25,no successful payment on this invoice
FAILED_PAYMENT_NO_RETRY,O014777,INV-0014013,2579.0,no successful payment on this invoice
FAILED_PAYMENT_NO_RETRY,O014793,INV-0014029,4381.3,no successful payment on this invoice
FAILED_PAYMENT_NO_RETRY,O014867,INV-0014099,407.55,no successful payment on this invoice
FAILED_PAYMENT_NO_RETRY,O014880,INV-0014111,1179.0,no successful payment on this invoice
FAILED_PAYMENT_NO_RETRY,O014901,INV-0014131,1099.0,no successful payment on this invoice
FAILED_PAYMENT_NO_RETRY,O014908,INV-0014138,409.0,no successful payment on this invoice
FAILED_PAYMENT_NO_RETRY,O014916,INV-0014146,1341.1,no successful payment on this invoice
FAILED_PAYMENT_NO_RETRY,O014922,INV-0014152,486.75,no successful payment on this invoice
FAILED_PAYMENT_NO_RETRY,O014930,INV-0014160,4431.7,no successful payment on this invoice
FAILED_PAYMENT_NO_RETRY,O014965,INV-0014193,1449.0,no successful payment on this invoice
FAILED_PAYMENT_NO_RETRY,O014996,INV-0014223,2454.3,no successful payment on this invoice
FAILED_PAYMENT_NO_RETRY,O015053,INV-0014277,683.05,no successful payment on this invoice
FAILED_PAYMENT_NO_RETRY,O015063,INV-0014286,1129.55,no successful payment on this invoice
FAILED_PAYMENT_NO_RETRY,O015128,INV-0014348,699.0,no successful payment on this invoice
FAILED_PAYMENT_NO_RETRY,O015158,INV-0014376,1899.0,no successful payment on this invoice
FAILED_PAYMENT_NO_RETRY,O015212,INV-0014427,702.05,no successful payment on this invoice
FAILED_PAYMENT_NO_RETRY,O015221,INV-0014436,2708.15,no successful payment on this invoice
FAILED_PAYMENT_NO_RETRY,O015248,INV-0014461,1449.0,no successful payment on this invoice
FAILED_PAYMENT_NO_RETRY,O015285,INV-0014496,939.55,no successful payment on this invoice
FAILED_PAYMENT_NO_RETRY,O015292,INV-0014503,364.65,no successful payment on this invoice
FAILED_PAYMENT_NO_RETRY,O015320,INV-0014531,611.15,no successful payment on this invoice
FAILED_PAYMENT_NO_RETRY,O015328,INV-0014539,1578.2,no successful payment on this invoice
FAILED_PAYMENT_NO_RETRY,O015361,INV-0014570,4385.0,no successful payment on this invoice
FAILED_PAYMENT_NO_RETRY,O015365,INV-0014574,5159.45,no successful payment on this invoice
FAILED_PAYMENT_NO_RETRY,O015395,INV-0014604,4335.6,no successful payment on this invoice
FAILED_PAYMENT_NO_RETRY,O015435,INV-0014644,654.55,no successful payment on this invoice
FAILED_PAYMENT_NO_RETRY,O015456,INV-0014663,1527.2,no successful payment on this invoice
FAILED_PAYMENT_NO_RETRY,O015472,INV-0014679,989.1,no successful payment on this invoice
FAILED_PAYMENT_NO_RETRY,O015505,INV-0014712,797.25,no successful payment on this invoice
FAILED_PAYMENT_NO_RETRY,O015550,INV-0014755,1328.1,no successful payment on this invoice
FAILED_PAYMENT_NO_RETRY,O015565,INV-0014768,1260.1,no successful payment on this invoice
FAILED_PAYMENT_NO_RETRY,O015606,INV-0014805,1399.0,no successful payment on this invoice
FAILED_PAYMENT_NO_RETRY,O015618,INV-0014816,669.0,no successful payment on this invoice
FAILED_PAYMENT_NO_RETRY,O015671,INV-0014868,719.0,no successful payment on this invoice
FAILED_PAYMENT_NO_RETRY,O015715,INV-0014910,246.75,no successful payment on this invoice
FAILED_PAYMENT_NO_RETRY,O015728,INV-0014923,1393.15,no successful payment on this invoice
FAILED_PAYMENT_NO_RETRY,O015822,INV-0015015,2055.2,no successful payment on this invoice
FAILED_PAYMENT_NO_RETRY,O015851,INV-0015044,2626.0,no successful payment on this invoice
FAILED_PAYMENT_NO_RETRY,O015861,INV-0015052,2839.55,no successful payment on this invoice
FAILED_PAYMENT_NO_RETRY,O015882,INV-0015072,2579.0,no successful payment on this invoice
FAILED_PAYMENT_NO_RETRY,O015909,INV-0015098,2070.2,no successful payment on this invoice
FAILED_PAYMENT_NO_RETRY,O015922,INV-0015110,2097.0,no successful payment on this invoice
FAILED_PAYMENT_NO_RETRY,O015950,INV-0015137,2392.1,no successful payment on this invoice
FAILED_PAYMENT_NO_RETRY,O015965,INV-0015152,2897.0,no successful payment on this invoice
FAILED_PAYMENT_NO_RETRY,O015997,INV-0015182,702.05,no successful payment on this invoice
FAILED_PAYMENT_NO_RETRY,O016020,INV-0015205,939.0,no successful payment on this invoice
FAILED_PAYMENT_NO_RETRY,O016027,INV-0015212,6149.65,no successful payment on this invoice
FAILED_PAYMENT_NO_RETRY,O016121,INV-0015302,934.15,no successful payment on this invoice
FAILED_PAYMENT_NO_RETRY,O016124,INV-0015305,2324.1,no successful payment on this invoice
FAILED_PAYMENT_NO_RETRY,O016134,INV-0015315,2954.5,no successful payment on this invoice
FAILED_PAYMENT_NO_RETRY,O016140,INV-0015320,2562.3,no successful payment on this invoice
FAILED_PAYMENT_NO_RETRY,O016146,INV-0015326,835.05,no successful payment on this invoice
FAILED_PAYMENT_NO_RETRY,O016170,INV-0015349,1928.95,no successful payment on this invoice
FAILED_PAYMENT_NO_RETRY,O016217,INV-0015390,2501.1,no successful payment on this invoice
FAILED_PAYMENT_NO_RETRY,O016262,INV-0015433,1857.0,no successful payment on this invoice
FAILED_PAYMENT_NO_RETRY,O016263,INV-0015434,629.1,no successful payment on this invoice
FAILED_PAYMENT_NO_RETRY,O016265,INV-0015436,2628.0,no successful payment on this invoice
FAILED_PAYMENT_NO_RETRY,O016304,INV-0015472,476.1,no successful payment on this invoice
FAILED_PAYMENT_NO_RETRY,O016333,INV-0015498,1396.25,no successful payment on this invoice
FAILED_PAYMENT_NO_RETRY,O016372,INV-0015534,1099.0,no successful payment on this invoice
FAILED_PAYMENT_NO_RETRY,O016395,INV-0015557,5848.2,no successful payment on this invoice
FAILED_PAYMENT_NO_RETRY,O016397,INV-0015559,1971.1,no successful payment on this invoice
FAILED_PAYMENT_NO_RETRY,O016499,INV-0015654,6074.5,no successful payment on this invoice
FAILED_PAYMENT_NO_RETRY,O016530,INV-0015683,1304.1,no successful payment on this invoice
FAILED_PAYMENT_NO_RETRY,O016537,INV-0015690,5848.2,no successful payment on this invoice
FAILED_PAYMENT_NO_RETRY,O016540,INV-0015693,1996.2,no successful payment on this invoice
FAILED_PAYMENT_NO_RETRY,O016550,INV-0015703,1509.0,no successful payment on this invoice
FAILED_PAYMENT_NO_RETRY,O016551,INV-0015704,1376.55,no successful payment on this invoice
FAILED_PAYMENT_NO_RETRY,O016572,INV-0015725,713.15,no successful payment on this invoice
FAILED_PAYMENT_NO_RETRY,O016596,INV-0015747,2063.2,no successful payment on this invoice
FAILED_PAYMENT_NO_RETRY,O016604,INV-0015755,1449.0,no successful payment on this invoice
FAILED_PAYMENT_NO_RETRY,O016650,INV-0015800,5040.15,no successful payment on this invoice
FAILED_PAYMENT_NO_RETRY,O016657,INV-0015807,516.75,no successful payment on this invoice
FAILED_PAYMENT_NO_RETRY,O016684,INV-0015833,1099.0,no successful payment on this invoice
FAILED_PAYMENT_NO_RETRY,O016689,INV-0015838,6559.3,no successful payment on this invoice
FAILED_PAYMENT_NO_RETRY,O016735,INV-0015881,669.0,no successful payment on this invoice
FAILED_PAYMENT_NO_RETRY,O016830,INV-0015969,1319.0,no successful payment on this invoice
FAILED_PAYMENT_NO_RETRY,O016842,INV-0015980,1034.1,no successful payment on this invoice
FAILED_PAYMENT_NO_RETRY,O016854,INV-0015992,702.05,no successful payment on this invoice
FAILED_PAYMENT_NO_RETRY,O016886,INV-0016023,1678.0,no successful payment on this invoice
FAILED_PAYMENT_NO_RETRY,O016913,INV-0016050,775.2,no successful payment on this invoice
FAILED_PAYMENT_NO_RETRY,O016929,INV-0016065,1160.1,no successful payment on this invoice
FAILED_PAYMENT_NO_RETRY,O016990,INV-0016122,4308.3,no successful payment on this invoice
FAILED_PAYMENT_NO_RETRY,O017006,INV-0016137,665.1,no successful payment on this invoice
FAILED_PAYMENT_NO_RETRY,O017020,INV-0016150,1985.1,no successful payment on this invoice
FAILED_PAYMENT_NO_RETRY,O017087,INV-0016216,7419.75,no successful payment on this invoice
FAILED_PAYMENT_NO_RETRY,O017095,INV-0016224,2447.15,no successful payment on this invoice
FAILED_PAYMENT_NO_RETRY,O017097,INV-0016226,585.65,no successful payment on this invoice
FAILED_PAYMENT_NO_RETRY,O017119,INV-0016248,7730.6,no successful payment on this invoice
FAILED_PAYMENT_NO_RETRY,O017168,INV-0016296,314.1,no successful payment on this invoice
FAILED_PAYMENT_NO_RETRY,O017202,INV-0016328,2539.55,no successful payment on this invoice
FAILED_PAYMENT_NO_RETRY,O017245,INV-0016369,1044.05,no successful payment on this invoice
FAILED_PAYMENT_NO_RETRY,O017356,INV-0016477,5228.75,no successful payment on this invoice
FAILED_PAYMENT_NO_RETRY,O017385,INV-0016504,1300.15,no successful payment on this invoice
FAILED_PAYMENT_NO_RETRY,O017445,INV-0016557,5477.15,no successful payment on this invoice
FAILED_PAYMENT_NO_RETRY,O017470,INV-0016580,529.0,no successful payment on this invoice
FAILED_PAYMENT_NO_RETRY,O017512,INV-0016620,4847.5,no successful payment on this invoice
FAILED_PAYMENT_NO_RETRY,O017562,INV-0016669,2375.1,no successful payment on this invoice
FAILED_PAYMENT_NO_RETRY,O017565,INV-0016672,1997.1,no successful payment on this invoice
FAILED_PAYMENT_NO_RETRY,O017614,INV-0016718,1231.65,no successful payment on this invoice
FAILED_PAYMENT_NO_RETRY,O017658,INV-0016761,1108.5,no successful payment on this invoice
FAILED_PAYMENT_NO_RETRY,O017662,INV-0016765,4814.2,no successful payment on this invoice
FAILED_PAYMENT_NO_RETRY,O017778,INV-0016876,616.55,no successful payment on this invoice
FAILED_PAYMENT_NO_RETRY,O017781,INV-0016879,3232.8,no successful payment on this invoice
FAILED_PAYMENT_NO_RETRY,O017789,INV-0016887,762.3,no successful payment on this invoice
FAILED_PAYMENT_NO_RETRY,O017795,INV-0016893,941.8,no successful payment on this invoice
FAILED_PAYMENT_NO_RETRY,O017829,INV-0016925,3210.5,no successful payment on this invoice
FAILED_PAYMENT_NO_RETRY,O017935,INV-0017028,2961.6,no successful payment on this invoice
FAILED_PAYMENT_NO_RETRY,O017987,INV-0017077,4409.7,no successful payment on this invoice
FAILED_PAYMENT_NO_RETRY,O018020,INV-0017109,3387.0,no successful payment on this invoice
FAILED_PAYMENT_NO_RETRY,O018069,INV-0017156,395.85,no successful payment on this invoice
FAILED_PAYMENT_NO_RETRY,O018142,INV-0017221,1106.1,no successful payment on this invoice
FAILED_PAYMENT_NO_RETRY,O018158,INV-0017237,512.1,no successful payment on this invoice
FAILED_PAYMENT_NO_RETRY,O018205,INV-0017282,473.85,no successful payment on this invoice
FAILED_PAYMENT_NO_RETRY,O018238,INV-0017312,1207.05,no successful payment on this invoice
FAILED_PAYMENT_NO_RETRY,O018281,INV-0017353,639.0,no successful payment on this invoice
FAILED_PAYMENT_NO_RETRY,O018284,INV-0017356,5004.8,no successful payment on this invoice
FAILED_PAYMENT_NO_RETRY,O018285,INV-0017357,331.55,no successful payment on this invoice
FAILED_PAYMENT_NO_RETRY,O018291,INV-0017363,1256.3,no successful payment on this invoice
FAILED_PAYMENT_NO_RETRY,O018320,INV-0017391,521.1,no successful payment on this invoice
FAILED_PAYMENT_NO_RETRY,O018332,INV-0017403,3639.55,no successful payment on this invoice
FAILED_PAYMENT_NO_RETRY,O018386,INV-0017454,1249.0,no successful payment on this invoice
FAILED_PAYMENT_NO_RETRY,O018406,INV-0017473,1676.35,no successful payment on this invoice
FAILED_PAYMENT_NO_RETRY,O018455,INV-0017519,1602.9,no successful payment on this invoice
FAILED_PAYMENT_NO_RETRY,O018561,INV-0017622,797.05,no successful payment on this invoice
FAILED_PAYMENT_NO_RETRY,O018648,INV-0017703,3238.3,no successful payment on this invoice
FAILED_PAYMENT_NO_RETRY,O018652,INV-0017706,1106.25,no successful payment on this invoice
FAILED_PAYMENT_NO_RETRY,O018666,INV-0017720,628.15,no successful payment on this invoice
FAILED_PAYMENT_NO_RETRY,O018768,INV-0017817,910.4,no successful payment on this invoice
FAILED_PAYMENT_NO_RETRY,O018802,INV-0017850,1056.3,no successful payment on this invoice
FAILED_PAYMENT_NO_RETRY,O018807,INV-0017855,628.2,no successful payment on this invoice
FAILED_PAYMENT_NO_RETRY,O018814,INV-0017862,620.1,no successful payment on this invoice
FAILED_PAYMENT_NO_RETRY,O018818,INV-0017866,2944.45,no successful payment on this invoice
FAILED_PAYMENT_NO_RETRY,O018846,INV-0017893,756.75,no successful payment on this invoice
FAILED_PAYMENT_NO_RETRY,O018876,INV-0017920,396.75,no successful payment on this invoice
FAILED_PAYMENT_NO_RETRY,O018906,INV-0017949,2241.75,no successful payment on this invoice
FAILED_PAYMENT_NO_RETRY,O018937,INV-0017979,647.1,no successful payment on this invoice
FAILED_PAYMENT_NO_RETRY,O018955,INV-0017997,1678.0,no successful payment on this invoice
FAILED_PAYMENT_NO_RETRY,O018959,INV-0018001,1385.1,no successful payment on this invoice
FAILED_PAYMENT_NO_RETRY,O018965,INV-0018006,2528.2,no successful payment on this invoice
FAILED_PAYMENT_NO_RETRY,O018967,INV-0018008,1034.1,no successful payment on this invoice
FAILED_PAYMENT_NO_RETRY,O018999,INV-0018035,3586.15,no successful payment on this invoice
FAILED_PAYMENT_NO_RETRY,O019017,INV-0018052,635.55,no successful payment on this invoice
FAILED_PAYMENT_NO_RETRY,O019027,INV-0018062,4205.9,no successful payment on this invoice
FAILED_PAYMENT_NO_RETRY,O019036,INV-0018071,261.75,no successful payment on this invoice
FAILED_PAYMENT_NO_RETRY,O019085,INV-0018119,1209.45,no successful payment on this invoice
FAILED_PAYMENT_NO_RETRY,O019090,INV-0018124,4095.75,no successful payment on this invoice
FAILED_PAYMENT_NO_RETRY,O019161,INV-0018190,529.0,no successful payment on this invoice
FAILED_PAYMENT_NO_RETRY,O019171,INV-0018200,1878.0,no successful payment on this invoice
FAILED_PAYMENT_NO_RETRY,O019181,INV-0018210,1502.4,no successful payment on this invoice
FAILED_PAYMENT_NO_RETRY,O019204,INV-0018231,349.0,no successful payment on this invoice
FAILED_PAYMENT_NO_RETRY,O019276,INV-0018298,1187.1,no successful payment on this invoice
FAILED_PAYMENT_NO_RETRY,O019279,INV-0018301,754.2,no successful payment on this invoice
FAILED_PAYMENT_NO_RETRY,O019295,INV-0018317,2860.3,no successful payment on this invoice
FAILED_PAYMENT_NO_RETRY,O019299,INV-0018321,396.75,no successful payment on this invoice
FAILED_PAYMENT_NO_RETRY,O019330,INV-0018350,755.1,no successful payment on this invoice
FAILED_PAYMENT_NO_RETRY,O019394,INV-0018411,1873.5,no successful payment on this invoice
FAILED_PAYMENT_NO_RETRY,O019424,INV-0018441,5050.4,no successful payment on this invoice
FAILED_PAYMENT_NO_RETRY,O019430,INV-0018445,1569.7,no successful payment on this invoice
FAILED_PAYMENT_NO_RETRY,O019471,INV-0018485,4371.2,no successful payment on this invoice
FAILED_PAYMENT_NO_RETRY,O019473,INV-0018487,1149.0,no successful payment on this invoice
FAILED_PAYMENT_NO_RETRY,O019504,INV-0018516,279.65,no successful payment on this invoice
FAILED_PAYMENT_NO_RETRY,O019536,INV-0018547,2056.15,no successful payment on this invoice
FAILED_PAYMENT_NO_RETRY,O019545,INV-0018554,1340.1,no successful payment on this invoice
FAILED_PAYMENT_NO_RETRY,O019548,INV-0018557,923.25,no successful payment on this invoice
FAILED_PAYMENT_NO_RETRY,O019556,INV-0018564,1079.25,no successful payment on this invoice
FAILED_PAYMENT_NO_RETRY,O019562,INV-0018569,1218.0,no successful payment on this invoice
FAILED_PAYMENT_NO_RETRY,O019564,INV-0018571,1014.3,no successful payment on this invoice
FAILED_PAYMENT_NO_RETRY,O019591,INV-0018596,2072.5,no successful payment on this invoice
FAILED_PAYMENT_NO_RETRY,O019628,INV-0018632,535.2,no successful payment on this invoice
FAILED_PAYMENT_NO_RETRY,O019674,INV-0018678,1494.4,no successful payment on this invoice
FAILED_PAYMENT_NO_RETRY,O019713,INV-0018713,2894.95,no successful payment on this invoice
FAILED_PAYMENT_NO_RETRY,O019726,INV-0018725,3677.75,no successful payment on this invoice
FAILED_PAYMENT_NO_RETRY,O019746,INV-0018744,3352.7,no successful payment on this invoice
FAILED_PAYMENT_NO_RETRY,O019747,INV-0018745,1495.2,no successful payment on this invoice
FAILED_PAYMENT_NO_RETRY,O019788,INV-0018784,2798.0,no successful payment on this invoice
FAILED_PAYMENT_NO_RETRY,O019809,INV-0018805,568.65,no successful payment on this invoice
FAILED_PAYMENT_NO_RETRY,O019859,INV-0018851,2321.1,no successful payment on this invoice
FAILED_PAYMENT_NO_RETRY,O019885,INV-0018876,548.1,no successful payment on this invoice
FAILED_PAYMENT_NO_RETRY,O019896,INV-0018887,540.55,no successful payment on this invoice
FAILED_PAYMENT_NO_RETRY,O019905,INV-0018895,1399.0,no successful payment on this invoice
FAILED_PAYMENT_NO_RETRY,O019914,INV-0018904,305.15,no successful payment on this invoice
FAILED_PAYMENT_NO_RETRY,O019948,INV-0018934,2907.0,no successful payment on this invoice
FAILED_PAYMENT_NO_RETRY,O019964,INV-0018949,1238.85,no successful payment on this invoice
FAILED_PAYMENT_NO_RETRY,O019970,INV-0018955,2274.3,no successful payment on this invoice
FAILED_PAYMENT_NO_RETRY,O019977,INV-0018962,3065.05,no successful payment on this invoice
FAILED_PAYMENT_NO_RETRY,O019995,INV-0018979,890.1,no successful payment on this invoice
FAILED_PAYMENT_NO_RETRY,O020057,INV-0019037,6119.1,no successful payment on this invoice
FAILED_PAYMENT_NO_RETRY,O020095,INV-0019072,1336.3,no successful payment on this invoice
FAILED_PAYMENT_NO_RETRY,O020111,INV-0019088,579.0,no successful payment on this invoice
FAILED_PAYMENT_NO_RETRY,O020182,INV-0019152,1485.75,no successful payment on this invoice
FAILED_PAYMENT_NO_RETRY,O020193,INV-0019162,654.4,no successful payment on this invoice
FAILED_PAYMENT_NO_RETRY,O020231,INV-0019196,4271.9,no successful payment on this invoice
FAILED_PAYMENT_NO_RETRY,O020248,INV-0019212,495.2,no successful payment on this invoice
FAILED_PAYMENT_NO_RETRY,O020319,INV-0019279,1617.25,no successful payment on this invoice
FAILED_PAYMENT_NO_RETRY,O020335,INV-0019295,1094.25,no successful payment on this invoice
FAILED_PAYMENT_NO_RETRY,O020385,INV-0019343,934.15,no successful payment on this invoice
FAILED_PAYMENT_NO_RETRY,O020390,INV-0019348,4898.9,no successful payment on this invoice
FAILED_PAYMENT_NO_RETRY,O020570,INV-0019519,4381.15,no successful payment on this invoice
FAILED_PAYMENT_NO_RETRY,O020571,INV-0019520,1010.65,no successful payment on this invoice
FAILED_PAYMENT_NO_RETRY,O020671,INV-0019614,2665.9,no successful payment on this invoice
FAILED_PAYMENT_NO_RETRY,O020707,INV-0019649,6434.5,no successful payment on this invoice
FAILED_PAYMENT_NO_RETRY,O020709,INV-0019651,591.2,no successful payment on this invoice
FAILED_PAYMENT_NO_RETRY,O020798,INV-0019739,2881.5,no successful payment on this invoice
FAILED_PAYMENT_NO_RETRY,O020840,INV-0019778,838.4,no successful payment on this invoice
FAILED_PAYMENT_NO_RETRY,O020881,INV-0019818,2274.3,no successful payment on this invoice
FAILED_PAYMENT_NO_RETRY,O020886,INV-0019821,751.2,no successful payment on this invoice
FAILED_PAYMENT_NO_RETRY,O020948,INV-0019881,1388.3,no successful payment on this invoice
FAILED_PAYMENT_NO_RETRY,O020953,INV-0019886,2056.15,no successful payment on this invoice
FAILED_PAYMENT_NO_RETRY,O020964,INV-0019897,4057.85,no successful payment on this invoice
FAILED_PAYMENT_NO_RETRY,O020974,INV-0019902,1010.65,no successful payment on this invoice
FAILED_PAYMENT_NO_RETRY,O020990,INV-0019917,611.1,no successful payment on this invoice
FAILED_PAYMENT_NO_RETRY,O021025,INV-0019948,669.0,no successful payment on this invoice
FAILED_PAYMENT_NO_RETRY,O021060,INV-0019981,1656.85,no successful payment on this invoice
FAILED_PAYMENT_NO_RETRY,O021098,INV-0020016,3741.1,no successful payment on this invoice
FAILED_PAYMENT_NO_RETRY,O021099,INV-0020017,1805.3,no successful payment on this invoice
FAILED_PAYMENT_NO_RETRY,O021152,INV-0020068,930.05,no successful payment on this invoice
FAILED_PAYMENT_NO_RETRY,O021228,INV-0020138,2518.0,no successful payment on this invoice
FAILED_PAYMENT_NO_RETRY,O021267,INV-0020175,1189.0,no successful payment on this invoice
FAILED_PAYMENT_NO_RETRY,O021304,INV-0020209,611.1,no successful payment on this invoice
FAILED_PAYMENT_NO_RETRY,O021337,INV-0020240,554.25,no successful payment on this invoice
FAILED_PAYMENT_NO_RETRY,O021496,INV-0020393,591.2,no successful payment on this invoice
FAILED_PAYMENT_NO_RETRY,O021515,INV-0020410,875.95,no successful payment on this invoice
FAILED_PAYMENT_NO_RETRY,O021553,INV-0020447,2274.3,no successful payment on this invoice
FAILED_PAYMENT_NO_RETRY,O021567,INV-0020461,1099.0,no successful payment on this invoice
FAILED_PAYMENT_NO_RETRY,O021569,INV-0020463,3062.4,no successful payment on this invoice
FAILED_PAYMENT_NO_RETRY,O021613,INV-0020504,1748.4,no successful payment on this invoice
FAILED_PAYMENT_NO_RETRY,O021618,INV-0020509,367.2,no successful payment on this invoice
FAILED_PAYMENT_NO_RETRY,O021655,INV-0020545,1227.0,no successful payment on this invoice
FAILED_PAYMENT_NO_RETRY,O021663,INV-0020553,423.2,no successful payment on this invoice
FAILED_PAYMENT_NO_RETRY,O021682,INV-0020572,502.55,no successful payment on this invoice
FAILED_PAYMENT_NO_RETRY,O021690,INV-0020580,857.65,no successful payment on this invoice
FAILED_PAYMENT_NO_RETRY,O021695,INV-0020584,4301.6,no successful payment on this invoice
FAILED_PAYMENT_NO_RETRY,O021737,INV-0020624,6909.6,no successful payment on this invoice
FAILED_PAYMENT_NO_RETRY,O021777,INV-0020663,2772.1,no successful payment on this invoice
FAILED_PAYMENT_NO_RETRY,O021778,INV-0020664,2838.05,no successful payment on this invoice
FAILED_PAYMENT_NO_RETRY,O021788,INV-0020674,1941.0,no successful payment on this invoice
FAILED_PAYMENT_NO_RETRY,O021807,INV-0020692,2463.3,no successful payment on this invoice
FAILED_PAYMENT_NO_RETRY,O021819,INV-0020703,1206.15,no successful payment on this invoice
FAILED_PAYMENT_NO_RETRY,O021853,INV-0020736,1016.1,no successful payment on this invoice
FAILED_PAYMENT_NO_RETRY,O021965,INV-0020840,1784.3,no successful payment on this invoice
FAILED_PAYMENT_NO_RETRY,O021979,INV-0020854,921.75,no successful payment on this invoice
FAILED_PAYMENT_NO_RETRY,O021986,INV-0020861,1488.65,no successful payment on this invoice
FAILED_PAYMENT_NO_RETRY,O022042,INV-0020916,4965.75,no successful payment on this invoice
FAILED_PAYMENT_NO_RETRY,O022043,INV-0020917,591.2,no successful payment on this invoice
FAILED_PAYMENT_NO_RETRY,O022079,INV-0020953,1676.35,no successful payment on this invoice
FAILED_PAYMENT_NO_RETRY,O022098,INV-0020971,396.75,no successful payment on this invoice
FAILED_PAYMENT_NO_RETRY,O022129,INV-0020999,702.05,no successful payment on this invoice
FAILED_PAYMENT_NO_RETRY,O022179,INV-0021049,653.65,no successful payment on this invoice
FAILED_PAYMENT_NO_RETRY,O022190,INV-0021060,2378.0,no successful payment on this invoice
FAILED_PAYMENT_NO_RETRY,O022197,INV-0021066,2092.3,no successful payment on this invoice
FAILED_PAYMENT_NO_RETRY,O022211,INV-0021079,4146.35,no successful payment on this invoice
FAILED_PAYMENT_NO_RETRY,O022255,INV-0021120,3792.35,no successful payment on this invoice
FAILED_PAYMENT_NO_RETRY,O022300,INV-0021162,890.1,no successful payment on this invoice
FAILED_PAYMENT_NO_RETRY,O022348,INV-0021208,1070.1,no successful payment on this invoice
FAILED_PAYMENT_NO_RETRY,O022439,INV-0021295,327.2,no successful payment on this invoice
FAILED_PAYMENT_NO_RETRY,O022512,INV-0021364,2319.5,no successful payment on this invoice
FAILED_PAYMENT_NO_RETRY,O022518,INV-0021370,1697.35,no successful payment on this invoice
FAILED_PAYMENT_NO_RETRY,O022537,INV-0021389,665.1,no successful payment on this invoice
FAILED_PAYMENT_NO_RETRY,O022562,INV-0021411,1902.3,no successful payment on this invoice
FAILED_PAYMENT_NO_RETRY,O022564,INV-0021413,3500.85,no successful payment on this invoice
FAILED_PAYMENT_NO_RETRY,O022569,INV-0021418,1623.55,no successful payment on this invoice
FAILED_PAYMENT_NO_RETRY,O022580,INV-0021428,548.1,no successful payment on this invoice
FAILED_PAYMENT_NO_RETRY,O022583,INV-0021431,8281.45,no successful payment on this invoice
FAILED_PAYMENT_NO_RETRY,O022588,INV-0021435,1386.75,no successful payment on this invoice
FAILED_PAYMENT_NO_RETRY,O022629,INV-0021472,1767.35,no successful payment on this invoice
FAILED_PAYMENT_NO_RETRY,O022640,INV-0021481,713.15,no successful payment on this invoice
FAILED_PAYMENT_NO_RETRY,O022698,INV-0021535,839.25,no successful payment on this invoice
FAILED_PAYMENT_NO_RETRY,O022746,INV-0021580,920.55,no successful payment on this invoice
FAILED_PAYMENT_NO_RETRY,O022776,INV-0021608,3868.5,no successful payment on this invoice
FAILED_PAYMENT_NO_RETRY,O022799,INV-0021629,879.2,no successful payment on this invoice
FAILED_PAYMENT_NO_RETRY,O022805,INV-0021635,3942.3,no successful payment on this invoice
FAILED_PAYMENT_NO_RETRY,O022832,INV-0021660,853.35,no successful payment on this invoice
FAILED_PAYMENT_NO_RETRY,O022848,INV-0021676,314.1,no successful payment on this invoice
FAILED_PAYMENT_NO_RETRY,O022858,INV-0021685,259.0,no successful payment on this invoice
FAILED_PAYMENT_NO_RETRY,O022873,INV-0021699,540.55,no successful payment on this invoice
FAILED_PAYMENT_NO_RETRY,O022938,INV-0021760,3436.2,no successful payment on this invoice
FAILED_PAYMENT_NO_RETRY,O022957,INV-0021778,1179.0,no successful payment on this invoice
FAILED_PAYMENT_NO_RETRY,O022960,INV-0021781,891.75,no successful payment on this invoice
FAILED_PAYMENT_NO_RETRY,O022973,INV-0021793,1536.3,no successful payment on this invoice
FAILED_PAYMENT_NO_RETRY,O022997,INV-0021817,1259.1,no successful payment on this invoice
FAILED_PAYMENT_NO_RETRY,O023057,INV-0021875,1104.3,no successful payment on this invoice
FAILED_PAYMENT_NO_RETRY,O023064,INV-0021882,2797.35,no successful payment on this invoice
FAILED_PAYMENT_NO_RETRY,O023077,INV-0021894,2230.2,no successful payment on this invoice
FAILED_PAYMENT_NO_RETRY,O023081,INV-0021898,1439.0,no successful payment on this invoice
FAILED_PAYMENT_NO_RETRY,O023090,INV-0021907,1330.9,no successful payment on this invoice
FAILED_PAYMENT_NO_RETRY,O023134,INV-0021949,951.2,no successful payment on this invoice
FAILED_PAYMENT_NO_RETRY,O023183,INV-0021997,959.65,no successful payment on this invoice
FAILED_PAYMENT_NO_RETRY,O023202,INV-0022016,1502.4,no successful payment on this invoice
FAILED_PAYMENT_NO_RETRY,O023231,INV-0022045,1215.05,no successful payment on this invoice
FAILED_PAYMENT_NO_RETRY,O023268,INV-0022080,1777.4,no successful payment on this invoice
FAILED_PAYMENT_NO_RETRY,O023334,INV-0022139,4155.9,no successful payment on this invoice
FAILED_PAYMENT_NO_RETRY,O023374,INV-0022177,414.4,no successful payment on this invoice
FAILED_PAYMENT_NO_RETRY,O023406,INV-0022209,4433.9,no successful payment on this invoice
FAILED_PAYMENT_NO_RETRY,O023422,INV-0022222,5344.5,no successful payment on this invoice
FAILED_PAYMENT_NO_RETRY,O023486,INV-0022281,1449.0,no successful payment on this invoice
FAILED_PAYMENT_NO_RETRY,O023496,INV-0022290,503.3,no successful payment on this invoice
FAILED_PAYMENT_NO_RETRY,O023512,INV-0022306,974.2,no successful payment on this invoice
FAILED_PAYMENT_NO_RETRY,O023517,INV-0022311,2507.25,no successful payment on this invoice
FAILED_PAYMENT_NO_RETRY,O023527,INV-0022321,3256.6,no successful payment on this invoice
FAILED_PAYMENT_NO_RETRY,O023575,INV-0022364,3828.2,no successful payment on this invoice
FAILED_PAYMENT_NO_RETRY,O023580,INV-0022369,2663.1,no successful payment on this invoice
FAILED_PAYMENT_NO_RETRY,O023656,INV-0022441,762.1,no successful payment on this invoice
FAILED_PAYMENT_NO_RETRY,O023664,INV-0022449,689.45,no successful payment on this invoice
FAILED_PAYMENT_NO_RETRY,O023666,INV-0022450,3771.75,no successful payment on this invoice
FAILED_PAYMENT_NO_RETRY,O023701,INV-0022483,1701.4,no successful payment on this invoice
FAILED_PAYMENT_NO_RETRY,O023705,INV-0022486,2377.15,no successful payment on this invoice
FAILED_PAYMENT_NO_RETRY,O023715,INV-0022494,2304.4,no successful payment on this invoice
FAILED_PAYMENT_NO_RETRY,O023728,INV-0022506,2809.5,no successful payment on this invoice
FAILED_PAYMENT_NO_RETRY,O023763,INV-0022540,5028.6,no successful payment on this invoice
FAILED_PAYMENT_NO_RETRY,O023804,INV-0022581,516.75,no successful payment on this invoice
FAILED_PAYMENT_NO_RETRY,O023809,INV-0022586,2243.15,no successful payment on this invoice
FAILED_PAYMENT_NO_RETRY,O023866,INV-0022641,1386.85,no successful payment on this invoice
FAILED_PAYMENT_NO_RETRY,O023881,INV-0022655,1923.5,no successful payment on this invoice
FAILED_PAYMENT_NO_RETRY,O023896,INV-0022669,654.55,no successful payment on this invoice
FAILED_PAYMENT_NO_RETRY,O023960,INV-0022731,976.65,no successful payment on this invoice
FAILED_PAYMENT_NO_RETRY,O024024,INV-0022790,835.05,no successful payment on this invoice
FAILED_PAYMENT_NO_RETRY,O024097,INV-0022858,989.1,no successful payment on this invoice
FAILED_PAYMENT_NO_RETRY,O024126,INV-0022886,7744.15,no successful payment on this invoice
FAILED_PAYMENT_NO_RETRY,O024144,INV-0022903,414.4,no successful payment on this invoice
FAILED_PAYMENT_NO_RETRY,O024156,INV-0022915,1376.55,no successful payment on this invoice
FAILED_PAYMENT_NO_RETRY,O024157,INV-0022916,2192.15,no successful payment on this invoice
FAILED_PAYMENT_NO_RETRY,O024158,INV-0022917,1515.5,no successful payment on this invoice
FAILED_PAYMENT_NO_RETRY,O024176,INV-0022934,494.25,no successful payment on this invoice
FAILED_PAYMENT_NO_RETRY,O024235,INV-0022989,1476.75,no successful payment on this invoice
FAILED_PAYMENT_NO_RETRY,O024250,INV-0023002,288.15,no successful payment on this invoice
FAILED_PAYMENT_NO_RETRY,O024251,INV-0023003,588.05,no successful payment on this invoice
FAILED_PAYMENT_NO_RETRY,O024281,INV-0023030,1197.2,no successful payment on this invoice
FAILED_PAYMENT_NO_RETRY,O024296,INV-0023045,7914.65,no successful payment on this invoice
FAILED_PAYMENT_NO_RETRY,O024304,INV-0023053,699.3,no successful payment on this invoice
FAILED_PAYMENT_NO_RETRY,O024346,INV-0023093,1427.3,no successful payment on this invoice
FAILED_PAYMENT_NO_RETRY,O024352,INV-0023098,1878.0,no successful payment on this invoice
FAILED_PAYMENT_NO_RETRY,O024380,INV-0023126,516.75,no successful payment on this invoice
FAILED_PAYMENT_NO_RETRY,O024402,INV-0023147,502.55,no successful payment on this invoice
FAILED_PAYMENT_NO_RETRY,O024414,INV-0023159,602.1,no successful payment on this invoice
FAILED_PAYMENT_NO_RETRY,O024420,INV-0023165,1189.0,no successful payment on this invoice
FAILED_PAYMENT_NO_RETRY,O024506,INV-0023247,1187.1,no successful payment on this invoice
FAILED_PAYMENT_NO_RETRY,O024538,INV-0023276,739.0,no successful payment on this invoice
FAILED_PAYMENT_NO_RETRY,O024600,INV-0023336,2045.15,no successful payment on this invoice
FAILED_PAYMENT_NO_RETRY,O024606,INV-0023342,349.0,no successful payment on this invoice
FAILED_PAYMENT_NO_RETRY,O024610,INV-0023345,3352.7,no successful payment on this invoice
FAILED_PAYMENT_NO_RETRY,O024624,INV-0023358,1886.4,no successful payment on this invoice
FAILED_PAYMENT_NO_RETRY,O024654,INV-0023386,1538.05,no successful payment on this invoice
FAILED_PAYMENT_NO_RETRY,O024713,INV-0023442,1870.55,no successful payment on this invoice
FAILED_PAYMENT_NO_RETRY,O024725,INV-0023454,2489.35,no successful payment on this invoice
FAILED_PAYMENT_NO_RETRY,O024747,INV-0023473,3685.3,no successful payment on this invoice
FAILED_PAYMENT_NO_RETRY,O024769,INV-0023494,879.2,no successful payment on this invoice
FAILED_PAYMENT_NO_RETRY,O024776,INV-0023501,6484.05,no successful payment on this invoice
FAILED_PAYMENT_NO_RETRY,O024810,INV-0023533,246.05,no successful payment on this invoice
FAILED_PAYMENT_NO_RETRY,O024931,INV-0023647,1133.1,no successful payment on this invoice
FAILED_PAYMENT_NO_RETRY,O024942,INV-0023658,1919.15,no successful payment on this invoice
FAILED_PAYMENT_NO_RETRY,O024947,INV-0023663,220.15,no successful payment on this invoice
FAILED_PAYMENT_NO_RETRY,O025006,INV-0023720,7675.3,no successful payment on this invoice
FAILED_PAYMENT_NO_RETRY,O025115,INV-0023824,551.65,no successful payment on this invoice
FAILED_PAYMENT_NO_RETRY,O025192,INV-0023898,934.15,no successful payment on this invoice
FAILED_PAYMENT_NO_RETRY,O025193,INV-0023899,6487.05,no successful payment on this invoice
FAILED_PAYMENT_NO_RETRY,O025261,INV-0023963,2833.65,no successful payment on this invoice
FAILED_PAYMENT_NO_RETRY,O025345,INV-0024040,689.0,no successful payment on this invoice
FAILED_PAYMENT_NO_RETRY,O025441,INV-0024128,2507.05,no successful payment on this invoice
FAILED_PAYMENT_NO_RETRY,O025449,INV-0024136,364.65,no successful payment on this invoice
FAILED_PAYMENT_NO_RETRY,O025460,INV-0024147,4010.3,no successful payment on this invoice
FAILED_PAYMENT_NO_RETRY,O025467,INV-0024154,3685.75,no successful payment on this invoice
FAILED_PAYMENT_NO_RETRY,O025478,INV-0024164,2041.05,no successful payment on this invoice
FAILED_PAYMENT_NO_RETRY,O025484,INV-0024170,1678.5,no successful payment on this invoice
FAILED_PAYMENT_NO_RETRY,O025486,INV-0024172,3994.2,no successful payment on this invoice
FAILED_PAYMENT_NO_RETRY,O025487,INV-0024173,1231.65,no successful payment on this invoice
FAILED_PAYMENT_NO_RETRY,O025518,INV-0024204,575.2,no successful payment on this invoice
FAILED_PAYMENT_NO_RETRY,O025580,INV-0024263,1575.2,no successful payment on this invoice
FAILED_PAYMENT_NO_RETRY,O025632,INV-0024315,3175.95,no successful payment on this invoice
FAILED_PAYMENT_NO_RETRY,O025652,INV-0024334,1007.2,no successful payment on this invoice
FAILED_PAYMENT_NO_RETRY,O025657,INV-0024339,1488.25,no successful payment on this invoice
FAILED_PAYMENT_NO_RETRY,O025660,INV-0024342,503.3,no successful payment on this invoice
FAILED_PAYMENT_NO_RETRY,O025681,INV-0024363,935.35,no successful payment on this invoice
FAILED_PAYMENT_NO_RETRY,O025686,INV-0024368,1386.05,no successful payment on this invoice
FAILED_PAYMENT_NO_RETRY,O025767,INV-0024443,2815.95,no successful payment on this invoice
FAILED_PAYMENT_NO_RETRY,O025778,INV-0024453,3150.4,no successful payment on this invoice
FAILED_PAYMENT_NO_RETRY,O025779,INV-0024454,398.05,no successful payment on this invoice
FAILED_PAYMENT_NO_RETRY,O025789,INV-0024464,4593.7,no successful payment on this invoice
FAILED_PAYMENT_NO_RETRY,O025799,INV-0024474,2619.15,no successful payment on this invoice
FAILED_PAYMENT_NO_RETRY,O025826,INV-0024498,692.3,no successful payment on this invoice
FAILED_PAYMENT_NO_RETRY,O025830,INV-0024502,3886.25,no successful payment on this invoice
FAILED_PAYMENT_NO_RETRY,O025835,INV-0024507,2323.05,no successful payment on this invoice
FAILED_PAYMENT_NO_RETRY,O025862,INV-0024533,702.05,no successful payment on this invoice
FAILED_PAYMENT_NO_RETRY,O025880,INV-0024550,1121.15,no successful payment on this invoice
FAILED_PAYMENT_NO_RETRY,O025916,INV-0024585,7128.05,no successful payment on this invoice
FAILED_PAYMENT_NO_RETRY,O025928,INV-0024596,2063.2,no successful payment on this invoice
FAILED_PAYMENT_NO_RETRY,O025956,INV-0024623,551.2,no successful payment on this invoice
FAILED_PAYMENT_NO_RETRY,O025995,INV-0024661,1940.05,no successful payment on this invoice
FAILED_PAYMENT_NO_RETRY,O026033,INV-0024695,2558.0,no successful payment on this invoice
FAILED_PAYMENT_NO_RETRY,O026058,INV-0024717,1304.1,no successful payment on this invoice
FAILED_PAYMENT_NO_RETRY,O026073,INV-0024732,692.3,no successful payment on this invoice
FAILED_PAYMENT_NO_RETRY,O026093,INV-0024751,1007.1,no successful payment on this invoice
FAILED_PAYMENT_NO_RETRY,O026140,INV-0024797,990.4,no successful payment on this invoice
FAILED_PAYMENT_NO_RETRY,O026156,INV-0024812,593.1,no successful payment on this invoice
FAILED_PAYMENT_NO_RETRY,O026242,INV-0024891,611.15,no successful payment on this invoice
FAILED_PAYMENT_NO_RETRY,O026259,INV-0024906,668.85,no successful payment on this invoice
FAILED_PAYMENT_NO_RETRY,O026331,INV-0024973,2049.15,no successful payment on this invoice
FAILED_PAYMENT_NO_RETRY,O026336,INV-0024978,1695.05,no successful payment on this invoice
FAILED_PAYMENT_NO_RETRY,O026401,INV-0025040,1906.1,no successful payment on this invoice
FAILED_PAYMENT_NO_RETRY,O026410,INV-0025048,1016.1,no successful payment on this invoice
FAILED_PAYMENT_NO_RETRY,O026420,INV-0025058,1463.2,no successful payment on this invoice
FAILED_PAYMENT_NO_RETRY,O026448,INV-0025086,482.3,no successful payment on this invoice
FAILED_PAYMENT_NO_RETRY,O026461,INV-0025099,350.4,no successful payment on this invoice
FAILED_PAYMENT_NO_RETRY,O026553,INV-0025187,373.15,no successful payment on this invoice
FAILED_PAYMENT_NO_RETRY,O026574,INV-0025206,4507.0,no successful payment on this invoice
FAILED_PAYMENT_NO_RETRY,O026740,INV-0025362,2772.1,no successful payment on this invoice
FAILED_PAYMENT_NO_RETRY,O026745,INV-0025367,4112.3,no successful payment on this invoice
FAILED_PAYMENT_NO_RETRY,O026774,INV-0025396,550.05,no successful payment on this invoice
FAILED_PAYMENT_NO_RETRY,O026829,INV-0025448,2831.15,no successful payment on this invoice
FAILED_PAYMENT_NO_RETRY,O026835,INV-0025454,919.2,no successful payment on this invoice
FAILED_PAYMENT_NO_RETRY,O026997,INV-0025608,3871.1,no successful payment on this invoice
FAILED_PAYMENT_NO_RETRY,O027012,INV-0025622,719.0,no successful payment on this invoice
FAILED_PAYMENT_NO_RETRY,O027029,INV-0025638,3852.3,no successful payment on this invoice
FAILED_PAYMENT_NO_RETRY,O027073,INV-0025679,2132.2,no successful payment on this invoice
FAILED_PAYMENT_NO_RETRY,O027084,INV-0025689,2216.2,no successful payment on this invoice
FAILED_PAYMENT_NO_RETRY,O027115,INV-0025717,665.1,no successful payment on this invoice
FAILED_PAYMENT_NO_RETRY,O027122,INV-0025723,920.55,no successful payment on this invoice
FAILED_PAYMENT_NO_RETRY,O027196,INV-0025787,669.0,no successful payment on this invoice
FAILED_PAYMENT_NO_RETRY,O027257,INV-0025847,939.0,no successful payment on this invoice
FAILED_PAYMENT_NO_RETRY,O027262,INV-0025852,990.2,no successful payment on this invoice
FAILED_PAYMENT_NO_RETRY,O027313,INV-0025898,2511.3,no successful payment on this invoice
FAILED_PAYMENT_NO_RETRY,O027376,INV-0025957,1187.1,no successful payment on this invoice
FAILED_PAYMENT_NO_RETRY,O027418,INV-0025995,764.1,no successful payment on this invoice
FAILED_PAYMENT_NO_RETRY,O027437,INV-0026013,469.0,no successful payment on this invoice
FAILED_PAYMENT_NO_RETRY,O027455,INV-0026030,1157.15,no successful payment on this invoice
FAILED_PAYMENT_NO_RETRY,O027483,INV-0026058,259.0,no successful payment on this invoice
FAILED_PAYMENT_NO_RETRY,O027525,INV-0026097,920.55,no successful payment on this invoice
FAILED_PAYMENT_NO_RETRY,O027586,INV-0026154,2751.4,no successful payment on this invoice
FAILED_PAYMENT_NO_RETRY,O027601,INV-0026167,2583.05,no successful payment on this invoice
FAILED_PAYMENT_NO_RETRY,O027620,INV-0026186,1367.2,no successful payment on this invoice
FAILED_PAYMENT_NO_RETRY,O027623,INV-0026189,1356.75,no successful payment on this invoice
FAILED_PAYMENT_NO_RETRY,O027628,INV-0026194,4068.2,no successful payment on this invoice
FAILED_PAYMENT_NO_RETRY,O027663,INV-0026228,665.1,no successful payment on this invoice
FAILED_PAYMENT_NO_RETRY,O027710,INV-0026270,849.0,no successful payment on this invoice
FAILED_PAYMENT_NO_RETRY,O027724,INV-0026283,3072.65,no successful payment on this invoice
FAILED_PAYMENT_NO_RETRY,O027775,INV-0026333,3086.55,no successful payment on this invoice
FAILED_PAYMENT_NO_RETRY,O027790,INV-0026348,2176.65,no successful payment on this invoice
FAILED_PAYMENT_NO_RETRY,O027800,INV-0026357,1673.65,no successful payment on this invoice
FAILED_PAYMENT_NO_RETRY,O027801,INV-0026358,1304.1,no successful payment on this invoice
FAILED_PAYMENT_NO_RETRY,O027809,INV-0026366,1298.0,no successful payment on this invoice
FAILED_PAYMENT_NO_RETRY,O027834,INV-0026390,3504.75,no successful payment on this invoice
FAILED_PAYMENT_NO_RETRY,O027841,INV-0026397,1837.15,no successful payment on this invoice
FAILED_PAYMENT_NO_RETRY,O027922,INV-0026473,4760.45,no successful payment on this invoice
FAILED_PAYMENT_NO_RETRY,O027927,INV-0026478,2868.3,no successful payment on this invoice
FAILED_PAYMENT_NO_RETRY,O028007,INV-0026556,5601.55,no successful payment on this invoice
FAILED_PAYMENT_NO_RETRY,O028015,INV-0026564,2636.1,no successful payment on this invoice
FAILED_PAYMENT_NO_RETRY,O028018,INV-0026567,799.0,no successful payment on this invoice
FAILED_PAYMENT_NO_RETRY,O028022,INV-0026570,550.05,no successful payment on this invoice
FAILED_PAYMENT_NO_RETRY,O028030,INV-0026578,1587.0,no successful payment on this invoice
FAILED_PAYMENT_NO_RETRY,O028035,INV-0026583,1469.0,no successful payment on this invoice
FAILED_PAYMENT_NO_RETRY,O028059,INV-0026607,2063.2,no successful payment on this invoice
FAILED_PAYMENT_NO_RETRY,O028060,INV-0026608,3375.15,no successful payment on this invoice
FAILED_PAYMENT_NO_RETRY,O028074,INV-0026620,3402.2,no successful payment on this invoice
FAILED_PAYMENT_NO_RETRY,O028081,INV-0026627,2579.0,no successful payment on this invoice
FAILED_PAYMENT_NO_RETRY,O028086,INV-0026632,321.75,no successful payment on this invoice
FAILED_PAYMENT_NO_RETRY,O028127,INV-0026670,1969.0,no successful payment on this invoice
FAILED_PAYMENT_NO_RETRY,O028136,INV-0026679,1830.2,no successful payment on this invoice
FAILED_PAYMENT_NO_RETRY,O028173,INV-0026715,502.55,no successful payment on this invoice
FAILED_PAYMENT_NO_RETRY,O028206,INV-0026747,339.0,no successful payment on this invoice
FAILED_PAYMENT_NO_RETRY,O028211,INV-0026752,1966.4,no successful payment on this invoice
FAILED_PAYMENT_NO_RETRY,O028360,INV-0026894,1165.65,no successful payment on this invoice
FAILED_PAYMENT_NO_RETRY,O028379,INV-0026913,1253.05,no successful payment on this invoice
FAILED_PAYMENT_NO_RETRY,O028465,INV-0026995,1074.1,no successful payment on this invoice
FAILED_PAYMENT_NO_RETRY,O028491,INV-0027019,1005.1,no successful payment on this invoice
FAILED_PAYMENT_NO_RETRY,O028498,INV-0027026,669.0,no successful payment on this invoice
FAILED_PAYMENT_NO_RETRY,O028511,INV-0027038,1850.6,no successful payment on this invoice
FAILED_PAYMENT_NO_RETRY,O028515,INV-0027042,2506.1,no successful payment on this invoice
FAILED_PAYMENT_NO_RETRY,O028516,INV-0027043,719.0,no successful payment on this invoice
FAILED_PAYMENT_NO_RETRY,O028622,INV-0027143,2447.15,no successful payment on this invoice
FAILED_PAYMENT_NO_RETRY,O028680,INV-0027197,840.65,no successful payment on this invoice
FAILED_PAYMENT_NO_RETRY,O028683,INV-0027199,502.55,no successful payment on this invoice
FAILED_PAYMENT_NO_RETRY,O028741,INV-0027254,3082.1,no successful payment on this invoice
FAILED_PAYMENT_NO_RETRY,O028769,INV-0027282,2529.1,no successful payment on this invoice
FAILED_PAYMENT_NO_RETRY,O028793,INV-0027305,878.65,no successful payment on this invoice
FAILED_PAYMENT_NO_RETRY,O028833,INV-0027344,569.0,no successful payment on this invoice
FAILED_PAYMENT_NO_RETRY,O028861,INV-0027371,719.0,no successful payment on this invoice
FAILED_PAYMENT_NO_RETRY,O028912,INV-0027422,1934.25,no successful payment on this invoice
FAILED_PAYMENT_NO_RETRY,O029014,INV-0027517,445.55,no successful payment on this invoice
FAILED_PAYMENT_NO_RETRY,O029067,INV-0027568,1100.1,no successful payment on this invoice
FAILED_PAYMENT_NO_RETRY,O029158,INV-0027653,929.0,no successful payment on this invoice
FAILED_PAYMENT_NO_RETRY,O029160,INV-0027655,2898.0,no successful payment on this invoice
FAILED_PAYMENT_NO_RETRY,O029161,INV-0027656,1718.55,no successful payment on this invoice
FAILED_PAYMENT_NO_RETRY,O029201,INV-0027693,3601.25,no successful payment on this invoice
FAILED_PAYMENT_NO_RETRY,O029250,INV-0027741,4093.45,no successful payment on this invoice
FAILED_PAYMENT_NO_RETRY,O029295,INV-0027783,2694.25,no successful payment on this invoice
FAILED_PAYMENT_NO_RETRY,O029302,INV-0027790,683.05,no successful payment on this invoice
FAILED_PAYMENT_NO_RETRY,O029304,INV-0027792,5270.3,no successful payment on this invoice
FAILED_PAYMENT_NO_RETRY,O029324,INV-0027811,569.0,no successful payment on this invoice
FAILED_PAYMENT_NO_RETRY,O029330,INV-0027817,4696.2,no successful payment on this invoice
FAILED_PAYMENT_NO_RETRY,O029332,INV-0027819,839.0,no successful payment on this invoice
FAILED_PAYMENT_NO_RETRY,O029388,INV-0027871,288.15,no successful payment on this invoice
FAILED_PAYMENT_NO_RETRY,O029391,INV-0027874,2335.1,no successful payment on this invoice
FAILED_PAYMENT_NO_RETRY,O029412,INV-0027895,839.25,no successful payment on this invoice
FAILED_PAYMENT_NO_RETRY,O029509,INV-0027987,493.5,no successful payment on this invoice
FAILED_PAYMENT_NO_RETRY,O029610,INV-0028082,3454.25,no successful payment on this invoice
FAILED_PAYMENT_NO_RETRY,O029616,INV-0028088,739.0,no successful payment on this invoice
FAILED_PAYMENT_NO_RETRY,O029711,INV-0028177,1186.55,no successful payment on this invoice
FAILED_PAYMENT_NO_RETRY,O029770,INV-0028232,1196.05,no successful payment on this invoice
FAILED_PAYMENT_NO_RETRY,O029782,INV-0028242,1058.0,no successful payment on this invoice
FAILED_PAYMENT_NO_RETRY,O029785,INV-0028245,958.55,no successful payment on this invoice
FAILED_PAYMENT_NO_RETRY,O029898,INV-0028346,709.0,no successful payment on this invoice
FAILED_PAYMENT_NO_RETRY,O029900,INV-0028348,1395.55,no successful payment on this invoice
FAILED_PAYMENT_NO_RETRY,O029949,INV-0028394,1438.0,no successful payment on this invoice
FAILED_PAYMENT_NO_RETRY,O029981,INV-0028423,879.0,no successful payment on this invoice
FAILED_PAYMENT_NO_RETRY,O030037,INV-0028476,1469.0,no successful payment on this invoice
FAILED_PAYMENT_NO_RETRY,O030059,INV-0028498,5158.0,no successful payment on this invoice
FAILED_PAYMENT_NO_RETRY,O030163,INV-0028597,2010.65,no successful payment on this invoice
FAILED_PAYMENT_NO_RETRY,O030232,INV-0028662,3146.2,no successful payment on this invoice
FAILED_PAYMENT_NO_RETRY,O030236,INV-0028665,1698.3,no successful payment on this invoice
FAILED_PAYMENT_NO_RETRY,O030263,INV-0028690,718.0,no successful payment on this invoice
FAILED_PAYMENT_NO_RETRY,O030316,INV-0028741,7001.2,no successful payment on this invoice
FAILED_PAYMENT_NO_RETRY,O030407,INV-0028827,635.55,no successful payment on this invoice
FAILED_PAYMENT_NO_RETRY,O030423,INV-0028841,502.55,no successful payment on this invoice
FAILED_PAYMENT_NO_RETRY,O030445,INV-0028861,654.55,no successful payment on this invoice
FAILED_PAYMENT_NO_RETRY,O030496,INV-0028908,2706.4,no successful payment on this invoice
FAILED_PAYMENT_NO_RETRY,O030498,INV-0028910,551.2,no successful payment on this invoice
FAILED_PAYMENT_NO_RETRY,O030511,INV-0028922,921.75,no successful payment on this invoice
FAILED_PAYMENT_NO_RETRY,O030650,INV-0029054,1386.05,no successful payment on this invoice
FAILED_PAYMENT_NO_RETRY,O030711,INV-0029112,2427.0,no successful payment on this invoice
FAILED_PAYMENT_NO_RETRY,O030751,INV-0029148,1215.05,no successful payment on this invoice
FAILED_PAYMENT_NO_RETRY,O030766,INV-0029162,1816.2,no successful payment on this invoice
FAILED_PAYMENT_NO_RETRY,O030772,INV-0029168,719.1,no successful payment on this invoice
FAILED_PAYMENT_NO_RETRY,O030786,INV-0029181,12768.55,no successful payment on this invoice
FAILED_PAYMENT_NO_RETRY,O030808,INV-0029200,892.05,no successful payment on this invoice
FAILED_PAYMENT_NO_RETRY,O030892,INV-0029276,2579.0,no successful payment on this invoice
FAILED_PAYMENT_NO_RETRY,O030921,INV-0029305,1404.1,no successful payment on this invoice
FAILED_PAYMENT_NO_RETRY,O030933,INV-0029317,930.05,no successful payment on this invoice
FAILED_PAYMENT_NO_RETRY,O030969,INV-0029348,2775.5,no successful payment on this invoice
FAILED_PAYMENT_NO_RETRY,O031008,INV-0029385,5020.95,no successful payment on this invoice
FAILED_PAYMENT_NO_RETRY,O031027,INV-0029403,669.0,no successful payment on this invoice
FAILED_PAYMENT_NO_RETRY,O031038,INV-0029414,2879.0,no successful payment on this invoice
FAILED_PAYMENT_NO_RETRY,O031064,INV-0029438,6012.3,no successful payment on this invoice
FAILED_PAYMENT_NO_RETRY,O031102,INV-0029474,1683.25,no successful payment on this invoice
FAILED_PAYMENT_NO_RETRY,O031158,INV-0029529,2600.1,no successful payment on this invoice
FAILED_PAYMENT_NO_RETRY,O031177,INV-0029548,1149.0,no successful payment on this invoice
FAILED_PAYMENT_NO_RETRY,O031182,INV-0029553,719.0,no successful payment on this invoice
FAILED_PAYMENT_NO_RETRY,O031209,INV-0029578,1538.05,no successful payment on this invoice
FAILED_PAYMENT_NO_RETRY,O031221,INV-0029589,263.2,no successful payment on this invoice
FAILED_PAYMENT_NO_RETRY,O031244,INV-0029609,4890.3,no successful payment on this invoice
FAILED_PAYMENT_NO_RETRY,O031285,INV-0029649,3621.65,no successful payment on this invoice
FAILED_PAYMENT_NO_RETRY,O031305,INV-0029668,764.1,no successful payment on this invoice
FAILED_PAYMENT_NO_RETRY,O031308,INV-0029671,609.0,no successful payment on this invoice
FAILED_PAYMENT_NO_RETRY,O031371,INV-0029733,5387.55,no successful payment on this invoice
FAILED_PAYMENT_NO_RETRY,O031374,INV-0029736,3447.4,no successful payment on this invoice
FAILED_PAYMENT_NO_RETRY,O031381,INV-0029743,920.55,no successful payment on this invoice
FAILED_PAYMENT_NO_RETRY,O031444,INV-0029804,654.55,no successful payment on this invoice
FAILED_PAYMENT_NO_RETRY,O031453,INV-0029812,3548.0,no successful payment on this invoice
FAILED_PAYMENT_NO_RETRY,O031455,INV-0029814,939.0,no successful payment on this invoice
FAILED_PAYMENT_NO_RETRY,O031479,INV-0029835,5855.0,no successful payment on this invoice
FAILED_PAYMENT_NO_RETRY,O031488,INV-0029842,5036.3,no successful payment on this invoice
FAILED_PAYMENT_NO_RETRY,O031528,INV-0029881,939.55,no successful payment on this invoice
FAILED_PAYMENT_NO_RETRY,O031589,INV-0029939,1478.0,no successful payment on this invoice
FAILED_PAYMENT_NO_RETRY,O031618,INV-0029966,4609.65,no successful payment on this invoice
FAILED_PAYMENT_NO_RETRY,O031673,INV-0030020,1469.0,no successful payment on this invoice
FAILED_PAYMENT_NO_RETRY,O031748,INV-0030094,3058.2,no successful payment on this invoice
FAILED_PAYMENT_NO_RETRY,O031756,INV-0030101,4146.55,no successful payment on this invoice
FAILED_PAYMENT_NO_RETRY,O031831,INV-0030172,2241.75,no successful payment on this invoice
FAILED_PAYMENT_NO_RETRY,O031841,INV-0030181,1297.75,no successful payment on this invoice
FAILED_PAYMENT_NO_RETRY,O031842,INV-0030182,823.65,no successful payment on this invoice
FAILED_PAYMENT_NO_RETRY,O031853,INV-0030192,3621.65,no successful payment on this invoice
FAILED_PAYMENT_NO_RETRY,O031860,INV-0030199,669.0,no successful payment on this invoice
FAILED_PAYMENT_NO_RETRY,O031875,INV-0030214,1279.0,no successful payment on this invoice
FAILED_PAYMENT_NO_RETRY,O031904,INV-0030241,1672.65,no successful payment on this invoice
FAILED_PAYMENT_NO_RETRY,O031914,INV-0030251,1047.0,no successful payment on this invoice
FAILED_PAYMENT_NO_RETRY,O031945,INV-0030279,739.0,no successful payment on this invoice
FAILED_PAYMENT_NO_RETRY,O031975,INV-0030309,1150.4,no successful payment on this invoice
FAILED_PAYMENT_NO_RETRY,O032002,INV-0030334,1418.65,no successful payment on this invoice
FAILED_PAYMENT_NO_RETRY,O032022,INV-0030354,1701.1,no successful payment on this invoice
FAILED_PAYMENT_NO_RETRY,O032024,INV-0030356,1259.0,no successful payment on this invoice
FAILED_PAYMENT_NO_RETRY,O032030,INV-0030362,898.2,no successful payment on this invoice
FAILED_PAYMENT_NO_RETRY,O032046,INV-0030377,2989.15,no successful payment on this invoice
FAILED_PAYMENT_NO_RETRY,O032087,INV-0030417,1319.0,no successful payment on this invoice
FAILED_PAYMENT_NO_RETRY,O032156,INV-0030477,1039.0,no successful payment on this invoice
FAILED_PAYMENT_NO_RETRY,O032186,INV-0030507,809.0,no successful payment on this invoice
FAILED_PAYMENT_NO_RETRY,O032206,INV-0030527,1963.65,no successful payment on this invoice
FAILED_PAYMENT_NO_RETRY,O032248,INV-0030567,2558.0,no successful payment on this invoice
FAILED_PAYMENT_NO_RETRY,O032253,INV-0030572,476.1,no successful payment on this invoice
FAILED_PAYMENT_NO_RETRY,O032279,INV-0030596,2753.1,no successful payment on this invoice
FAILED_PAYMENT_NO_RETRY,O032286,INV-0030603,769.0,no successful payment on this invoice
FAILED_PAYMENT_NO_RETRY,O032295,INV-0030612,1582.2,no successful payment on this invoice
FAILED_PAYMENT_NO_RETRY,O032322,INV-0030638,2067.0,no successful payment on this invoice
FAILED_PAYMENT_NO_RETRY,O032327,INV-0030643,2198.0,no successful payment on this invoice
FAILED_PAYMENT_NO_RETRY,O032366,INV-0030681,669.0,no successful payment on this invoice
FAILED_PAYMENT_NO_RETRY,O032368,INV-0030683,845.1,no successful payment on this invoice
FAILED_PAYMENT_NO_RETRY,O032381,INV-0030696,1459.0,no successful payment on this invoice
FAILED_PAYMENT_NO_RETRY,O032387,INV-0030702,2198.0,no successful payment on this invoice
FAILED_PAYMENT_NO_RETRY,O032401,INV-0030715,619.65,no successful payment on this invoice
FAILED_PAYMENT_NO_RETRY,O032414,INV-0030727,6498.0,no successful payment on this invoice
FAILED_PAYMENT_NO_RETRY,O032417,INV-0030730,5000.2,no successful payment on this invoice
FAILED_PAYMENT_NO_RETRY,O032476,INV-0030782,1952.7,no successful payment on this invoice
FAILED_PAYMENT_NO_RETRY,O032525,INV-0030825,1645.15,no successful payment on this invoice
FAILED_PAYMENT_NO_RETRY,O032545,INV-0030845,593.1,no successful payment on this invoice
FAILED_PAYMENT_NO_RETRY,O032570,INV-0030868,3567.45,no successful payment on this invoice
FAILED_PAYMENT_NO_RETRY,O032600,INV-0030895,2914.2,no successful payment on this invoice
FAILED_PAYMENT_NO_RETRY,O032617,INV-0030912,263.2,no successful payment on this invoice
FAILED_PAYMENT_NO_RETRY,O032646,INV-0030940,1671.3,no successful payment on this invoice
FAILED_PAYMENT_NO_RETRY,O032681,INV-0030972,2430.1,no successful payment on this invoice
FAILED_PAYMENT_NO_RETRY,O032683,INV-0030974,1366.1,no successful payment on this invoice
FAILED_PAYMENT_NO_RETRY,O032685,INV-0030976,755.1,no successful payment on this invoice
FAILED_PAYMENT_NO_RETRY,O032700,INV-0030990,1898.1,no successful payment on this invoice
FAILED_PAYMENT_NO_RETRY,O032714,INV-0031004,987.05,no successful payment on this invoice
FAILED_PAYMENT_NO_RETRY,O032740,INV-0031029,575.2,no successful payment on this invoice
FAILED_PAYMENT_NO_RETRY,O032751,INV-0031040,551.2,no successful payment on this invoice
FAILED_PAYMENT_NO_RETRY,O032816,INV-0031100,1969.0,no successful payment on this invoice
FAILED_PAYMENT_NO_RETRY,O032898,INV-0031179,1119.0,no successful payment on this invoice
FAILED_PAYMENT_NO_RETRY,O032965,INV-0031244,1016.1,no successful payment on this invoice
FAILED_PAYMENT_NO_RETRY,O032970,INV-0031248,2879.0,no successful payment on this invoice
FAILED_PAYMENT_NO_RETRY,O033003,INV-0031277,939.55,no successful payment on this invoice
FAILED_PAYMENT_NO_RETRY,O033011,INV-0031285,388.55,no successful payment on this invoice
FAILED_PAYMENT_NO_RETRY,O033055,INV-0031328,6933.45,no successful payment on this invoice
FAILED_PAYMENT_NO_RETRY,O033080,INV-0031352,1099.0,no successful payment on this invoice
FAILED_PAYMENT_NO_RETRY,O033127,INV-0031396,949.05,no successful payment on this invoice
FAILED_PAYMENT_NO_RETRY,O033131,INV-0031400,1737.55,no successful payment on this invoice
FAILED_PAYMENT_NO_RETRY,O033151,INV-0031418,959.65,no successful payment on this invoice
FAILED_PAYMENT_NO_RETRY,O033159,INV-0031425,939.0,no successful payment on this invoice
FAILED_PAYMENT_NO_RETRY,O033207,INV-0031470,5127.0,no successful payment on this invoice
FAILED_PAYMENT_NO_RETRY,O033223,INV-0031485,3418.35,no successful payment on this invoice
FAILED_PAYMENT_NO_RETRY,O033234,INV-0031496,1944.65,no successful payment on this invoice
FAILED_PAYMENT_NO_RETRY,O033237,INV-0031499,1044.05,no successful payment on this invoice
FAILED_PAYMENT_NO_RETRY,O033258,INV-0031519,3191.8,no successful payment on this invoice
FAILED_PAYMENT_NO_RETRY,O033269,INV-0031530,1023.2,no successful payment on this invoice
FAILED_PAYMENT_NO_RETRY,O033273,INV-0031534,1329.05,no successful payment on this invoice
FAILED_PAYMENT_NO_RETRY,O033280,INV-0031540,6887.15,no successful payment on this invoice
FAILED_PAYMENT_NO_RETRY,O033288,INV-0031548,1449.0,no successful payment on this invoice
FAILED_PAYMENT_NO_RETRY,O033318,INV-0031575,2761.65,no successful payment on this invoice
FAILED_PAYMENT_NO_RETRY,O033410,INV-0031660,1997.1,no successful payment on this invoice
FAILED_PAYMENT_NO_RETRY,O033413,INV-0031663,5393.15,no successful payment on this invoice
FAILED_PAYMENT_NO_RETRY,O033476,INV-0031722,1348.05,no successful payment on this invoice
FAILED_PAYMENT_NO_RETRY,O033515,INV-0031759,729.0,no successful payment on this invoice
FAILED_PAYMENT_NO_RETRY,O033575,INV-0031818,5416.9,no successful payment on this invoice
FAILED_PAYMENT_NO_RETRY,O033579,INV-0031822,1340.2,no successful payment on this invoice
FAILED_PAYMENT_NO_RETRY,O033593,INV-0031836,1415.85,no successful payment on this invoice
FAILED_PAYMENT_NO_RETRY,O033613,INV-0031854,568.65,no successful payment on this invoice
FAILED_PAYMENT_NO_RETRY,O033646,INV-0031886,2817.0,no successful payment on this invoice
FAILED_PAYMENT_NO_RETRY,O033653,INV-0031893,849.15,no successful payment on this invoice
FAILED_PAYMENT_NO_RETRY,O033686,INV-0031923,1915.4,no successful payment on this invoice
FAILED_PAYMENT_NO_RETRY,O033701,INV-0031938,1449.15,no successful payment on this invoice
FAILED_PAYMENT_NO_RETRY,O033728,INV-0031964,2515.7,no successful payment on this invoice
FAILED_PAYMENT_NO_RETRY,O033824,INV-0032055,1223.15,no successful payment on this invoice
FAILED_PAYMENT_NO_RETRY,O033874,INV-0032104,1621.65,no successful payment on this invoice
FAILED_PAYMENT_NO_RETRY,O033908,INV-0032137,2989.0,no successful payment on this invoice
FAILED_PAYMENT_NO_RETRY,O033943,INV-0032168,540.55,no successful payment on this invoice
FAILED_PAYMENT_NO_RETRY,O033950,INV-0032175,908.65,no successful payment on this invoice
FAILED_PAYMENT_NO_RETRY,O033958,INV-0032182,5128.3,no successful payment on this invoice
FAILED_PAYMENT_NO_RETRY,O033998,INV-0032221,2062.35,no successful payment on this invoice
FAILED_PAYMENT_NO_RETRY,O034066,INV-0032287,959.65,no successful payment on this invoice
FAILED_PAYMENT_NO_RETRY,O034082,INV-0032302,1295.1,no successful payment on this invoice
FAILED_PAYMENT_NO_RETRY,O034108,INV-0032326,1634.35,no successful payment on this invoice
FAILED_PAYMENT_NO_RETRY,O034161,INV-0032379,939.55,no successful payment on this invoice
FAILED_PAYMENT_NO_RETRY,O034196,INV-0032414,1719.5,no successful payment on this invoice
FAILED_PAYMENT_NO_RETRY,O034198,INV-0032416,791.2,no successful payment on this invoice
FAILED_PAYMENT_NO_RETRY,O034200,INV-0032418,3085.65,no successful payment on this invoice
FAILED_PAYMENT_NO_RETRY,O034225,INV-0032440,1064.25,no successful payment on this invoice
FAILED_PAYMENT_NO_RETRY,O034251,INV-0032465,702.05,no successful payment on this invoice
FAILED_PAYMENT_NO_RETRY,O034257,INV-0032471,1231.65,no successful payment on this invoice
FAILED_PAYMENT_NO_RETRY,O034298,INV-0032512,3854.05,no successful payment on this invoice
FAILED_PAYMENT_NO_RETRY,O034327,INV-0032538,1189.0,no successful payment on this invoice
FAILED_PAYMENT_NO_RETRY,O034350,INV-0032560,4606.5,no successful payment on this invoice
FAILED_PAYMENT_NO_RETRY,O034352,INV-0032562,1224.55,no successful payment on this invoice
FAILED_PAYMENT_NO_RETRY,O034458,INV-0032662,4886.85,no successful payment on this invoice
FAILED_PAYMENT_NO_RETRY,O034466,INV-0032670,4844.1,no successful payment on this invoice
FAILED_PAYMENT_NO_RETRY,O034471,INV-0032675,3393.05,no successful payment on this invoice
FAILED_PAYMENT_NO_RETRY,O034503,INV-0032705,6651.75,no successful payment on this invoice
FAILED_PAYMENT_NO_RETRY,O034552,INV-0032753,1451.85,no successful payment on this invoice
FAILED_PAYMENT_NO_RETRY,O034653,INV-0032841,379.05,no successful payment on this invoice
FAILED_PAYMENT_NO_RETRY,O034655,INV-0032843,2670.75,no successful payment on this invoice
FAILED_PAYMENT_NO_RETRY,O034681,INV-0032868,1775.55,no successful payment on this invoice
FAILED_PAYMENT_NO_RETRY,O034683,INV-0032870,2820.3,no successful payment on this invoice
FAILED_PAYMENT_NO_RETRY,O034686,INV-0032873,1151.2,no successful payment on this invoice
FAILED_PAYMENT_NO_RETRY,O034747,INV-0032933,671.2,no successful payment on this invoice
FAILED_PAYMENT_NO_RETRY,O034772,INV-0032956,988.75,no successful payment on this invoice
FAILED_PAYMENT_NO_RETRY,O034804,INV-0032986,8228.1,no successful payment on this invoice
FAILED_PAYMENT_NO_RETRY,O034831,INV-0033013,1170.05,no successful payment on this invoice
FAILED_PAYMENT_NO_RETRY,O034879,INV-0033059,2433.8,no successful payment on this invoice
FAILED_PAYMENT_NO_RETRY,O034903,INV-0033083,476.1,no successful payment on this invoice
FAILED_PAYMENT_NO_RETRY,O034915,INV-0033095,730.55,no successful payment on this invoice
FAILED_PAYMENT_NO_RETRY,O034958,INV-0033137,891.75,no successful payment on this invoice
FAILED_PAYMENT_NO_RETRY,O034991,INV-0033170,2540.65,no successful payment on this invoice
FAILED_PAYMENT_NO_RETRY,O035010,INV-0033188,913.5,no successful payment on this invoice
FAILED_PAYMENT_NO_RETRY,O035073,INV-0033251,399.0,no successful payment on this invoice
FAILED_PAYMENT_NO_RETRY,O035088,INV-0033265,516.75,no successful payment on this invoice
FAILED_PAYMENT_NO_RETRY,O035098,INV-0033275,1678.0,no successful payment on this invoice
FAILED_PAYMENT_NO_RETRY,O035130,INV-0033307,6178.15,no successful payment on this invoice
FAILED_PAYMENT_NO_RETRY,O035169,INV-0033342,678.3,no successful payment on this invoice
FAILED_PAYMENT_NO_RETRY,O035181,INV-0033353,836.1,no successful payment on this invoice
FAILED_PAYMENT_NO_RETRY,O035203,INV-0033375,1022.05,no successful payment on this invoice
FAILED_PAYMENT_NO_RETRY,O035249,INV-0033420,5068.3,no successful payment on this invoice
FAILED_PAYMENT_NO_RETRY,O035250,INV-0033421,3762.95,no successful payment on this invoice
FAILED_PAYMENT_NO_RETRY,O035293,INV-0033460,8595.0,no successful payment on this invoice
FAILED_PAYMENT_NO_RETRY,O035303,INV-0033470,449.65,no successful payment on this invoice
FAILED_PAYMENT_NO_RETRY,O035316,INV-0033483,1359.0,no successful payment on this invoice
FAILED_PAYMENT_NO_RETRY,O035349,INV-0033515,2818.0,no successful payment on this invoice
FAILED_PAYMENT_NO_RETRY,O035366,INV-0033531,550.05,no successful payment on this invoice
FAILED_PAYMENT_NO_RETRY,O035388,INV-0033551,1240.15,no successful payment on this invoice
FAILED_PAYMENT_NO_RETRY,O035396,INV-0033558,1386.05,no successful payment on this invoice
FAILED_PAYMENT_NO_RETRY,O035486,INV-0033644,7385.05,no successful payment on this invoice
FAILED_PAYMENT_NO_RETRY,O035491,INV-0033649,2879.0,no successful payment on this invoice
FAILED_PAYMENT_NO_RETRY,O035526,INV-0033682,1775.55,no successful payment on this invoice
FAILED_PAYMENT_NO_RETRY,O035685,INV-0033830,1449.0,no successful payment on this invoice
FAILED_PAYMENT_NO_RETRY,O035710,INV-0033853,4374.45,no successful payment on this invoice
FAILED_PAYMENT_NO_RETRY,O035726,INV-0033868,4213.2,no successful payment on this invoice
FAILED_PAYMENT_NO_RETRY,O035738,INV-0033880,2450.05,no successful payment on this invoice
FAILED_PAYMENT_NO_RETRY,O035879,INV-0034011,6297.25,no successful payment on this invoice
FAILED_PAYMENT_NO_RETRY,O035976,INV-0034098,1370.2,no successful payment on this invoice
FAILED_PAYMENT_NO_RETRY,O035997,INV-0034118,1419.0,no successful payment on this invoice
FAILED_PAYMENT_NO_RETRY,O036011,INV-0034130,1005.1,no successful payment on this invoice
FAILED_PAYMENT_NO_RETRY,O036040,INV-0034158,3512.15,no successful payment on this invoice
FAILED_PAYMENT_NO_RETRY,O036045,INV-0034163,2658.1,no successful payment on this invoice
FAILED_PAYMENT_NO_RETRY,O036056,INV-0034174,1438.2,no successful payment on this invoice
FAILED_PAYMENT_NO_RETRY,O036080,INV-0034197,1873.3,no successful payment on this invoice
FAILED_PAYMENT_NO_RETRY,O036088,INV-0034204,6933.45,no successful payment on this invoice
FAILED_PAYMENT_NO_RETRY,O036092,INV-0034208,7422.75,no successful payment on this invoice
FAILED_PAYMENT_NO_RETRY,O036114,INV-0034230,973.5,no successful payment on this invoice
FAILED_PAYMENT_NO_RETRY,O036116,INV-0034232,2406.2,no successful payment on this invoice
FAILED_PAYMENT_NO_RETRY,O036130,INV-0034245,3448.1,no successful payment on this invoice
FAILED_PAYMENT_NO_RETRY,O036133,INV-0034248,569.0,no successful payment on this invoice
FAILED_PAYMENT_NO_RETRY,O036158,INV-0034272,739.0,no successful payment on this invoice
FAILED_PAYMENT_NO_RETRY,O036175,INV-0034288,1151.1,no successful payment on this invoice
FAILED_PAYMENT_NO_RETRY,O036181,INV-0034293,1567.05,no successful payment on this invoice
FAILED_PAYMENT_NO_RETRY,O036191,INV-0034303,6498.0,no successful payment on this invoice
FAILED_PAYMENT_NO_RETRY,O036230,INV-0034340,4804.15,no successful payment on this invoice
FAILED_PAYMENT_NO_RETRY,O036363,INV-0034461,1475.1,no successful payment on this invoice
FAILED_PAYMENT_NO_RETRY,O036380,INV-0034476,1005.1,no successful payment on this invoice
FAILED_PAYMENT_NO_RETRY,O036383,INV-0034479,4339.65,no successful payment on this invoice
FAILED_PAYMENT_NO_RETRY,O036391,INV-0034487,1498.0,no successful payment on this invoice
FAILED_PAYMENT_NO_RETRY,O036432,INV-0034527,1277.1,no successful payment on this invoice
FAILED_PAYMENT_NO_RETRY,O036439,INV-0034534,5017.6,no successful payment on this invoice
FAILED_PAYMENT_NO_RETRY,O036458,INV-0034552,797.05,no successful payment on this invoice
FAILED_PAYMENT_NO_RETRY,O036482,INV-0034574,806.55,no successful payment on this invoice
FAILED_PAYMENT_NO_RETRY,O036495,INV-0034584,3249.0,no successful payment on this invoice
FAILED_PAYMENT_NO_RETRY,O036499,INV-0034588,739.0,no successful payment on this invoice
FAILED_PAYMENT_NO_RETRY,O036504,INV-0034592,331.55,no successful payment on this invoice
FAILED_PAYMENT_NO_RETRY,O036551,INV-0034637,2221.65,no successful payment on this invoice
FAILED_PAYMENT_NO_RETRY,O036602,INV-0034686,3941.55,no successful payment on this invoice
FAILED_PAYMENT_NO_RETRY,O036612,INV-0034695,1478.0,no successful payment on this invoice
FAILED_PAYMENT_NO_RETRY,O036679,INV-0034758,3086.55,no successful payment on this invoice
FAILED_PAYMENT_NO_RETRY,O036689,INV-0034768,823.65,no successful payment on this invoice
FAILED_PAYMENT_NO_RETRY,O036690,INV-0034769,1189.0,no successful payment on this invoice
FAILED_PAYMENT_NO_RETRY,O036723,INV-0034801,3281.75,no successful payment on this invoice
FAILED_PAYMENT_NO_RETRY,O036777,INV-0034853,2113.05,no successful payment on this invoice
FAILED_PAYMENT_NO_RETRY,O036794,INV-0034870,246.75,no successful payment on this invoice
FAILED_PAYMENT_NO_RETRY,O036816,INV-0034890,2712.85,no successful payment on this invoice
FAILED_PAYMENT_NO_RETRY,O036840,INV-0034913,3489.25,no successful payment on this invoice
FAILED_PAYMENT_NO_RETRY,O036847,INV-0034919,422.1,no successful payment on this invoice
FAILED_PAYMENT_NO_RETRY,O036901,INV-0034971,1480.75,no successful payment on this invoice
FAILED_PAYMENT_NO_RETRY,O036911,INV-0034981,1878.0,no successful payment on this invoice
FAILED_PAYMENT_NO_RETRY,O036945,INV-0035014,1414.55,no successful payment on this invoice
FAILED_PAYMENT_NO_RETRY,O036997,INV-0035064,4643.3,no successful payment on this invoice
FAILED_PAYMENT_NO_RETRY,O037013,INV-0035079,2839.55,no successful payment on this invoice
FAILED_PAYMENT_NO_RETRY,O037033,INV-0035098,679.0,no successful payment on this invoice
FAILED_PAYMENT_NO_RETRY,O037076,INV-0035138,2212.2,no successful payment on this invoice
FAILED_PAYMENT_NO_RETRY,O037090,INV-0035152,1386.05,no successful payment on this invoice
FAILED_PAYMENT_NO_RETRY,O037106,INV-0035167,2558.0,no successful payment on this invoice
FAILED_PAYMENT_NO_RETRY,O037136,INV-0035197,4930.1,no successful payment on this invoice
FAILED_PAYMENT_NO_RETRY,O037156,INV-0035217,6234.25,no successful payment on this invoice
FAILED_PAYMENT_NO_RETRY,O037191,INV-0035250,1449.0,no successful payment on this invoice
FAILED_PAYMENT_NO_RETRY,O037206,INV-0035264,858.65,no successful payment on this invoice
FAILED_PAYMENT_NO_RETRY,O037215,INV-0035273,1659.0,no successful payment on this invoice
FAILED_PAYMENT_NO_RETRY,O037217,INV-0035275,1291.05,no successful payment on this invoice
FAILED_PAYMENT_NO_RETRY,O037271,INV-0035325,476.1,no successful payment on this invoice
FAILED_PAYMENT_NO_RETRY,O037272,INV-0035326,246.05,no successful payment on this invoice
FAILED_PAYMENT_NO_RETRY,O037307,INV-0035360,892.05,no successful payment on this invoice
FAILED_PAYMENT_NO_RETRY,O037312,INV-0035364,3076.2,no successful payment on this invoice
FAILED_PAYMENT_NO_RETRY,O037350,INV-0035401,6223.5,no successful payment on this invoice
FAILED_PAYMENT_NO_RETRY,O037414,INV-0035456,5158.0,no successful payment on this invoice
FAILED_PAYMENT_NO_RETRY,O037431,INV-0035473,2326.0,no successful payment on this invoice
FAILED_PAYMENT_NO_RETRY,O037432,INV-0035474,839.25,no successful payment on this invoice
FAILED_PAYMENT_NO_RETRY,O037454,INV-0035495,806.55,no successful payment on this invoice
FAILED_PAYMENT_NO_RETRY,O037461,INV-0035502,2719.0,no successful payment on this invoice
FAILED_PAYMENT_NO_RETRY,O037467,INV-0035507,889.0,no successful payment on this invoice
FAILED_PAYMENT_NO_RETRY,O037479,INV-0035517,1299.75,no successful payment on this invoice
FAILED_PAYMENT_NO_RETRY,O037508,INV-0035546,1126.1,no successful payment on this invoice
FAILED_PAYMENT_NO_RETRY,O037521,INV-0035558,259.0,no successful payment on this invoice
FAILED_PAYMENT_NO_RETRY,O037539,INV-0035575,1528.2,no successful payment on this invoice
FAILED_PAYMENT_NO_RETRY,O037543,INV-0035578,2639.0,no successful payment on this invoice
FAILED_PAYMENT_NO_RETRY,O037564,INV-0035597,2183.65,no successful payment on this invoice
FAILED_PAYMENT_NO_RETRY,O037570,INV-0035603,892.05,no successful payment on this invoice
FAILED_PAYMENT_NO_RETRY,O037584,INV-0035616,3033.65,no successful payment on this invoice
FAILED_PAYMENT_NO_RETRY,O037591,INV-0035623,3386.45,no successful payment on this invoice
FAILED_PAYMENT_NO_RETRY,O037599,INV-0035630,5192.1,no successful payment on this invoice
FAILED_PAYMENT_NO_RETRY,O037605,INV-0035635,702.05,no successful payment on this invoice
FAILED_PAYMENT_NO_RETRY,O037609,INV-0035639,2550.1,no successful payment on this invoice
FAILED_PAYMENT_NO_RETRY,O037610,INV-0035640,898.2,no successful payment on this invoice
FAILED_PAYMENT_NO_RETRY,O037640,INV-0035669,3160.1,no successful payment on this invoice
FAILED_PAYMENT_NO_RETRY,O037658,INV-0035685,602.1,no successful payment on this invoice
FAILED_PAYMENT_NO_RETRY,O037678,INV-0035705,6546.65,no successful payment on this invoice
FAILED_PAYMENT_NO_RETRY,O037712,INV-0035737,1469.0,no successful payment on this invoice
FAILED_PAYMENT_NO_RETRY,O037833,INV-0035849,569.0,no successful payment on this invoice
FAILED_PAYMENT_NO_RETRY,O037907,INV-0035920,2815.4,no successful payment on this invoice
FAILED_PAYMENT_NO_RETRY,O037912,INV-0035925,2229.65,no successful payment on this invoice
FAILED_PAYMENT_NO_RETRY,O037922,INV-0035934,2544.3,no successful payment on this invoice
FAILED_PAYMENT_NO_RETRY,O037985,INV-0035992,1125.05,no successful payment on this invoice
FAILED_PAYMENT_NO_RETRY,O038020,INV-0036022,7100.1,no successful payment on this invoice
FAILED_PAYMENT_NO_RETRY,O038044,INV-0036043,989.0,no successful payment on this invoice
FAILED_PAYMENT_NO_RETRY,O038092,INV-0036087,628.15,no successful payment on this invoice
FAILED_PAYMENT_NO_RETRY,O038122,INV-0036116,1478.0,no successful payment on this invoice
FAILED_PAYMENT_NO_RETRY,O038148,INV-0036140,5681.2,no successful payment on this invoice
FAILED_PAYMENT_NO_RETRY,O038262,INV-0036248,1765.05,no successful payment on this invoice
FAILED_PAYMENT_NO_RETRY,O038287,INV-0036273,551.2,no successful payment on this invoice
FAILED_PAYMENT_NO_RETRY,O038312,INV-0036297,1851.3,no successful payment on this invoice
FAILED_PAYMENT_NO_RETRY,O038382,INV-0036362,689.0,no successful payment on this invoice
FAILED_PAYMENT_NO_RETRY,O038438,INV-0036415,2297.1,no successful payment on this invoice
FAILED_PAYMENT_NO_RETRY,O038447,INV-0036424,669.0,no successful payment on this invoice
FAILED_PAYMENT_NO_RETRY,O038450,INV-0036426,2217.0,no successful payment on this invoice
FAILED_PAYMENT_NO_RETRY,O038461,INV-0036435,1935.2,no successful payment on this invoice
FAILED_PAYMENT_NO_RETRY,O038484,INV-0036457,1449.0,no successful payment on this invoice
FAILED_PAYMENT_NO_RETRY,O038497,INV-0036470,1741.1,no successful payment on this invoice
FAILED_PAYMENT_NO_RETRY,O038556,INV-0036525,1044.05,no successful payment on this invoice
FAILED_PAYMENT_NO_RETRY,O038594,INV-0036562,6594.95,no successful payment on this invoice
FAILED_PAYMENT_NO_RETRY,O038621,INV-0036588,1909.0,no successful payment on this invoice
FAILED_PAYMENT_NO_RETRY,O038627,INV-0036594,1775.55,no successful payment on this invoice
FAILED_PAYMENT_NO_RETRY,O038647,INV-0036614,2192.15,no successful payment on this invoice
FAILED_PAYMENT_NO_RETRY,O038772,INV-0036735,1439.0,no successful payment on this invoice
FAILED_PAYMENT_NO_RETRY,O038784,INV-0036745,1278.0,no successful payment on this invoice
FAILED_PAYMENT_NO_RETRY,O038797,INV-0036758,2968.75,no successful payment on this invoice
FAILED_PAYMENT_NO_RETRY,O038831,INV-0036789,7265.4,no successful payment on this invoice
FAILED_PAYMENT_NO_RETRY,O038834,INV-0036792,540.55,no successful payment on this invoice
FAILED_PAYMENT_NO_RETRY,O038855,INV-0036812,1338.0,no successful payment on this invoice
FAILED_PAYMENT_NO_RETRY,O038858,INV-0036815,1044.65,no successful payment on this invoice
FAILED_PAYMENT_NO_RETRY,O038910,INV-0036865,279.65,no successful payment on this invoice
FAILED_PAYMENT_NO_RETRY,O038931,INV-0036885,529.0,no successful payment on this invoice
FAILED_PAYMENT_NO_RETRY,O038949,INV-0036902,1619.05,no successful payment on this invoice
FAILED_PAYMENT_NO_RETRY,O038960,INV-0036913,1567.55,no successful payment on this invoice
FAILED_PAYMENT_NO_RETRY,O038972,INV-0036923,1439.0,no successful payment on this invoice
FAILED_PAYMENT_NO_RETRY,O039005,INV-0036953,1376.55,no successful payment on this invoice
FAILED_PAYMENT_NO_RETRY,O039010,INV-0036958,6963.3,no successful payment on this invoice
FAILED_PAYMENT_NO_RETRY,O039022,INV-0036969,2949.0,no successful payment on this invoice
FAILED_PAYMENT_NO_RETRY,O039098,INV-0037043,3159.8,no successful payment on this invoice
FAILED_PAYMENT_NO_RETRY,O039141,INV-0037083,1063.05,no successful payment on this invoice
FAILED_PAYMENT_NO_RETRY,O039171,INV-0037113,3485.1,no successful payment on this invoice
FAILED_PAYMENT_NO_RETRY,O039188,INV-0037130,339.0,no successful payment on this invoice
FAILED_PAYMENT_NO_RETRY,O039191,INV-0037133,1469.0,no successful payment on this invoice
FAILED_PAYMENT_NO_RETRY,O039231,INV-0037173,429.0,no successful payment on this invoice
FAILED_PAYMENT_NO_RETRY,O039297,INV-0037237,2459.25,no successful payment on this invoice
FAILED_PAYMENT_NO_RETRY,O039300,INV-0037240,1421.15,no successful payment on this invoice
FAILED_PAYMENT_NO_RETRY,O039306,INV-0037246,5329.2,no successful payment on this invoice
FAILED_PAYMENT_NO_RETRY,O039339,INV-0037277,1678.5,no successful payment on this invoice
FAILED_PAYMENT_NO_RETRY,O039389,INV-0037324,629.25,no successful payment on this invoice
FAILED_PAYMENT_NO_RETRY,O039402,INV-0037337,930.05,no successful payment on this invoice
FAILED_PAYMENT_NO_RETRY,O039452,INV-0037386,2198.0,no successful payment on this invoice
FAILED_PAYMENT_NO_RETRY,O039457,INV-0037390,1271.1,no successful payment on this invoice
FAILED_PAYMENT_NO_RETRY,O039463,INV-0037396,5523.3,no successful payment on this invoice
FAILED_PAYMENT_NO_RETRY,O039491,INV-0037423,2282.4,no successful payment on this invoice
FAILED_PAYMENT_NO_RETRY,O039506,INV-0037437,1218.0,no successful payment on this invoice
FAILED_PAYMENT_NO_RETRY,O039660,INV-0037584,1069.0,no successful payment on this invoice
FAILED_PAYMENT_NO_RETRY,O039672,INV-0037596,1099.0,no successful payment on this invoice
FAILED_PAYMENT_NO_RETRY,O039676,INV-0037600,1229.0,no successful payment on this invoice
FAILED_PAYMENT_NO_RETRY,O039693,INV-0037617,1119.0,no successful payment on this invoice
FAILED_PAYMENT_NO_RETRY,O039695,INV-0037619,1340.1,no successful payment on this invoice
FAILED_PAYMENT_NO_RETRY,O039698,INV-0037622,439.0,no successful payment on this invoice
FAILED_PAYMENT_NO_RETRY,O039717,INV-0037640,1199.2,no successful payment on this invoice
FAILED_PAYMENT_NO_RETRY,O039718,INV-0037641,4038.9,no successful payment on this invoice
FAILED_PAYMENT_NO_RETRY,O039739,INV-0037660,2258.0,no successful payment on this invoice
FAILED_PAYMENT_NO_RETRY,O039744,INV-0037665,1359.0,no successful payment on this invoice
FAILED_PAYMENT_NO_RETRY,O039750,INV-0037671,1291.05,no successful payment on this invoice
FAILED_PAYMENT_NO_RETRY,O039785,INV-0037704,2392.1,no successful payment on this invoice
FAILED_PAYMENT_NO_RETRY,O039809,INV-0037725,2450.05,no successful payment on this invoice
FAILED_PAYMENT_NO_RETRY,O039859,INV-0037773,839.25,no successful payment on this invoice
FAILED_PAYMENT_NO_RETRY,O039899,INV-0037811,1229.15,no successful payment on this invoice
FAILED_PAYMENT_NO_RETRY,O039904,INV-0037816,1199.0,no successful payment on this invoice
FAILED_PAYMENT_NO_RETRY,O039906,INV-0037818,872.1,no successful payment on this invoice
FAILED_PAYMENT_NO_RETRY,O039947,INV-0037859,1459.0,no successful payment on this invoice
FAILED_PAYMENT_NO_RETRY,O039953,INV-0037865,1932.25,no successful payment on this invoice
FAILED_PAYMENT_NO_RETRY,O040015,INV-0037922,2607.0,no successful payment on this invoice
FAILED_PAYMENT_NO_RETRY,O040025,INV-0037931,1187.1,no successful payment on this invoice
FAILED_PAYMENT_NO_RETRY,O040078,INV-0037982,5020.3,no successful payment on this invoice
FAILED_PAYMENT_NO_RETRY,O040092,INV-0037996,989.1,no successful payment on this invoice
FAILED_PAYMENT_NO_RETRY,O040093,INV-0037997,1509.0,no successful payment on this invoice
FAILED_PAYMENT_NO_RETRY,O040097,INV-0038001,3322.05,no successful payment on this invoice
FAILED_PAYMENT_NO_RETRY,O040123,INV-0038025,2068.2,no successful payment on this invoice
FAILED_PAYMENT_NO_RETRY,O040150,INV-0038050,1650.15,no successful payment on this invoice
FAILED_PAYMENT_NO_RETRY,O040163,INV-0038061,969.0,no successful payment on this invoice
FAILED_PAYMENT_NO_RETRY,O040169,INV-0038066,4407.0,no successful payment on this invoice
FAILED_PAYMENT_NO_RETRY,O040175,INV-0038072,769.0,no successful payment on this invoice
FAILED_PAYMENT_NO_RETRY,O040176,INV-0038073,1969.0,no successful payment on this invoice
FAILED_PAYMENT_NO_RETRY,O040179,INV-0038076,609.0,no successful payment on this invoice
FAILED_PAYMENT_NO_RETRY,O040185,INV-0038082,741.75,no successful payment on this invoice
FAILED_PAYMENT_NO_RETRY,O040206,INV-0038101,483.65,no successful payment on this invoice
FAILED_PAYMENT_NO_RETRY,O040224,INV-0038117,2202.65,no successful payment on this invoice
FAILED_PAYMENT_NO_RETRY,O040263,INV-0038155,3027.0,no successful payment on this invoice
FAILED_PAYMENT_NO_RETRY,O040270,INV-0038162,895.2,no successful payment on this invoice
FAILED_PAYMENT_NO_RETRY,O040281,INV-0038172,2058.3,no successful payment on this invoice
FAILED_PAYMENT_NO_RETRY,O040283,INV-0038174,578.55,no successful payment on this invoice
FAILED_PAYMENT_NO_RETRY,O040324,INV-0038213,989.0,no successful payment on this invoice
FAILED_PAYMENT_NO_RETRY,O040326,INV-0038215,939.0,no successful payment on this invoice
FAILED_PAYMENT_NO_RETRY,O040400,INV-0038287,1509.0,no successful payment on this invoice
FAILED_PAYMENT_NO_RETRY,O040457,INV-0038343,689.0,no successful payment on this invoice
FAILED_PAYMENT_NO_RETRY,O040470,INV-0038355,3529.2,no successful payment on this invoice
FAILED_PAYMENT_NO_RETRY,O040474,INV-0038359,635.55,no successful payment on this invoice
FAILED_PAYMENT_NO_RETRY,O040526,INV-0038411,449.65,no successful payment on this invoice
FAILED_PAYMENT_NO_RETRY,O040532,INV-0038417,2907.0,no successful payment on this invoice
FAILED_PAYMENT_NO_RETRY,O040536,INV-0038421,1099.0,no successful payment on this invoice
FAILED_PAYMENT_NO_RETRY,O040537,INV-0038422,2638.0,no successful payment on this invoice
FAILED_PAYMENT_NO_RETRY,O040575,INV-0038459,958.0,no successful payment on this invoice
FAILED_PAYMENT_NO_RETRY,O040582,INV-0038466,2427.6,no successful payment on this invoice
FAILED_PAYMENT_NO_RETRY,O040592,INV-0038476,1160.1,no successful payment on this invoice
FAILED_PAYMENT_NO_RETRY,O040604,INV-0038488,938.6,no successful payment on this invoice
FAILED_PAYMENT_NO_RETRY,O040804,INV-0038677,1133.1,no successful payment on this invoice
FAILED_PAYMENT_NO_RETRY,O040877,INV-0038748,7688.6,no successful payment on this invoice
FAILED_PAYMENT_NO_RETRY,O040893,INV-0038764,2579.0,no successful payment on this invoice
FAILED_PAYMENT_NO_RETRY,O040898,INV-0038768,2610.6,no successful payment on this invoice
FAILED_PAYMENT_NO_RETRY,O040918,INV-0038786,1433.55,no successful payment on this invoice
FAILED_PAYMENT_NO_RETRY,O040926,INV-0038793,4564.1,no successful payment on this invoice
FAILED_PAYMENT_NO_RETRY,O040935,INV-0038801,2067.0,no successful payment on this invoice
FAILED_PAYMENT_NO_RETRY,O040969,INV-0038832,1796.2,no successful payment on this invoice
FAILED_PAYMENT_NO_RETRY,O040991,INV-0038854,3186.15,no successful payment on this invoice
FAILED_PAYMENT_NO_RETRY,O041002,INV-0038865,399.0,no successful payment on this invoice
FAILED_PAYMENT_NO_RETRY,O041005,INV-0038868,1670.1,no successful payment on this invoice
FAILED_PAYMENT_NO_RETRY,O041008,INV-0038871,2512.05,no successful payment on this invoice
FAILED_PAYMENT_NO_RETRY,O041025,INV-0038887,3834.05,no successful payment on this invoice
FAILED_PAYMENT_NO_RETRY,O041055,INV-0038915,2719.0,no successful payment on this invoice
FAILED_PAYMENT_NO_RETRY,O041180,INV-0039029,1672.2,no successful payment on this invoice
FAILED_PAYMENT_NO_RETRY,O041215,INV-0039062,949.05,no successful payment on this invoice
FAILED_PAYMENT_NO_RETRY,O041265,INV-0039106,619.0,no successful payment on this invoice
FAILED_PAYMENT_NO_RETRY,O041283,INV-0039124,2803.25,no successful payment on this invoice
FAILED_PAYMENT_NO_RETRY,O041316,INV-0039155,588.05,no successful payment on this invoice
FAILED_PAYMENT_NO_RETRY,O041341,INV-0039180,845.1,no successful payment on this invoice
FAILED_PAYMENT_NO_RETRY,O041401,INV-0039238,5973.6,no successful payment on this invoice
FAILED_PAYMENT_NO_RETRY,O041460,INV-0039294,1063.05,no successful payment on this invoice
FAILED_PAYMENT_NO_RETRY,O041487,INV-0039320,2644.2,no successful payment on this invoice
FAILED_PAYMENT_NO_RETRY,O041537,INV-0039366,2860.1,no successful payment on this invoice
FAILED_PAYMENT_NO_RETRY,O041643,INV-0039464,665.1,no successful payment on this invoice
FAILED_PAYMENT_NO_RETRY,O041655,INV-0039476,2979.65,no successful payment on this invoice
FAILED_PAYMENT_NO_RETRY,O041657,INV-0039478,1248.65,no successful payment on this invoice
FAILED_PAYMENT_NO_RETRY,O041671,INV-0039492,994.65,no successful payment on this invoice
FAILED_PAYMENT_NO_RETRY,O041681,INV-0039502,2055.2,no successful payment on this invoice
FAILED_PAYMENT_NO_RETRY,O041714,INV-0039534,3360.65,no successful payment on this invoice
FAILED_PAYMENT_NO_RETRY,O041721,INV-0039541,2579.0,no successful payment on this invoice
FAILED_PAYMENT_NO_RETRY,O041726,INV-0039545,2259.0,no successful payment on this invoice
FAILED_PAYMENT_NO_RETRY,O041728,INV-0039547,569.0,no successful payment on this invoice
FAILED_PAYMENT_NO_RETRY,O041743,INV-0039561,502.55,no successful payment on this invoice
FAILED_PAYMENT_NO_RETRY,O041848,INV-0039661,3712.7,no successful payment on this invoice
FAILED_PAYMENT_NO_RETRY,O041857,INV-0039670,3837.0,no successful payment on this invoice
FAILED_PAYMENT_NO_RETRY,O041879,INV-0039690,10958.5,no successful payment on this invoice
FAILED_PAYMENT_NO_RETRY,O041921,INV-0039729,1771.15,no successful payment on this invoice
FAILED_PAYMENT_NO_RETRY,O041962,INV-0039768,4141.35,no successful payment on this invoice
FAILED_PAYMENT_NO_RETRY,O041966,INV-0039772,1348.05,no successful payment on this invoice
FAILED_PAYMENT_NO_RETRY,O041985,INV-0039790,6601.8,no successful payment on this invoice
FAILED_PAYMENT_NO_RETRY,O041988,INV-0039793,1978.0,no successful payment on this invoice
FAILED_PAYMENT_NO_RETRY,O042000,INV-0039805,1289.0,no successful payment on this invoice
FAILED_PAYMENT_NO_RETRY,O042092,INV-0039895,653.65,no successful payment on this invoice
FAILED_PAYMENT_NO_RETRY,O042136,INV-0039935,635.55,no successful payment on this invoice
FAILED_PAYMENT_NO_RETRY,O042137,INV-0039936,1167.55,no successful payment on this invoice
FAILED_PAYMENT_NO_RETRY,O042141,INV-0039940,1099.0,no successful payment on this invoice
FAILED_PAYMENT_NO_RETRY,O042149,INV-0039948,550.05,no successful payment on this invoice
FAILED_PAYMENT_NO_RETRY,O042199,INV-0039997,969.0,no successful payment on this invoice
FAILED_PAYMENT_NO_RETRY,O042207,INV-0040005,529.0,no successful payment on this invoice
FAILED_PAYMENT_NO_RETRY,O042228,INV-0040025,2705.4,no successful payment on this invoice
FAILED_PAYMENT_NO_RETRY,O042319,INV-0040111,3388.65,no successful payment on this invoice
FAILED_PAYMENT_NO_RETRY,O042359,INV-0040150,4527.0,no successful payment on this invoice
FAILED_PAYMENT_NO_RETRY,O042411,INV-0040200,4057.0,no successful payment on this invoice
FAILED_PAYMENT_NO_RETRY,O042489,INV-0040276,1459.0,no successful payment on this invoice
FAILED_PAYMENT_NO_RETRY,O042492,INV-0040279,476.1,no successful payment on this invoice
FAILED_PAYMENT_NO_RETRY,O042496,INV-0040282,1070.15,no successful payment on this invoice
FAILED_PAYMENT_NO_RETRY,O042497,INV-0040283,1449.0,no successful payment on this invoice
FAILED_PAYMENT_NO_RETRY,O042505,INV-0040291,2018.0,no successful payment on this invoice
FAILED_PAYMENT_NO_RETRY,O042507,INV-0040292,1455.55,no successful payment on this invoice
FAILED_PAYMENT_NO_RETRY,O042561,INV-0040342,628.15,no successful payment on this invoice
FAILED_PAYMENT_NO_RETRY,O042590,INV-0040369,989.1,no successful payment on this invoice
FAILED_PAYMENT_NO_RETRY,O042613,INV-0040391,1348.0,no successful payment on this invoice
FAILED_PAYMENT_NO_RETRY,O042621,INV-0040399,3150.4,no successful payment on this invoice
FAILED_PAYMENT_NO_RETRY,O042646,INV-0040424,3118.0,no successful payment on this invoice
FAILED_PAYMENT_NO_RETRY,O042657,INV-0040434,602.1,no successful payment on this invoice
FAILED_PAYMENT_NO_RETRY,O042670,INV-0040447,3061.6,no successful payment on this invoice
FAILED_PAYMENT_NO_RETRY,O042689,INV-0040466,359.1,no successful payment on this invoice
FAILED_PAYMENT_NO_RETRY,O042696,INV-0040473,619.0,no successful payment on this invoice
FAILED_PAYMENT_NO_RETRY,O042709,INV-0040486,718.2,no successful payment on this invoice
FAILED_PAYMENT_NO_RETRY,O042735,INV-0040511,7202.2,no successful payment on this invoice
FAILED_PAYMENT_NO_RETRY,O042744,INV-0040519,989.1,no successful payment on this invoice
FAILED_PAYMENT_NO_RETRY,O042746,INV-0040521,1158.3,no successful payment on this invoice
FAILED_PAYMENT_NO_RETRY,O042781,INV-0040555,331.55,no successful payment on this invoice
FAILED_PAYMENT_NO_RETRY,O042797,INV-0040571,2571.2,no successful payment on this invoice
FAILED_PAYMENT_NO_RETRY,O042805,INV-0040579,2371.75,no successful payment on this invoice
FAILED_PAYMENT_NO_RETRY,O042833,INV-0040606,502.55,no successful payment on this invoice
FAILED_PAYMENT_NO_RETRY,O042886,INV-0040653,220.15,no successful payment on this invoice
FAILED_PAYMENT_NO_RETRY,O042929,INV-0040695,1345.05,no successful payment on this invoice
FAILED_PAYMENT_NO_RETRY,O042935,INV-0040701,2924.1,no successful payment on this invoice
FAILED_PAYMENT_NO_RETRY,O042949,INV-0040715,314.1,no successful payment on this invoice
FAILED_PAYMENT_NO_RETRY,O042999,INV-0040763,1509.0,no successful payment on this invoice
FAILED_PAYMENT_NO_RETRY,O043015,INV-0040779,2502.1,no successful payment on this invoice
FAILED_PAYMENT_NO_RETRY,O043037,INV-0040799,620.1,no successful payment on this invoice
FAILED_PAYMENT_NO_RETRY,O043051,INV-0040813,516.75,no successful payment on this invoice
FAILED_PAYMENT_NO_RETRY,O043066,INV-0040826,4857.0,no successful payment on this invoice
FAILED_PAYMENT_NO_RETRY,O043088,INV-0040848,1176.1,no successful payment on this invoice
FAILED_PAYMENT_NO_RETRY,O043179,INV-0040933,2716.2,no successful payment on this invoice
FAILED_PAYMENT_NO_RETRY,O043200,INV-0040952,2616.3,no successful payment on this invoice
FAILED_PAYMENT_NO_RETRY,O043242,INV-0040993,518.0,no successful payment on this invoice
FAILED_PAYMENT_NO_RETRY,O043259,INV-0041010,1319.0,no successful payment on this invoice
FAILED_PAYMENT_NO_RETRY,O043343,INV-0041092,341.05,no successful payment on this invoice
FAILED_PAYMENT_NO_RETRY,O043347,INV-0041096,4114.35,no successful payment on this invoice
FAILED_PAYMENT_NO_RETRY,O043361,INV-0041110,2809.85,no successful payment on this invoice
FAILED_PAYMENT_NO_RETRY,O043388,INV-0041133,1319.0,no successful payment on this invoice
FAILED_PAYMENT_NO_RETRY,O043412,INV-0041156,3629.05,no successful payment on this invoice
FAILED_PAYMENT_NO_RETRY,O043417,INV-0041161,2948.0,no successful payment on this invoice
FAILED_PAYMENT_NO_RETRY,O043427,INV-0041171,1259.0,no successful payment on this invoice
FAILED_PAYMENT_NO_RETRY,O043483,INV-0041225,1106.1,no successful payment on this invoice
FAILED_PAYMENT_NO_RETRY,O043533,INV-0041274,4841.75,no successful payment on this invoice
FAILED_PAYMENT_NO_RETRY,O043590,INV-0041329,839.0,no successful payment on this invoice
FAILED_PAYMENT_NO_RETRY,O043618,INV-0041357,2398.0,no successful payment on this invoice
FAILED_PAYMENT_NO_RETRY,O043632,INV-0041371,1348.05,no successful payment on this invoice
FAILED_PAYMENT_NO_RETRY,O043659,INV-0041398,1213.35,no successful payment on this invoice
FAILED_PAYMENT_NO_RETRY,O043667,INV-0041405,839.0,no successful payment on this invoice
FAILED_PAYMENT_NO_RETRY,O043670,INV-0041408,6554.55,no successful payment on this invoice
FAILED_PAYMENT_NO_RETRY,O043699,INV-0041437,1768.25,no successful payment on this invoice
FAILED_PAYMENT_NO_RETRY,O043729,INV-0041466,711.55,no successful payment on this invoice
FAILED_PAYMENT_NO_RETRY,O043747,INV-0041482,4563.4,no successful payment on this invoice
FAILED_PAYMENT_NO_RETRY,O043758,INV-0041493,1639.0,no successful payment on this invoice
FAILED_PAYMENT_NO_RETRY,O043804,INV-0041538,4096.0,no successful payment on this invoice
FAILED_PAYMENT_NO_RETRY,O043843,INV-0041576,2419.0,no successful payment on this invoice
FAILED_PAYMENT_NO_RETRY,O043855,INV-0041586,529.0,no successful payment on this invoice
FAILED_PAYMENT_NO_RETRY,O043860,INV-0041590,2032.2,no successful payment on this invoice
FAILED_PAYMENT_NO_RETRY,O043874,INV-0041603,1108.35,no successful payment on this invoice
FAILED_PAYMENT_NO_RETRY,O043893,INV-0041622,7767.1,no successful payment on this invoice
FAILED_PAYMENT_NO_RETRY,O043914,INV-0041643,2450.05,no successful payment on this invoice
FAILED_PAYMENT_NO_RETRY,O043927,INV-0041655,7478.1,no successful payment on this invoice
FAILED_PAYMENT_NO_RETRY,O043963,INV-0041690,1775.55,no successful payment on this invoice
FAILED_PAYMENT_NO_RETRY,O044023,INV-0041744,4859.15,no successful payment on this invoice
FAILED_PAYMENT_NO_RETRY,O044033,INV-0041754,1307.1,no successful payment on this invoice
FAILED_PAYMENT_NO_RETRY,O044073,INV-0041789,2321.1,no successful payment on this invoice
FAILED_PAYMENT_NO_RETRY,O044083,INV-0041799,1187.1,no successful payment on this invoice
FAILED_PAYMENT_NO_RETRY,O044105,INV-0041820,3192.7,no successful payment on this invoice
FAILED_PAYMENT_NO_RETRY,O044144,INV-0041858,3938.0,no successful payment on this invoice
FAILED_PAYMENT_NO_RETRY,O044155,INV-0041869,1050.1,no successful payment on this invoice
FAILED_PAYMENT_NO_RETRY,O044201,INV-0041913,3807.4,no successful payment on this invoice
FAILED_PAYMENT_NO_RETRY,O044236,INV-0041945,602.1,no successful payment on this invoice
FAILED_PAYMENT_NO_RETRY,O044265,INV-0041973,2753.1,no successful payment on this invoice
FAILED_PAYMENT_NO_RETRY,O044389,INV-0042095,1319.0,no successful payment on this invoice
FAILED_PAYMENT_NO_RETRY,O044425,INV-0042130,1708.1,no successful payment on this invoice
FAILED_PAYMENT_NO_RETRY,O044468,INV-0042171,3385.05,no successful payment on this invoice
FAILED_PAYMENT_NO_RETRY,O044469,INV-0042172,3777.0,no successful payment on this invoice
FAILED_PAYMENT_NO_RETRY,O044510,INV-0042211,2761.65,no successful payment on this invoice
FAILED_PAYMENT_NO_RETRY,O044528,INV-0042228,407.55,no successful payment on this invoice
FAILED_PAYMENT_NO_RETRY,O044559,INV-0042258,2798.0,no successful payment on this invoice
FAILED_PAYMENT_NO_RETRY,O044580,INV-0042276,1189.0,no successful payment on this invoice
FAILED_PAYMENT_NO_RETRY,O044581,INV-0042277,1253.05,no successful payment on this invoice
FAILED_PAYMENT_NO_RETRY,O044594,INV-0042290,208.05,no successful payment on this invoice
FAILED_PAYMENT_NO_RETRY,O044601,INV-0042297,2321.1,no successful payment on this invoice
FAILED_PAYMENT_NO_RETRY,O044623,INV-0042318,4357.0,no successful payment on this invoice
FAILED_PAYMENT_NO_RETRY,O044647,INV-0042342,339.0,no successful payment on this invoice
FAILED_PAYMENT_NO_RETRY,O044668,INV-0042363,1179.0,no successful payment on this invoice
FAILED_PAYMENT_NO_RETRY,O044677,INV-0042372,1359.0,no successful payment on this invoice
FAILED_PAYMENT_NO_RETRY,O044721,INV-0042414,1599.2,no successful payment on this invoice
FAILED_PAYMENT_NO_RETRY,O044744,INV-0042437,1628.1,no successful payment on this invoice
FAILED_PAYMENT_NO_RETRY,O044815,INV-0042507,3537.0,no successful payment on this invoice
FAILED_PAYMENT_NO_RETRY,O044890,INV-0042578,1449.0,no successful payment on this invoice
FAILED_PAYMENT_NO_RETRY,O044904,INV-0042591,186.15,no successful payment on this invoice
FAILED_PAYMENT_NO_RETRY,O044906,INV-0042593,1070.1,no successful payment on this invoice
FAILED_PAYMENT_NO_RETRY,O044961,INV-0042643,2122.55,no successful payment on this invoice
FAILED_PAYMENT_NO_RETRY,O044965,INV-0042647,2772.1,no successful payment on this invoice
FAILED_PAYMENT_NO_RETRY,O045039,INV-0042714,1300.55,no successful payment on this invoice
FAILED_PAYMENT_NO_RETRY,O045041,INV-0042716,2599.2,no successful payment on this invoice
FAILED_PAYMENT_NO_RETRY,O045080,INV-0042753,1588.65,no successful payment on this invoice
FAILED_PAYMENT_NO_RETRY,O045088,INV-0042761,10220.4,no successful payment on this invoice
FAILED_PAYMENT_NO_RETRY,O045127,INV-0042799,1199.2,no successful payment on this invoice
FAILED_PAYMENT_NO_RETRY,O045165,INV-0042835,2855.3,no successful payment on this invoice
FAILED_PAYMENT_NO_RETRY,O045208,INV-0042877,2639.0,no successful payment on this invoice
FAILED_PAYMENT_NO_RETRY,O045274,INV-0042938,1747.25,no successful payment on this invoice
FAILED_PAYMENT_NO_RETRY,O045343,INV-0043003,540.55,no successful payment on this invoice
FAILED_PAYMENT_NO_RETRY,O045345,INV-0043005,5287.1,no successful payment on this invoice
FAILED_PAYMENT_NO_RETRY,O045360,INV-0043018,3086.55,no successful payment on this invoice
FAILED_PAYMENT_NO_RETRY,O045365,INV-0043023,2326.7,no successful payment on this invoice
FAILED_PAYMENT_NO_RETRY,O045421,INV-0043077,2599.2,no successful payment on this invoice
FAILED_PAYMENT_NO_RETRY,O045448,INV-0043102,3129.05,no successful payment on this invoice
FAILED_PAYMENT_NO_RETRY,O045471,INV-0043124,1538.05,no successful payment on this invoice
FAILED_PAYMENT_NO_RETRY,O045478,INV-0043131,483.65,no successful payment on this invoice
FAILED_PAYMENT_NO_RETRY,O045507,INV-0043159,890.1,no successful payment on this invoice
FAILED_PAYMENT_NO_RETRY,O045532,INV-0043183,739.0,no successful payment on this invoice
FAILED_PAYMENT_NO_RETRY,O045555,INV-0043204,540.55,no successful payment on this invoice
FAILED_PAYMENT_NO_RETRY,O045565,INV-0043214,3627.1,no successful payment on this invoice
FAILED_PAYMENT_NO_RETRY,O045572,INV-0043221,1437.3,no successful payment on this invoice
FAILED_PAYMENT_NO_RETRY,O045573,INV-0043222,2888.85,no successful payment on this invoice
FAILED_PAYMENT_NO_RETRY,O045594,INV-0043242,619.0,no successful payment on this invoice
FAILED_PAYMENT_NO_RETRY,O045645,INV-0043293,1623.7,no successful payment on this invoice
FAILED_PAYMENT_NO_RETRY,O045652,INV-0043299,2978.0,no successful payment on this invoice
FAILED_PAYMENT_NO_RETRY,O045737,INV-0043381,4527.25,no successful payment on this invoice
FAILED_PAYMENT_NO_RETRY,O045793,INV-0043435,806.55,no successful payment on this invoice
FAILED_PAYMENT_NO_RETRY,O045799,INV-0043441,1196.05,no successful payment on this invoice
FAILED_PAYMENT_NO_RETRY,O045817,INV-0043458,2027.25,no successful payment on this invoice
FAILED_PAYMENT_NO_RETRY,O045851,INV-0043492,920.55,no successful payment on this invoice
FAILED_PAYMENT_NO_RETRY,O045860,INV-0043501,839.0,no successful payment on this invoice
FAILED_PAYMENT_NO_RETRY,O045906,INV-0043543,3391.2,no successful payment on this invoice
FAILED_PAYMENT_NO_RETRY,O045914,INV-0043550,3249.0,no successful payment on this invoice
FAILED_PAYMENT_NO_RETRY,O045941,INV-0043575,858.0,no successful payment on this invoice
FAILED_PAYMENT_NO_RETRY,O045945,INV-0043579,2431.1,no successful payment on this invoice
FAILED_PAYMENT_NO_RETRY,O045980,INV-0043614,6710.3,no successful payment on this invoice
FAILED_PAYMENT_NO_RETRY,O046018,INV-0043651,2082.75,no successful payment on this invoice
FAILED_PAYMENT_NO_RETRY,O046044,INV-0043677,1756.05,no successful payment on this invoice
FAILED_PAYMENT_NO_RETRY,O046060,INV-0043692,2399.2,no successful payment on this invoice
FAILED_PAYMENT_NO_RETRY,O046080,INV-0043710,3382.1,no successful payment on this invoice
FAILED_PAYMENT_NO_RETRY,O046083,INV-0043713,1459.0,no successful payment on this invoice
FAILED_PAYMENT_NO_RETRY,O046160,INV-0043787,4086.2,no successful payment on this invoice
FAILED_PAYMENT_NO_RETRY,O046195,INV-0043820,2077.75,no successful payment on this invoice
FAILED_PAYMENT_NO_RETRY,O046237,INV-0043861,2266.7,no successful payment on this invoice
FAILED_PAYMENT_NO_RETRY,O046238,INV-0043862,3737.2,no successful payment on this invoice
FAILED_PAYMENT_NO_RETRY,O046261,INV-0043884,1388.65,no successful payment on this invoice
FAILED_PAYMENT_NO_RETRY,O046270,INV-0043893,1725.55,no successful payment on this invoice
FAILED_PAYMENT_NO_RETRY,O046328,INV-0043950,5040.0,no successful payment on this invoice
FAILED_PAYMENT_NO_RETRY,O046333,INV-0043955,4046.4,no successful payment on this invoice
FAILED_PAYMENT_NO_RETRY,O046382,INV-0044003,839.25,no successful payment on this invoice
FAILED_PAYMENT_NO_RETRY,O046383,INV-0044004,7984.0,no successful payment on this invoice
FAILED_PAYMENT_NO_RETRY,O046391,INV-0044011,3114.1,no successful payment on this invoice
FAILED_PAYMENT_NO_RETRY,O046405,INV-0044025,3614.75,no successful payment on this invoice
FAILED_PAYMENT_NO_RETRY,O046471,INV-0044090,5507.7,no successful payment on this invoice
FAILED_PAYMENT_NO_RETRY,O046472,INV-0044091,5158.0,no successful payment on this invoice
FAILED_PAYMENT_NO_RETRY,O046474,INV-0044093,449.65,no successful payment on this invoice
FAILED_PAYMENT_NO_RETRY,O046479,INV-0044098,1678.55,no successful payment on this invoice
FAILED_PAYMENT_NO_RETRY,O046481,INV-0044100,4334.3,no successful payment on this invoice
FAILED_PAYMENT_NO_RETRY,O046484,INV-0044103,2894.4,no successful payment on this invoice
FAILED_PAYMENT_NO_RETRY,O046485,INV-0044104,551.2,no successful payment on this invoice
FAILED_PAYMENT_NO_RETRY,O046497,INV-0044114,2076.2,no successful payment on this invoice
FAILED_PAYMENT_NO_RETRY,O046559,INV-0044173,492.15,no successful payment on this invoice
FAILED_PAYMENT_NO_RETRY,O046595,INV-0044207,329.0,no successful payment on this invoice
FAILED_PAYMENT_NO_RETRY,O046639,INV-0044248,399.0,no successful payment on this invoice
FAILED_PAYMENT_NO_RETRY,O046685,INV-0044293,208.05,no successful payment on this invoice
FAILED_PAYMENT_NO_RETRY,O046704,INV-0044310,1678.0,no successful payment on this invoice
FAILED_PAYMENT_NO_RETRY,O046709,INV-0044314,1322.1,no successful payment on this invoice
FAILED_PAYMENT_NO_RETRY,O046752,INV-0044353,2579.0,no successful payment on this invoice
FAILED_PAYMENT_NO_RETRY,O046755,INV-0044356,1289.0,no successful payment on this invoice
FAILED_PAYMENT_NO_RETRY,O046787,INV-0044385,3906.8,no successful payment on this invoice
FAILED_PAYMENT_NO_RETRY,O046797,INV-0044395,1304.1,no successful payment on this invoice
FAILED_PAYMENT_NO_RETRY,O046829,INV-0044423,1806.3,no successful payment on this invoice
FAILED_PAYMENT_NO_RETRY,O046870,INV-0044463,7302.45,no successful payment on this invoice
FAILED_PAYMENT_NO_RETRY,O046881,INV-0044473,5020.95,no successful payment on this invoice
FAILED_PAYMENT_NO_RETRY,O046938,INV-0044529,1223.1,no successful payment on this invoice
FAILED_PAYMENT_NO_RETRY,O046960,INV-0044550,790.2,no successful payment on this invoice
FAILED_PAYMENT_NO_RETRY,O046976,INV-0044565,1881.25,no successful payment on this invoice
FAILED_PAYMENT_NO_RETRY,O047032,INV-0044620,569.0,no successful payment on this invoice
FAILED_PAYMENT_NO_RETRY,O047061,INV-0044648,1538.1,no successful payment on this invoice
FAILED_PAYMENT_NO_RETRY,O047114,INV-0044699,4347.0,no successful payment on this invoice
FAILED_PAYMENT_NO_RETRY,O047118,INV-0044702,678.0,no successful payment on this invoice
FAILED_PAYMENT_NO_RETRY,O047130,INV-0044713,502.55,no successful payment on this invoice
FAILED_PAYMENT_NO_RETRY,O047156,INV-0044738,3344.6,no successful payment on this invoice
FAILED_PAYMENT_NO_RETRY,O047159,INV-0044741,2676.15,no successful payment on this invoice
FAILED_PAYMENT_NO_RETRY,O047177,INV-0044758,879.0,no successful payment on this invoice
FAILED_PAYMENT_NO_RETRY,O047184,INV-0044764,4201.95,no successful payment on this invoice
FAILED_PAYMENT_NO_RETRY,O047199,INV-0044779,1348.25,no successful payment on this invoice
FAILED_PAYMENT_NO_RETRY,O047251,INV-0044830,2048.0,no successful payment on this invoice
FAILED_PAYMENT_NO_RETRY,O047265,INV-0044842,2950.05,no successful payment on this invoice
FAILED_PAYMENT_NO_RETRY,O047315,INV-0044890,588.05,no successful payment on this invoice
FAILED_PAYMENT_NO_RETRY,O047346,INV-0044920,683.1,no successful payment on this invoice
FAILED_PAYMENT_NO_RETRY,O047412,INV-0044984,3208.7,no successful payment on this invoice
FAILED_PAYMENT_NO_RETRY,O047475,INV-0045045,1682.1,no successful payment on this invoice
FAILED_PAYMENT_NO_RETRY,O047494,INV-0045063,1454.1,no successful payment on this invoice
FAILED_PAYMENT_NO_RETRY,O047564,INV-0045129,2543.05,no successful payment on this invoice
FAILED_PAYMENT_NO_RETRY,O047576,INV-0045140,2885.0,no successful payment on this invoice
FAILED_PAYMENT_NO_RETRY,O047717,INV-0045276,476.1,no successful payment on this invoice
FAILED_PAYMENT_NO_RETRY,O047725,INV-0045284,233.1,no successful payment on this invoice
FAILED_PAYMENT_NO_RETRY,O047781,INV-0045335,2309.2,no successful payment on this invoice
FAILED_PAYMENT_NO_RETRY,O047792,INV-0045345,683.05,no successful payment on this invoice
FAILED_PAYMENT_NO_RETRY,O047798,INV-0045351,1187.1,no successful payment on this invoice
FAILED_PAYMENT_NO_RETRY,O047807,INV-0045360,1099.0,no successful payment on this invoice
FAILED_PAYMENT_NO_RETRY,O047817,INV-0045369,628.15,no successful payment on this invoice
FAILED_PAYMENT_NO_RETRY,O047818,INV-0045370,1009.0,no successful payment on this invoice
FAILED_PAYMENT_NO_RETRY,O047848,INV-0045398,2060.35,no successful payment on this invoice
FAILED_PAYMENT_NO_RETRY,O047866,INV-0045416,3291.4,no successful payment on this invoice
FAILED_PAYMENT_NO_RETRY,O047870,INV-0045420,665.1,no successful payment on this invoice
FAILED_PAYMENT_NO_RETRY,O047908,INV-0045456,2321.1,no successful payment on this invoice
FAILED_PAYMENT_NO_RETRY,O047917,INV-0045465,1077.0,no successful payment on this invoice
FAILED_PAYMENT_NO_RETRY,O047922,INV-0045469,1129.0,no successful payment on this invoice
FAILED_PAYMENT_NO_RETRY,O047933,INV-0045479,557.1,no successful payment on this invoice
FAILED_PAYMENT_NO_RETRY,O047982,INV-0045522,3011.3,no successful payment on this invoice
FAILED_PAYMENT_NO_RETRY,O047987,INV-0045527,1893.8,no successful payment on this invoice
FAILED_PAYMENT_NO_RETRY,O047991,INV-0045531,4257.0,no successful payment on this invoice
FAILED_PAYMENT_NO_RETRY,O048011,INV-0045550,1509.0,no successful payment on this invoice
FAILED_PAYMENT_NO_RETRY,O048064,INV-0045599,11242.85,no successful payment on this invoice
FAILED_PAYMENT_NO_RETRY,O048065,INV-0045600,3520.85,no successful payment on this invoice
FAILED_PAYMENT_NO_RETRY,O048069,INV-0045604,3315.0,no successful payment on this invoice
FAILED_PAYMENT_NO_RETRY,O048079,INV-0045614,487.2,no successful payment on this invoice
FAILED_PAYMENT_NO_RETRY,O048135,INV-0045669,1291.1,no successful payment on this invoice
FAILED_PAYMENT_NO_RETRY,O048152,INV-0045686,1813.85,no successful payment on this invoice
FAILED_PAYMENT_NO_RETRY,O048165,INV-0045698,2303.2,no successful payment on this invoice
FAILED_PAYMENT_NO_RETRY,O048192,INV-0045725,1058.0,no successful payment on this invoice
FAILED_PAYMENT_NO_RETRY,O048208,INV-0045740,2577.0,no successful payment on this invoice
FAILED_PAYMENT_NO_RETRY,O048292,INV-0045820,1878.0,no successful payment on this invoice
FAILED_PAYMENT_NO_RETRY,O048297,INV-0045825,5308.3,no successful payment on this invoice
FAILED_PAYMENT_NO_RETRY,O048322,INV-0045848,3714.1,no successful payment on this invoice
FAILED_PAYMENT_NO_RETRY,O048343,INV-0045867,1119.0,no successful payment on this invoice
FAILED_PAYMENT_NO_RETRY,O048370,INV-0045892,2753.1,no successful payment on this invoice
FAILED_PAYMENT_NO_RETRY,O048384,INV-0045906,2898.0,no successful payment on this invoice
FAILED_PAYMENT_NO_RETRY,O048409,INV-0045930,1318.55,no successful payment on this invoice
FAILED_PAYMENT_NO_RETRY,O048413,INV-0045934,331.55,no successful payment on this invoice
FAILED_PAYMENT_NO_RETRY,O048442,INV-0045963,3868.5,no successful payment on this invoice
FAILED_PAYMENT_NO_RETRY,O048511,INV-0046027,4256.65,no successful payment on this invoice
FAILED_PAYMENT_NO_RETRY,O048526,INV-0046042,8395.0,no successful payment on this invoice
FAILED_PAYMENT_NO_RETRY,O048544,INV-0046059,2495.6,no successful payment on this invoice
FAILED_PAYMENT_NO_RETRY,O048547,INV-0046062,296.65,no successful payment on this invoice
FAILED_PAYMENT_NO_RETRY,O048555,INV-0046069,3260.85,no successful payment on this invoice
FAILED_PAYMENT_NO_RETRY,O048578,INV-0046091,883.15,no successful payment on this invoice
FAILED_PAYMENT_NO_RETRY,O048619,INV-0046129,6173.1,no successful payment on this invoice
FAILED_PAYMENT_NO_RETRY,O048631,INV-0046141,4290.1,no successful payment on this invoice
FAILED_PAYMENT_NO_RETRY,O048636,INV-0046145,305.15,no successful payment on this invoice
FAILED_PAYMENT_NO_RETRY,O048670,INV-0046176,1639.0,no successful payment on this invoice
FAILED_PAYMENT_NO_RETRY,O048695,INV-0046201,1807.75,no successful payment on this invoice
FAILED_PAYMENT_NO_RETRY,O048708,INV-0046214,2131.2,no successful payment on this invoice
FAILED_PAYMENT_NO_RETRY,O048740,INV-0046244,839.0,no successful payment on this invoice
FAILED_PAYMENT_NO_RETRY,O048812,INV-0046314,4928.1,no successful payment on this invoice
FAILED_PAYMENT_NO_RETRY,O048823,INV-0046325,881.75,no successful payment on this invoice
FAILED_PAYMENT_NO_RETRY,O048827,INV-0046329,959.65,no successful payment on this invoice
FAILED_PAYMENT_NO_RETRY,O048844,INV-0046345,698.0,no successful payment on this invoice
FAILED_PAYMENT_NO_RETRY,O048870,INV-0046371,620.1,no successful payment on this invoice
FAILED_PAYMENT_NO_RETRY,O048885,INV-0046385,1278.0,no successful payment on this invoice
FAILED_PAYMENT_NO_RETRY,O049020,INV-0046514,2447.1,no successful payment on this invoice
FAILED_PAYMENT_NO_RETRY,O049052,INV-0046544,2926.25,no successful payment on this invoice
FAILED_PAYMENT_NO_RETRY,O049055,INV-0046547,3086.55,no successful payment on this invoice
FAILED_PAYMENT_NO_RETRY,O049063,INV-0046554,669.0,no successful payment on this invoice
FAILED_PAYMENT_NO_RETRY,O049137,INV-0046624,2554.55,no successful payment on this invoice
FAILED_PAYMENT_NO_RETRY,O049189,INV-0046674,1509.0,no successful payment on this invoice
FAILED_PAYMENT_NO_RETRY,O049213,INV-0046697,3437.0,no successful payment on this invoice
FAILED_PAYMENT_NO_RETRY,O049251,INV-0046734,1119.0,no successful payment on this invoice
FAILED_PAYMENT_NO_RETRY,O049279,INV-0046761,1489.0,no successful payment on this invoice
FAILED_PAYMENT_NO_RETRY,O049330,INV-0046810,1981.2,no successful payment on this invoice
FAILED_PAYMENT_NO_RETRY,O049347,INV-0046825,1070.1,no successful payment on this invoice
FAILED_PAYMENT_NO_RETRY,O049351,INV-0046828,2489.65,no successful payment on this invoice
FAILED_PAYMENT_NO_RETRY,O049375,INV-0046851,1129.55,no successful payment on this invoice
FAILED_PAYMENT_NO_RETRY,O049390,INV-0046866,1525.75,no successful payment on this invoice
FAILED_PAYMENT_NO_RETRY,O049415,INV-0046888,1289.0,no successful payment on this invoice
FAILED_PAYMENT_NO_RETRY,O049416,INV-0046889,459.0,no successful payment on this invoice
FAILED_PAYMENT_NO_RETRY,O049427,INV-0046900,683.05,no successful payment on this invoice
FAILED_PAYMENT_NO_RETRY,O049481,INV-0046951,2198.0,no successful payment on this invoice
FAILED_PAYMENT_NO_RETRY,O049498,INV-0046967,1709.0,no successful payment on this invoice
FAILED_PAYMENT_NO_RETRY,O049503,INV-0046972,2430.1,no successful payment on this invoice
FAILED_PAYMENT_NO_RETRY,O049513,INV-0046982,5671.05,no successful payment on this invoice
FAILED_PAYMENT_NO_RETRY,O049526,INV-0046995,3418.0,no successful payment on this invoice
FAILED_PAYMENT_NO_RETRY,O049540,INV-0047008,1214.1,no successful payment on this invoice
FAILED_PAYMENT_NO_RETRY,O049617,INV-0047083,683.05,no successful payment on this invoice
FAILED_PAYMENT_NO_RETRY,O049641,INV-0047106,2579.0,no successful payment on this invoice
FAILED_PAYMENT_NO_RETRY,O049644,INV-0047109,509.15,no successful payment on this invoice
FAILED_PAYMENT_NO_RETRY,O049681,INV-0047146,1099.0,no successful payment on this invoice
FAILED_PAYMENT_NO_RETRY,O049689,INV-0047154,1007.2,no successful payment on this invoice
FAILED_PAYMENT_NO_RETRY,O049693,INV-0047158,669.0,no successful payment on this invoice
FAILED_PAYMENT_NO_RETRY,O049727,INV-0047187,2867.85,no successful payment on this invoice
FAILED_PAYMENT_NO_RETRY,O049759,INV-0047214,469.0,no successful payment on this invoice
FAILED_PAYMENT_NO_RETRY,O049789,INV-0047243,2309.2,no successful payment on this invoice
FAILED_PAYMENT_NO_RETRY,O049834,INV-0047285,2633.3,no successful payment on this invoice
FAILED_PAYMENT_NO_RETRY,O049871,INV-0047321,5474.05,no successful payment on this invoice
DUPLICATE_REFUND,O000535,REF-003509,1428.0,refund #2 paid for the same order
DUPLICATE_REFUND,O000602,REF-003506,1207.55,refund #2 paid for the same order
DUPLICATE_REFUND,O001043,REF-003519,2416.0,refund #2 paid for the same order
DUPLICATE_REFUND,O001172,REF-003496,2473.2,refund #2 paid for the same order
DUPLICATE_REFUND,O001431,REF-003525,2640.2,refund #2 paid for the same order
DUPLICATE_REFUND,O001769,REF-003530,4302.3,refund #2 paid for the same order
DUPLICATE_REFUND,O001910,REF-003555,669.0,refund #2 paid for the same order
DUPLICATE_REFUND,O002076,REF-003499,576.3,refund #2 paid for the same order
DUPLICATE_REFUND,O002133,REF-003494,4546.7,refund #2 paid for the same order
DUPLICATE_REFUND,O003619,REF-003515,3588.15,refund #2 paid for the same order
DUPLICATE_REFUND,O004497,REF-003508,2450.05,refund #2 paid for the same order
DUPLICATE_REFUND,O005218,REF-003551,649.0,refund #2 paid for the same order
DUPLICATE_REFUND,O006144,REF-003543,2056.15,refund #2 paid for the same order
DUPLICATE_REFUND,O006464,REF-003527,3687.0,refund #2 paid for the same order
DUPLICATE_REFUND,O007854,REF-003510,3051.45,refund #2 paid for the same order
DUPLICATE_REFUND,O008024,REF-003498,647.1,refund #2 paid for the same order
DUPLICATE_REFUND,O008433,REF-003540,989.1,refund #2 paid for the same order
DUPLICATE_REFUND,O010956,REF-003490,2322.05,refund #2 paid for the same order
DUPLICATE_REFUND,O012413,REF-003523,502.55,refund #2 paid for the same order
DUPLICATE_REFUND,O014106,REF-003492,3456.95,refund #2 paid for the same order
DUPLICATE_REFUND,O014730,REF-003493,1306.85,refund #2 paid for the same order
DUPLICATE_REFUND,O014967,REF-003516,476.1,refund #2 paid for the same order
DUPLICATE_REFUND,O015490,REF-003520,628.15,refund #2 paid for the same order
DUPLICATE_REFUND,O016479,REF-003489,669.0,refund #2 paid for the same order
DUPLICATE_REFUND,O017179,REF-003503,1626.75,refund #2 paid for the same order
DUPLICATE_REFUND,O017582,REF-003536,1338.0,refund #2 paid for the same order
DUPLICATE_REFUND,O018614,REF-003546,1841.1,refund #2 paid for the same order
DUPLICATE_REFUND,O020740,REF-003529,2633.4,refund #2 paid for the same order
DUPLICATE_REFUND,O021001,REF-003497,2958.5,refund #2 paid for the same order
DUPLICATE_REFUND,O021759,REF-003526,920.35,refund #2 paid for the same order
DUPLICATE_REFUND,O021765,REF-003552,1678.5,refund #2 paid for the same order
DUPLICATE_REFUND,O021841,REF-003495,1110.4,refund #2 paid for the same order
DUPLICATE_REFUND,O022223,REF-003521,855.2,refund #2 paid for the same order
DUPLICATE_REFUND,O025117,REF-003511,2413.2,refund #2 paid for the same order
DUPLICATE_REFUND,O027637,REF-003532,1129.55,refund #2 paid for the same order
DUPLICATE_REFUND,O028504,REF-003504,5020.0,refund #2 paid for the same order
DUPLICATE_REFUND,O029354,REF-003500,516.75,refund #2 paid for the same order
DUPLICATE_REFUND,O030365,REF-003533,1499.0,refund #2 paid for the same order
DUPLICATE_REFUND,O030532,REF-003514,2377.3,refund #2 paid for the same order
DUPLICATE_REFUND,O031079,REF-003553,2026.65,refund #2 paid for the same order
DUPLICATE_REFUND,O031379,REF-003538,1284.1,refund #2 paid for the same order
DUPLICATE_REFUND,O031679,REF-003517,359.0,refund #2 paid for the same order
DUPLICATE_REFUND,O032432,REF-003488,1072.55,refund #2 paid for the same order
DUPLICATE_REFUND,O033023,REF-003505,879.0,refund #2 paid for the same order
DUPLICATE_REFUND,O036111,REF-003502,836.1,refund #2 paid for the same order
DUPLICATE_REFUND,O036128,REF-003556,2898.0,refund #2 paid for the same order
DUPLICATE_REFUND,O036299,REF-003545,1945.55,refund #2 paid for the same order
DUPLICATE_REFUND,O037345,REF-003537,4141.25,refund #2 paid for the same order
DUPLICATE_REFUND,O037354,REF-003512,409.0,refund #2 paid for the same order
DUPLICATE_REFUND,O038004,REF-003518,1304.1,refund #2 paid for the same order
DUPLICATE_REFUND,O038209,REF-003542,2378.0,refund #2 paid for the same order
DUPLICATE_REFUND,O039510,REF-003531,2621.65,refund #2 paid for the same order
DUPLICATE_REFUND,O039689,REF-003535,3388.65,refund #2 paid for the same order
DUPLICATE_REFUND,O040244,REF-003550,1639.0,refund #2 paid for the same order
DUPLICATE_REFUND,O042110,REF-003522,620.1,refund #2 paid for the same order
DUPLICATE_REFUND,O042456,REF-003528,4961.25,refund #2 paid for the same order
DUPLICATE_REFUND,O043253,REF-003491,689.0,refund #2 paid for the same order
DUPLICATE_REFUND,O044678,REF-003548,2916.15,refund #2 paid for the same order
DUPLICATE_REFUND,O045043,REF-003547,487.2,refund #2 paid for the same order
DUPLICATE_REFUND,O045402,REF-003507,979.0,refund #2 paid for the same order
DUPLICATE_REFUND,O046061,REF-003544,890.1,refund #2 paid for the same order
DUPLICATE_REFUND,O046437,REF-003501,665.1,refund #2 paid for the same order
DUPLICATE_REFUND,O046627,REF-003541,857.65,refund #2 paid for the same order
DUPLICATE_REFUND,O048506,REF-003513,4013.75,refund #2 paid for the same order
DUPLICATE_REFUND,O049299,REF-003549,509.15,refund #2 paid for the same order
DUPLICATE_REFUND,O049421,REF-003539,1224.55,refund #2 paid for the same order
DUPLICATE_REFUND,O049467,REF-003554,5316.3,refund #2 paid for the same order
DUPLICATE_REFUND,O049623,REF-003534,3834.65,refund #2 paid for the same order
DUPLICATE_REFUND,O049720,REF-003524,2077.15,refund #2 paid for the same order
DISCOUNT_ABUSE,O000029,I000050,257.8,R19: 30% given vs 10% cap
DISCOUNT_ABUSE,O000157,I000255,49.35,R24: 40% given vs 25% cap
DISCOUNT_ABUSE,O000188,I000306,341.8,R19: 40% given vs 20% cap
DISCOUNT_ABUSE,O000228,I000373,131.9,R21: 25% given vs 15% cap
DISCOUNT_ABUSE,O000269,I000430,93.9,R24: 25% given vs 15% cap
DISCOUNT_ABUSE,O000269,I000431,56.9,R24: 20% given vs 10% cap
DISCOUNT_ABUSE,O000303,I000492,170.9,R16: 30% given vs 20% cap
DISCOUNT_ABUSE,O000342,I000555,177.8,R21: 45% given vs 25% cap
DISCOUNT_ABUSE,O000397,I000646,271.9,R14: 35% given vs 25% cap
DISCOUNT_ABUSE,O000404,I000658,110.85,R20: 30% given vs 15% cap
DISCOUNT_ABUSE,O000404,I000659,45.9,R20: 30% given vs 20% cap
DISCOUNT_ABUSE,O000491,I000815,244.9,R24: 30% given vs 20% cap
DISCOUNT_ABUSE,O000491,I000816,79.35,R24: 30% given vs 15% cap
DISCOUNT_ABUSE,O000517,I000859,79.35,R20: 30% given vs 15% cap
DISCOUNT_ABUSE,O000556,I000926,147.8,R14: 35% given vs 15% cap
DISCOUNT_ABUSE,O000616,I001018,185.7,R19: 25% given vs 15% cap
DISCOUNT_ABUSE,O000669,I001111,407.85,R16: 35% given vs 20% cap
DISCOUNT_ABUSE,O000701,I001156,105.8,R24: 25% given vs 15% cap
DISCOUNT_ABUSE,O000791,I001307,381.8,R19: 45% given vs 25% cap
DISCOUNT_ABUSE,O000892,I001465,164.85,R20: 25% given vs 10% cap
DISCOUNT_ABUSE,O000983,I001604,65.7,R24: 30% given vs 15% cap
DISCOUNT_ABUSE,O001023,I001673,439.35,R20: 40% given vs 25% cap
DISCOUNT_ABUSE,O001087,I001772,85.35,R21: 30% given vs 15% cap
DISCOUNT_ABUSE,O001094,I001783,43.9,R19: 25% given vs 15% cap
DISCOUNT_ABUSE,O001110,I001811,155.85,R24: 30% given vs 15% cap
DISCOUNT_ABUSE,O001142,I001868,439.6,R14: 30% given vs 10% cap
DISCOUNT_ABUSE,O001221,I001991,160.35,R19: 30% given vs 15% cap
DISCOUNT_ABUSE,O001294,I002114,186.9,R19: 35% given vs 25% cap
DISCOUNT_ABUSE,O001310,I002140,52.35,R16: 30% given vs 15% cap
DISCOUNT_ABUSE,O001316,I002149,163.9,R21: 35% given vs 25% cap
DISCOUNT_ABUSE,O001341,I002193,1031.6,R16: 45% given vs 25% cap
DISCOUNT_ABUSE,O001341,I002194,225.8,R16: 35% given vs 15% cap
DISCOUNT_ABUSE,O001414,I002301,59.85,R16: 30% given vs 15% cap
DISCOUNT_ABUSE,O001414,I002302,33.9,R16: 25% given vs 15% cap
DISCOUNT_ABUSE,O001454,I002362,161.9,R19: 20% given vs 10% cap
DISCOUNT_ABUSE,O001488,I002410,39.9,R24: 35% given vs 25% cap
DISCOUNT_ABUSE,O001488,I002411,649.8,R24: 40% given vs 20% cap
DISCOUNT_ABUSE,O001488,I002412,291.8,R24: 35% given vs 15% cap
DISCOUNT_ABUSE,O001491,I002415,393.8,R14: 45% given vs 25% cap
DISCOUNT_ABUSE,O001550,I002503,60.9,R20: 35% given vs 25% cap
DISCOUNT_ABUSE,O001572,I002538,219.8,R14: 30% given vs 10% cap
DISCOUNT_ABUSE,O001631,I002639,101.7,R14: 30% given vs 15% cap
DISCOUNT_ABUSE,O001638,I002649,255.8,R19: 45% given vs 25% cap
DISCOUNT_ABUSE,O001645,I002659,513.8,R24: 45% given vs 25% cap
DISCOUNT_ABUSE,O001645,I002660,201.8,R24: 35% given vs 15% cap
DISCOUNT_ABUSE,O001684,I002732,661.05,R24: 30% given vs 15% cap
DISCOUNT_ABUSE,O001725,I002792,327.8,R19: 45% given vs 25% cap
DISCOUNT_ABUSE,O001735,I002807,289.8,R21: 30% given vs 10% cap
DISCOUNT_ABUSE,O001745,I002821,137.8,R20: 45% given vs 25% cap
DISCOUNT_ABUSE,O001792,I002904,301.8,R20: 40% given vs 20% cap
DISCOUNT_ABUSE,O001871,I003031,25.9,R19: 25% given vs 15% cap
DISCOUNT_ABUSE,O001871,I003032,237.8,R19: 35% given vs 15% cap
DISCOUNT_ABUSE,O001941,I003136,83.9,R14: 30% given vs 20% cap
DISCOUNT_ABUSE,O001978,I003198,249.8,R21: 45% given vs 25% cap
DISCOUNT_ABUSE,O001988,I003216,257.9,R20: 35% given vs 25% cap
DISCOUNT_ABUSE,O002040,I003285,21.9,R16: 25% given vs 15% cap
DISCOUNT_ABUSE,O002047,I003299,151.35,R19: 30% given vs 15% cap
DISCOUNT_ABUSE,O002047,I003301,110.85,R19: 30% given vs 15% cap
DISCOUNT_ABUSE,O002128,I003435,143.8,R19: 35% given vs 15% cap
DISCOUNT_ABUSE,O002188,I003525,83.9,R16: 35% given vs 25% cap
DISCOUNT_ABUSE,O002188,I003528,386.85,R16: 40% given vs 25% cap
DISCOUNT_ABUSE,O002258,I003635,583.6,R14: 35% given vs 15% cap
DISCOUNT_ABUSE,O002278,I003668,105.8,R21: 35% given vs 15% cap
DISCOUNT_ABUSE,O002278,I003669,289.8,R21: 30% given vs 10% cap
DISCOUNT_ABUSE,O002301,I003712,103.35,R19: 40% given vs 25% cap
DISCOUNT_ABUSE,O002301,I003713,215.7,R19: 30% given vs 15% cap
DISCOUNT_ABUSE,O002306,I003723,217.8,R19: 45% given vs 25% cap
DISCOUNT_ABUSE,O002323,I003753,93.9,R20: 25% given vs 15% cap
DISCOUNT_ABUSE,O002356,I003798,194.7,R19: 40% given vs 25% cap
DISCOUNT_ABUSE,O002356,I003799,167.8,R19: 35% given vs 15% cap
DISCOUNT_ABUSE,O002356,I003800,125.85,R19: 35% given vs 20% cap
DISCOUNT_ABUSE,O002453,I003954,1541.4,R19: 45% given vs 25% cap
DISCOUNT_ABUSE,O002491,I004014,297.8,R14: 30% given vs 10% cap
DISCOUNT_ABUSE,O002503,I004036,83.9,R20: 30% given vs 20% cap
DISCOUNT_ABUSE,O002535,I004085,114.9,R16: 30% given vs 20% cap
DISCOUNT_ABUSE,O002551,I004112,38.85,R16: 30% given vs 15% cap
DISCOUNT_ABUSE,O002607,I004202,57.9,R21: 25% given vs 15% cap
DISCOUNT_ABUSE,O002674,I004317,147.8,R20: 35% given vs 15% cap
DISCOUNT_ABUSE,O002674,I004320,186.9,R20: 35% given vs 25% cap
DISCOUNT_ABUSE,O002846,I004606,149.85,R24: 30% given vs 15% cap
DISCOUNT_ABUSE,O002875,I004644,125.85,R21: 35% given vs 20% cap
DISCOUNT_ABUSE,O002875,I004645,301.8,R21: 40% given vs 20% cap
DISCOUNT_ABUSE,O002901,I004686,71.8,R16: 35% given vs 15% cap
DISCOUNT_ABUSE,O002945,I004758,167.8,R14: 35% given vs 15% cap
DISCOUNT_ABUSE,O002945,I004759,143.8,R14: 25% given vs 15% cap
DISCOUNT_ABUSE,O002981,I004823,144.9,R14: 35% given vs 25% cap
DISCOUNT_ABUSE,O002981,I004824,107.85,R14: 35% given vs 20% cap
DISCOUNT_ABUSE,O003143,I005083,371.6,R21: 30% given vs 10% cap
DISCOUNT_ABUSE,O003153,I005100,121.8,R20: 40% given vs 20% cap
DISCOUNT_ABUSE,O003241,I005233,361.8,R21: 45% given vs 25% cap
DISCOUNT_ABUSE,O003263,I005265,105.8,R19: 35% given vs 15% cap
DISCOUNT_ABUSE,O003423,I005516,113.8,R20: 35% given vs 15% cap
DISCOUNT_ABUSE,O003423,I005517,147.8,R20: 35% given vs 15% cap
DISCOUNT_ABUSE,O003446,I005555,118.9,R16: 25% given vs 15% cap
DISCOUNT_ABUSE,O003481,I005611,229.8,R19: 40% given vs 20% cap
DISCOUNT_ABUSE,O003517,I005672,40.9,R24: 20% given vs 10% cap
DISCOUNT_ABUSE,O003543,I005714,85.8,R24: 30% given vs 10% cap
DISCOUNT_ABUSE,O003665,I005889,279.8,R14: 45% given vs 25% cap
DISCOUNT_ABUSE,O003689,I005921,165.9,R16: 35% given vs 25% cap
DISCOUNT_ABUSE,O003707,I005951,117.9,R19: 25% given vs 15% cap
DISCOUNT_ABUSE,O003707,I005952,226.35,R19: 35% given vs 20% cap
DISCOUNT_ABUSE,O003721,I005983,107.85,R16: 35% given vs 20% cap
DISCOUNT_ABUSE,O003802,I006120,51.8,R24: 35% given vs 15% cap
DISCOUNT_ABUSE,O003820,I006153,34.9,R20: 25% given vs 15% cap
DISCOUNT_ABUSE,O003841,I006179,263.8,R24: 35% given vs 15% cap
DISCOUNT_ABUSE,O003903,I006274,137.8,R14: 45% given vs 25% cap
DISCOUNT_ABUSE,O003915,I006301,137.8,R21: 45% given vs 25% cap
DISCOUNT_ABUSE,O003945,I006351,147.8,R20: 25% given vs 15% cap
DISCOUNT_ABUSE,O004146,I006678,209.85,R19: 40% given vs 25% cap
DISCOUNT_ABUSE,O004264,I006865,79.35,R21: 30% given vs 15% cap
DISCOUNT_ABUSE,O004396,I007085,32.9,R24: 35% given vs 25% cap
DISCOUNT_ABUSE,O004471,I007194,123.8,R16: 30% given vs 10% cap
DISCOUNT_ABUSE,O004478,I007209,172.35,R21: 35% given vs 20% cap
DISCOUNT_ABUSE,O004499,I007238,353.7,R21: 40% given vs 25% cap
DISCOUNT_ABUSE,O004586,I007385,112.35,R14: 30% given vs 15% cap
DISCOUNT_ABUSE,O004710,I007569,52.9,R21: 25% given vs 15% cap
DISCOUNT_ABUSE,O004754,I007640,111.9,R14: 35% given vs 25% cap
DISCOUNT_ABUSE,O004758,I007647,324.9,R14: 30% given vs 20% cap
DISCOUNT_ABUSE,O004901,I007894,291.8,R20: 35% given vs 15% cap
DISCOUNT_ABUSE,O005018,I008069,172.35,R14: 35% given vs 20% cap
DISCOUNT_ABUSE,O005053,I008127,110.85,R16: 30% given vs 15% cap
DISCOUNT_ABUSE,O005053,I008128,491.6,R16: 45% given vs 25% cap
DISCOUNT_ABUSE,O005156,I008298,269.85,R21: 40% given vs 25% cap
DISCOUNT_ABUSE,O005262,I008472,163.6,R24: 30% given vs 10% cap
DISCOUNT_ABUSE,O005402,I008697,121.8,R14: 45% given vs 25% cap
DISCOUNT_ABUSE,O005418,I008721,386.85,R20: 40% given vs 25% cap
DISCOUNT_ABUSE,O005469,I008795,49.35,R14: 40% given vs 25% cap
DISCOUNT_ABUSE,O005676,I009141,95.85,R21: 25% given vs 10% cap
DISCOUNT_ABUSE,O005742,I009247,68.9,R24: 35% given vs 25% cap
DISCOUNT_ABUSE,O005756,I009269,287.9,R24: 30% given vs 20% cap
DISCOUNT_ABUSE,O005791,I009322,362.85,R19: 35% given vs 20% cap
DISCOUNT_ABUSE,O005791,I009323,149.85,R19: 30% given vs 15% cap
DISCOUNT_ABUSE,O005890,I009481,53.85,R16: 30% given vs 15% cap
DISCOUNT_ABUSE,O005921,I009530,143.9,R24: 35% given vs 25% cap
DISCOUNT_ABUSE,O005932,I009552,25.9,R19: 25% given vs 15% cap
DISCOUNT_ABUSE,O005984,I009622,80.9,R20: 20% given vs 10% cap
DISCOUNT_ABUSE,O006043,I009712,145.9,R24: 35% given vs 25% cap
DISCOUNT_ABUSE,O006051,I009724,287.9,R16: 30% given vs 20% cap
DISCOUNT_ABUSE,O006112,I009830,191.85,R21: 35% given vs 20% cap
DISCOUNT_ABUSE,O006129,I009864,101.85,R24: 30% given vs 15% cap
DISCOUNT_ABUSE,O006149,I009898,107.85,R19: 35% given vs 20% cap
DISCOUNT_ABUSE,O006151,I009901,242.85,R16: 25% given vs 10% cap
DISCOUNT_ABUSE,O006193,I009977,112.9,R21: 25% given vs 15% cap
DISCOUNT_ABUSE,O006200,I009985,289.8,R24: 30% given vs 10% cap
DISCOUNT_ABUSE,O006209,I010002,146.9,R14: 25% given vs 15% cap
DISCOUNT_ABUSE,O006252,I010067,197.8,R24: 35% given vs 25% cap
DISCOUNT_ABUSE,O006292,I010126,91.35,R16: 40% given vs 25% cap
DISCOUNT_ABUSE,O006324,I010185,178.35,R16: 30% given vs 15% cap
DISCOUNT_ABUSE,O006354,I010230,45.9,R20: 30% given vs 20% cap
DISCOUNT_ABUSE,O006369,I010254,92.85,R16: 30% given vs 15% cap
DISCOUNT_ABUSE,O006560,I010554,187.35,R21: 40% given vs 25% cap
DISCOUNT_ABUSE,O006560,I010555,212.85,R21: 35% given vs 20% cap
DISCOUNT_ABUSE,O006602,I010619,338.7,R19: 30% given vs 15% cap
DISCOUNT_ABUSE,O006629,I010662,229.8,R21: 30% given vs 20% cap
DISCOUNT_ABUSE,O006629,I010663,110.85,R21: 30% given vs 15% cap
DISCOUNT_ABUSE,O006629,I010664,215.7,R21: 35% given vs 20% cap
DISCOUNT_ABUSE,O006639,I010685,439.35,R16: 40% given vs 25% cap
DISCOUNT_ABUSE,O006654,I010709,151.8,R19: 40% given vs 20% cap
DISCOUNT_ABUSE,O006682,I010753,25.9,R19: 25% given vs 15% cap
DISCOUNT_ABUSE,O006682,I010754,53.85,R19: 30% given vs 15% cap
DISCOUNT_ABUSE,O006698,I010780,206.7,R16: 40% given vs 25% cap
DISCOUNT_ABUSE,O006698,I010782,52.35,R16: 30% given vs 15% cap
DISCOUNT_ABUSE,O006698,I010783,386.85,R16: 40% given vs 25% cap
DISCOUNT_ABUSE,O006699,I010785,140.85,R16: 25% given vs 10% cap
DISCOUNT_ABUSE,O006720,I010825,83.9,R24: 30% given vs 20% cap
DISCOUNT_ABUSE,O006734,I010841,71.9,R24: 30% given vs 20% cap
DISCOUNT_ABUSE,O006734,I010842,443.8,R24: 35% given vs 25% cap
DISCOUNT_ABUSE,O006795,I010937,106.35,R19: 25% given vs 10% cap
DISCOUNT_ABUSE,O006805,I010954,95.85,R24: 25% given vs 10% cap
DISCOUNT_ABUSE,O006832,I010997,166.35,R19: 30% given vs 15% cap
DISCOUNT_ABUSE,O006832,I010998,66.9,R19: 20% given vs 10% cap
DISCOUNT_ABUSE,O006842,I011013,483.8,R21: 40% given vs 20% cap
DISCOUNT_ABUSE,O006843,I011015,96.9,R24: 25% given vs 15% cap
DISCOUNT_ABUSE,O006843,I011016,133.8,R24: 45% given vs 25% cap
DISCOUNT_ABUSE,O006856,I011035,489.8,R20: 40% given vs 20% cap
DISCOUNT_ABUSE,O006932,I011165,68.85,R21: 35% given vs 20% cap
DISCOUNT_ABUSE,O006994,I011256,197.85,R21: 30% given vs 15% cap
DISCOUNT_ABUSE,O007035,I011314,213.8,R24: 35% given vs 15% cap
DISCOUNT_ABUSE,O007085,I011400,70.35,R19: 25% given vs 10% cap
DISCOUNT_ABUSE,O007085,I011402,649.8,R19: 40% given vs 20% cap
DISCOUNT_ABUSE,O007121,I011457,33.9,R14: 25% given vs 15% cap
DISCOUNT_ABUSE,O007152,I011506,100.35,R16: 40% given vs 25% cap
DISCOUNT_ABUSE,O007173,I011540,187.8,R19: 35% given vs 15% cap
DISCOUNT_ABUSE,O007178,I011547,61.9,R16: 25% given vs 15% cap
DISCOUNT_ABUSE,O007227,I011637,341.8,R19: 40% given vs 20% cap
DISCOUNT_ABUSE,O007234,I011644,226.35,R14: 35% given vs 20% cap
DISCOUNT_ABUSE,O007295,I011750,135.9,R19: 20% given vs 10% cap
DISCOUNT_ABUSE,O007329,I011803,133.8,R14: 35% given vs 15% cap
DISCOUNT_ABUSE,O007479,I012046,187.35,R21: 40% given vs 25% cap
DISCOUNT_ABUSE,O007552,I012175,75.9,R19: 30% given vs 20% cap
DISCOUNT_ABUSE,O007601,I012247,32.9,R24: 35% given vs 25% cap
DISCOUNT_ABUSE,O007649,I012326,245.8,R19: 45% given vs 25% cap
DISCOUNT_ABUSE,O007649,I012327,263.8,R19: 25% given vs 15% cap
DISCOUNT_ABUSE,O007659,I012345,163.9,R20: 35% given vs 25% cap
DISCOUNT_ABUSE,O007825,I012597,243.6,R19: 40% given vs 20% cap
DISCOUNT_ABUSE,O007830,I012602,110.85,R16: 30% given vs 15% cap
DISCOUNT_ABUSE,O007920,I012731,291.8,R19: 35% given vs 15% cap
DISCOUNT_ABUSE,O007923,I012736,72.9,R14: 30% given vs 20% cap
DISCOUNT_ABUSE,O007926,I012744,217.8,R20: 45% given vs 25% cap
DISCOUNT_ABUSE,O007978,I012827,218.85,R19: 30% given vs 15% cap
DISCOUNT_ABUSE,O007993,I012852,131.85,R24: 40% given vs 25% cap
DISCOUNT_ABUSE,O008046,I012939,61.9,R16: 25% given vs 15% cap
DISCOUNT_ABUSE,O008107,I013044,167.8,R16: 35% given vs 15% cap
DISCOUNT_ABUSE,O008122,I013063,144.9,R19: 20% given vs 10% cap
DISCOUNT_ABUSE,O008132,I013084,149.8,R20: 35% given vs 15% cap
DISCOUNT_ABUSE,O008132,I013085,489.8,R20: 40% given vs 20% cap
DISCOUNT_ABUSE,O008132,I013086,147.8,R20: 35% given vs 15% cap
DISCOUNT_ABUSE,O008138,I013096,79.35,R16: 30% given vs 15% cap
DISCOUNT_ABUSE,O008161,I013135,218.85,R16: 40% given vs 25% cap
DISCOUNT_ABUSE,O008161,I013136,145.35,R16: 40% given vs 25% cap
DISCOUNT_ABUSE,O008212,I013216,263.9,R24: 30% given vs 20% cap
DISCOUNT_ABUSE,O008256,I013285,46.9,R16: 25% given vs 15% cap
DISCOUNT_ABUSE,O008286,I013340,244.9,R21: 30% given vs 20% cap
DISCOUNT_ABUSE,O008292,I013350,25.9,R24: 25% given vs 15% cap
DISCOUNT_ABUSE,O008354,I013439,585.8,R21: 45% given vs 25% cap
DISCOUNT_ABUSE,O008358,I013444,475.6,R16: 35% given vs 15% cap
DISCOUNT_ABUSE,O008417,I013525,133.8,R21: 30% given vs 10% cap
DISCOUNT_ABUSE,O008417,I013526,158.7,R21: 30% given vs 15% cap
DISCOUNT_ABUSE,O008455,I013588,193.8,R21: 35% given vs 15% cap
DISCOUNT_ABUSE,O008455,I013589,229.8,R21: 40% given vs 20% cap
DISCOUNT_ABUSE,O008521,I013686,196.9,R24: 35% given vs 25% cap
DISCOUNT_ABUSE,O008606,I013826,407.7,R24: 20% given vs 10% cap
DISCOUNT_ABUSE,O008612,I013837,193.8,R14: 35% given vs 15% cap
DISCOUNT_ABUSE,O008637,I013868,131.9,R24: 25% given vs 15% cap
DISCOUNT_ABUSE,O008659,I013905,257.9,R19: 35% given vs 25% cap
DISCOUNT_ABUSE,O008747,I014046,85.35,R20: 30% given vs 15% cap
DISCOUNT_ABUSE,O008775,I014084,215.85,R20: 40% given vs 25% cap
DISCOUNT_ABUSE,O008864,I014229,143.6,R19: 35% given vs 15% cap
DISCOUNT_ABUSE,O008908,I014298,170.9,R21: 30% given vs 20% cap
DISCOUNT_ABUSE,O008908,I014299,341.8,R21: 40% given vs 20% cap
DISCOUNT_ABUSE,O008908,I014300,295.6,R21: 35% given vs 15% cap
DISCOUNT_ABUSE,O008942,I014365,332.85,R24: 40% given vs 25% cap
DISCOUNT_ABUSE,O008964,I014402,324.9,R16: 30% given vs 20% cap
DISCOUNT_ABUSE,O008973,I014412,34.9,R16: 25% given vs 15% cap
DISCOUNT_ABUSE,O008982,I014425,93.9,R20: 20% given vs 10% cap
DISCOUNT_ABUSE,O009040,I014516,197.85,R14: 30% given vs 15% cap
DISCOUNT_ABUSE,O009073,I014566,257.9,R21: 35% given vs 25% cap
DISCOUNT_ABUSE,O009155,I014693,125.85,R14: 40% given vs 25% cap
DISCOUNT_ABUSE,O009250,I014833,52.9,R20: 25% given vs 15% cap
DISCOUNT_ABUSE,O009257,I014841,439.6,R20: 35% given vs 15% cap
DISCOUNT_ABUSE,O009270,I014859,191.85,R16: 35% given vs 20% cap
DISCOUNT_ABUSE,O009284,I014886,147.8,R24: 35% given vs 15% cap
DISCOUNT_ABUSE,O009284,I014887,170.7,R24: 20% given vs 10% cap
DISCOUNT_ABUSE,O009315,I014940,86.85,R24: 30% given vs 15% cap
DISCOUNT_ABUSE,O009315,I014941,113.8,R24: 35% given vs 15% cap
DISCOUNT_ABUSE,O009315,I014942,144.9,R24: 20% given vs 10% cap
DISCOUNT_ABUSE,O009315,I014943,437.7,R24: 30% given vs 15% cap
DISCOUNT_ABUSE,O009324,I014953,133.8,R16: 30% given vs 10% cap
DISCOUNT_ABUSE,O009399,I015073,133.8,R19: 45% given vs 25% cap
DISCOUNT_ABUSE,O009464,I015175,65.8,R24: 45% given vs 25% cap
DISCOUNT_ABUSE,O009523,I015275,218.85,R14: 40% given vs 25% cap
DISCOUNT_ABUSE,O009555,I015322,125.9,R16: 35% given vs 25% cap
DISCOUNT_ABUSE,O009560,I015332,137.8,R14: 45% given vs 25% cap
DISCOUNT_ABUSE,O009560,I015333,237.8,R14: 25% given vs 15% cap
DISCOUNT_ABUSE,O009606,I015409,434.7,R19: 35% given vs 25% cap
DISCOUNT_ABUSE,O009606,I015411,289.8,R19: 45% given vs 25% cap
DISCOUNT_ABUSE,O009760,I015653,431.85,R19: 35% given vs 20% cap
DISCOUNT_ABUSE,O009838,I015793,290.7,R24: 30% given vs 15% cap
DISCOUNT_ABUSE,O009838,I015794,255.8,R24: 45% given vs 25% cap
DISCOUNT_ABUSE,O009838,I015795,238.05,R24: 30% given vs 15% cap
DISCOUNT_ABUSE,O009868,I015842,293.8,R21: 35% given vs 15% cap
DISCOUNT_ABUSE,O009941,I015966,271.9,R20: 35% given vs 25% cap
DISCOUNT_ABUSE,O009942,I015967,125.85,R14: 35% given vs 20% cap
DISCOUNT_ABUSE,O009943,I015969,96.9,R20: 35% given vs 25% cap
DISCOUNT_ABUSE,O010105,I016222,287.8,R21: 45% given vs 25% cap
DISCOUNT_ABUSE,O010220,I016407,93.9,R21: 25% given vs 15% cap
DISCOUNT_ABUSE,O010299,I016523,103.35,R14: 40% given vs 25% cap
DISCOUNT_ABUSE,O010360,I016619,193.35,R21: 25% given vs 10% cap
DISCOUNT_ABUSE,O010410,I016699,122.9,R16: 35% given vs 25% cap
DISCOUNT_ABUSE,O010410,I016700,131.85,R16: 40% given vs 25% cap
DISCOUNT_ABUSE,O010449,I016752,219.8,R20: 30% given vs 10% cap
DISCOUNT_ABUSE,O010477,I016789,49.35,R14: 40% given vs 25% cap
DISCOUNT_ABUSE,O010506,I016836,161.8,R24: 30% given vs 10% cap
DISCOUNT_ABUSE,O010517,I016852,93.9,R21: 25% given vs 15% cap
DISCOUNT_ABUSE,O010520,I016857,137.8,R21: 45% given vs 25% cap
DISCOUNT_ABUSE,O010531,I016873,56.9,R21: 25% given vs 15% cap
DISCOUNT_ABUSE,O010618,I017015,63.9,R14: 20% given vs 10% cap
DISCOUNT_ABUSE,O010628,I017028,443.4,R16: 35% given vs 15% cap
DISCOUNT_ABUSE,O010698,I017137,64.35,R21: 25% given vs 10% cap
DISCOUNT_ABUSE,O010730,I017182,286.35,R19: 40% given vs 25% cap
DISCOUNT_ABUSE,O010860,I017402,164.85,R24: 25% given vs 10% cap
DISCOUNT_ABUSE,O010919,I017494,95.85,R19: 30% given vs 15% cap
DISCOUNT_ABUSE,O010930,I017512,235.8,R24: 35% given vs 25% cap
DISCOUNT_ABUSE,O011001,I017628,327.8,R14: 45% given vs 25% cap
DISCOUNT_ABUSE,O011017,I017649,197.8,R20: 45% given vs 25% cap
DISCOUNT_ABUSE,O011028,I017665,110.85,R24: 30% given vs 15% cap
DISCOUNT_ABUSE,O011037,I017679,96.9,R19: 25% given vs 15% cap
DISCOUNT_ABUSE,O011082,I017757,105.8,R20: 35% given vs 15% cap
DISCOUNT_ABUSE,O011275,I018080,487.35,R20: 35% given vs 20% cap
DISCOUNT_ABUSE,O011341,I018180,324.9,R19: 30% given vs 20% cap
DISCOUNT_ABUSE,O011341,I018181,38.85,R19: 30% given vs 15% cap
DISCOUNT_ABUSE,O011341,I018182,238.05,R19: 30% given vs 15% cap
DISCOUNT_ABUSE,O011377,I018233,62.85,R14: 30% given vs 15% cap
DISCOUNT_ABUSE,O011382,I018244,69.8,R16: 35% given vs 15% cap
DISCOUNT_ABUSE,O011417,I018299,112.9,R24: 25% given vs 15% cap
DISCOUNT_ABUSE,O011440,I018334,191.85,R19: 35% given vs 20% cap
DISCOUNT_ABUSE,O011457,I018368,386.85,R14: 40% given vs 25% cap
DISCOUNT_ABUSE,O011552,I018518,237.8,R24: 35% given vs 15% cap
DISCOUNT_ABUSE,O011568,I018541,489.8,R24: 40% given vs 20% cap
DISCOUNT_ABUSE,O011568,I018542,135.9,R24: 20% given vs 10% cap
DISCOUNT_ABUSE,O011635,I018648,125.85,R19: 35% given vs 20% cap
DISCOUNT_ABUSE,O011685,I018730,149.9,R14: 30% given vs 20% cap
DISCOUNT_ABUSE,O011741,I018815,100.35,R20: 25% given vs 10% cap
DISCOUNT_ABUSE,O011793,I018902,242.85,R24: 25% given vs 10% cap
DISCOUNT_ABUSE,O011816,I018937,295.6,R16: 35% given vs 15% cap
DISCOUNT_ABUSE,O011840,I018978,143.9,R14: 35% given vs 25% cap
DISCOUNT_ABUSE,O011906,I019081,267.6,R14: 45% given vs 25% cap
DISCOUNT_ABUSE,O011971,I019184,107.85,R20: 35% given vs 20% cap
DISCOUNT_ABUSE,O011987,I019210,217.35,R24: 25% given vs 10% cap
DISCOUNT_ABUSE,O011987,I019212,213.8,R24: 25% given vs 15% cap
DISCOUNT_ABUSE,O012028,I019271,92.9,R24: 20% given vs 10% cap
DISCOUNT_ABUSE,O012091,I019367,295.6,R24: 35% given vs 15% cap
DISCOUNT_ABUSE,O012134,I019433,150.9,R21: 30% given vs 20% cap
DISCOUNT_ABUSE,O012218,I019561,73.9,R14: 25% given vs 15% cap
DISCOUNT_ABUSE,O012537,I020068,256.05,R14: 30% given vs 15% cap
DISCOUNT_ABUSE,O012562,I020108,131.6,R19: 45% given vs 25% cap
DISCOUNT_ABUSE,O012562,I020109,43.8,R19: 35% given vs 15% cap
DISCOUNT_ABUSE,O012674,I020285,271.9,R21: 35% given vs 25% cap
DISCOUNT_ABUSE,O012679,I020297,225.8,R14: 35% given vs 15% cap
DISCOUNT_ABUSE,O012689,I020310,226.35,R19: 35% given vs 20% cap
DISCOUNT_ABUSE,O012723,I020363,110.85,R21: 30% given vs 15% cap
DISCOUNT_ABUSE,O012727,I020368,590.7,R16: 35% given vs 25% cap
DISCOUNT_ABUSE,O012836,I020535,439.6,R19: 30% given vs 10% cap
DISCOUNT_ABUSE,O012836,I020536,155.85,R19: 30% given vs 15% cap
DISCOUNT_ABUSE,O012849,I020558,83.9,R14: 35% given vs 25% cap
DISCOUNT_ABUSE,O012992,I020794,223.35,R24: 25% given vs 10% cap
DISCOUNT_ABUSE,O012992,I020795,153.8,R24: 40% given vs 20% cap
DISCOUNT_ABUSE,O013077,I020937,167.85,R21: 25% given vs 10% cap
DISCOUNT_ABUSE,O013131,I021035,75.9,R19: 30% given vs 20% cap
DISCOUNT_ABUSE,O013161,I021081,150.9,R21: 30% given vs 20% cap
DISCOUNT_ABUSE,O013329,I021342,125.9,R20: 20% given vs 10% cap
DISCOUNT_ABUSE,O013334,I021350,205.8,R20: 45% given vs 25% cap
DISCOUNT_ABUSE,O013351,I021374,123.8,R21: 25% given vs 15% cap
DISCOUNT_ABUSE,O013436,I021507,56.9,R14: 25% given vs 15% cap
DISCOUNT_ABUSE,O013450,I021537,295.35,R24: 40% given vs 25% cap
DISCOUNT_ABUSE,O013465,I021563,226.35,R24: 35% given vs 20% cap
DISCOUNT_ABUSE,O013511,I021635,575.8,R24: 40% given vs 20% cap
DISCOUNT_ABUSE,O013550,I021696,146.9,R14: 25% given vs 15% cap
DISCOUNT_ABUSE,O013562,I021715,109.9,R16: 25% given vs 15% cap
DISCOUNT_ABUSE,O013562,I021716,93.8,R16: 30% given vs 10% cap
DISCOUNT_ABUSE,O013577,I021742,719.6,R14: 45% given vs 25% cap
DISCOUNT_ABUSE,O013581,I021747,356.7,R20: 30% given vs 15% cap
DISCOUNT_ABUSE,O013622,I021806,155.85,R24: 30% given vs 15% cap
DISCOUNT_ABUSE,O013685,I021905,218.85,R24: 40% given vs 25% cap
DISCOUNT_ABUSE,O013789,I022070,257.9,R21: 35% given vs 25% cap
DISCOUNT_ABUSE,O013789,I022071,287.8,R21: 35% given vs 25% cap
DISCOUNT_ABUSE,O013810,I022104,814.05,R21: 40% given vs 25% cap
DISCOUNT_ABUSE,O013877,I022207,148.9,R20: 20% given vs 10% cap
DISCOUNT_ABUSE,O013877,I022209,393.8,R20: 45% given vs 25% cap
DISCOUNT_ABUSE,O013883,I022217,141.9,R20: 30% given vs 20% cap
DISCOUNT_ABUSE,O013938,I022301,395.6,R14: 45% given vs 25% cap
DISCOUNT_ABUSE,O013998,I022390,217.35,R19: 25% given vs 10% cap
DISCOUNT_ABUSE,O013998,I022391,64.35,R19: 40% given vs 25% cap
DISCOUNT_ABUSE,O014098,I022549,110.85,R16: 30% given vs 15% cap
DISCOUNT_ABUSE,O014125,I022590,103.35,R16: 40% given vs 25% cap
DISCOUNT_ABUSE,O014125,I022591,515.8,R16: 45% given vs 25% cap
DISCOUNT_ABUSE,O014181,I022682,225.8,R16: 25% given vs 15% cap
DISCOUNT_ABUSE,O014292,I022863,51.8,R20: 35% given vs 15% cap
DISCOUNT_ABUSE,O014293,I022864,113.8,R19: 35% given vs 15% cap
DISCOUNT_ABUSE,O014301,I022878,131.9,R16: 25% given vs 15% cap
DISCOUNT_ABUSE,O014301,I022879,121.8,R16: 40% given vs 20% cap
DISCOUNT_ABUSE,O014312,I022894,193.35,R19: 25% given vs 10% cap
DISCOUNT_ABUSE,O014368,I022981,193.35,R24: 25% given vs 10% cap
DISCOUNT_ABUSE,O014368,I022983,451.8,R24: 45% given vs 25% cap
DISCOUNT_ABUSE,O014450,I023113,279.8,R16: 45% given vs 25% cap
DISCOUNT_ABUSE,O014520,I023213,513.8,R20: 45% given vs 25% cap
DISCOUNT_ABUSE,O014554,I023265,103.6,R21: 35% given vs 15% cap
DISCOUNT_ABUSE,O014575,I023304,104.7,R21: 30% given vs 15% cap
DISCOUNT_ABUSE,O014680,I023488,307.6,R16: 40% given vs 20% cap
DISCOUNT_ABUSE,O014811,I023694,133.8,R19: 30% given vs 10% cap
DISCOUNT_ABUSE,O014811,I023695,52.9,R19: 25% given vs 15% cap
DISCOUNT_ABUSE,O014879,I023808,131.8,R20: 45% given vs 25% cap
DISCOUNT_ABUSE,O014879,I023809,105.8,R20: 35% given vs 15% cap
DISCOUNT_ABUSE,O014884,I023816,33.9,R24: 25% given vs 15% cap
DISCOUNT_ABUSE,O015028,I024045,219.8,R20: 30% given vs 10% cap
DISCOUNT_ABUSE,O015075,I024119,197.8,R24: 35% given vs 25% cap
DISCOUNT_ABUSE,O015104,I024174,271.9,R21: 30% given vs 20% cap
DISCOUNT_ABUSE,O015104,I024175,66.9,R21: 20% given vs 10% cap
DISCOUNT_ABUSE,O015145,I024225,255.8,R24: 40% given vs 20% cap
DISCOUNT_ABUSE,O015174,I024269,301.8,R20: 40% given vs 20% cap
DISCOUNT_ABUSE,O015178,I024275,375.6,R24: 30% given vs 10% cap
DISCOUNT_ABUSE,O015178,I024276,353.7,R24: 25% given vs 15% cap
DISCOUNT_ABUSE,O015198,I024310,131.85,R21: 40% given vs 25% cap
DISCOUNT_ABUSE,O015386,I024604,221.9,R16: 35% given vs 25% cap
DISCOUNT_ABUSE,O015386,I024605,471.6,R16: 35% given vs 15% cap
DISCOUNT_ABUSE,O015553,I024867,56.9,R24: 25% given vs 15% cap
DISCOUNT_ABUSE,O015587,I024909,301.8,R16: 40% given vs 20% cap
DISCOUNT_ABUSE,O015722,I025129,141.8,R20: 30% given vs 10% cap
DISCOUNT_ABUSE,O015773,I025213,217.35,R14: 25% given vs 10% cap
DISCOUNT_ABUSE,O015830,I025299,737.4,R19: 45% given vs 25% cap
DISCOUNT_ABUSE,O015843,I025318,563.4,R19: 30% given vs 10% cap
DISCOUNT_ABUSE,O015904,I025409,301.8,R19: 30% given vs 20% cap
DISCOUNT_ABUSE,O015908,I025416,649.8,R24: 40% given vs 20% cap
DISCOUNT_ABUSE,O016159,I025833,562.05,R19: 40% given vs 25% cap
DISCOUNT_ABUSE,O016159,I025834,299.8,R19: 40% given vs 20% cap
DISCOUNT_ABUSE,O016159,I025836,56.9,R19: 25% given vs 15% cap
DISCOUNT_ABUSE,O016267,I026005,440.7,R21: 25% given vs 15% cap
DISCOUNT_ABUSE,O016311,I026082,70.35,R20: 25% given vs 10% cap
DISCOUNT_ABUSE,O016324,I026101,137.8,R14: 45% given vs 25% cap
DISCOUNT_ABUSE,O016324,I026102,34.9,R14: 25% given vs 15% cap
DISCOUNT_ABUSE,O016324,I026103,515.8,R14: 45% given vs 25% cap
DISCOUNT_ABUSE,O016387,I026203,475.6,R19: 35% given vs 15% cap
DISCOUNT_ABUSE,O016390,I026210,110.85,R19: 30% given vs 15% cap
DISCOUNT_ABUSE,O016414,I026254,93.8,R14: 30% given vs 10% cap
DISCOUNT_ABUSE,O016480,I026347,118.9,R16: 25% given vs 15% cap
DISCOUNT_ABUSE,O016480,I026348,217.35,R16: 40% given vs 25% cap
DISCOUNT_ABUSE,O016548,I026455,237.8,R24: 35% given vs 15% cap
DISCOUNT_ABUSE,O016614,I026546,69.8,R16: 35% given vs 15% cap
DISCOUNT_ABUSE,O016634,I026577,332.85,R24: 40% given vs 25% cap
DISCOUNT_ABUSE,O016672,I026635,407.85,R24: 40% given vs 25% cap
DISCOUNT_ABUSE,O016673,I026636,72.9,R14: 30% given vs 20% cap
DISCOUNT_ABUSE,O016704,I026681,283.8,R21: 40% given vs 20% cap
DISCOUNT_ABUSE,O016730,I026722,131.9,R14: 25% given vs 15% cap
DISCOUNT_ABUSE,O016867,I026937,79.35,R24: 30% given vs 15% cap
DISCOUNT_ABUSE,O016912,I027004,1949.4,R20: 40% given vs 20% cap
DISCOUNT_ABUSE,O016924,I027031,205.8,R19: 35% given vs 25% cap
DISCOUNT_ABUSE,O016996,I027141,869.4,R16: 30% given vs 10% cap
DISCOUNT_ABUSE,O016996,I027142,393.8,R16: 45% given vs 25% cap
DISCOUNT_ABUSE,O017079,I027278,115.35,R24: 35% given vs 20% cap
DISCOUNT_ABUSE,O017085,I027286,70.9,R19: 20% given vs 10% cap
DISCOUNT_ABUSE,O017093,I027301,71.9,R21: 25% given vs 15% cap
DISCOUNT_ABUSE,O017093,I027303,92.85,R21: 25% given vs 10% cap
DISCOUNT_ABUSE,O017096,I027306,103.35,R20: 40% given vs 25% cap
DISCOUNT_ABUSE,O017106,I027317,61.9,R14: 20% given vs 10% cap
DISCOUNT_ABUSE,O017153,I027400,93.8,R16: 30% given vs 10% cap
DISCOUNT_ABUSE,O017153,I027402,483.8,R16: 40% given vs 20% cap
DISCOUNT_ABUSE,O017169,I027429,139.9,R14: 20% given vs 10% cap
DISCOUNT_ABUSE,O017194,I027471,113.8,R16: 35% given vs 15% cap
DISCOUNT_ABUSE,O017248,I027571,79.8,R20: 45% given vs 25% cap
DISCOUNT_ABUSE,O017261,I027591,38.85,R21: 30% given vs 15% cap
DISCOUNT_ABUSE,O017280,I027625,217.35,R20: 25% given vs 10% cap
DISCOUNT_ABUSE,O017307,I027660,80.9,R24: 20% given vs 10% cap
DISCOUNT_ABUSE,O017318,I027676,188.85,R16: 40% given vs 25% cap
DISCOUNT_ABUSE,O017348,I027723,139.35,R16: 25% given vs 10% cap
DISCOUNT_ABUSE,O017520,I027991,257.9,R20: 35% given vs 25% cap
DISCOUNT_ABUSE,O017543,I028029,967.6,R19: 40% given vs 20% cap
DISCOUNT_ABUSE,O017543,I028030,114.9,R19: 30% given vs 20% cap
DISCOUNT_ABUSE,O017618,I028145,287.9,R19: 35% given vs 25% cap
DISCOUNT_ABUSE,O017675,I028230,361.8,R14: 55% given vs 35% cap
DISCOUNT_ABUSE,O017694,I028262,125.85,R14: 45% given vs 30% cap
DISCOUNT_ABUSE,O017878,I028553,167.85,R24: 35% given vs 20% cap
DISCOUNT_ABUSE,O017919,I028615,271.9,R19: 45% given vs 35% cap
DISCOUNT_ABUSE,O017924,I028623,212.85,R20: 45% given vs 30% cap
DISCOUNT_ABUSE,O017989,I028724,127.9,R16: 40% given vs 30% cap
DISCOUNT_ABUSE,O017995,I028735,419.7,R14: 50% given vs 35% cap
DISCOUNT_ABUSE,O017999,I028743,254.7,R24: 40% given vs 25% cap
DISCOUNT_ABUSE,O018072,I028858,244.9,R16: 40% given vs 30% cap
DISCOUNT_ABUSE,O018072,I028859,451.8,R16: 55% given vs 35% cap
DISCOUNT_ABUSE,O018092,I028887,491.6,R16: 55% given vs 35% cap
DISCOUNT_ABUSE,O018092,I028888,257.9,R16: 45% given vs 35% cap
DISCOUNT_ABUSE,O018136,I028955,34.9,R21: 35% given vs 25% cap
DISCOUNT_ABUSE,O018138,I028957,223.35,R24: 35% given vs 20% cap
DISCOUNT_ABUSE,O018161,I028996,140.85,R16: 35% given vs 20% cap
DISCOUNT_ABUSE,O018196,I029052,147.8,R20: 45% given vs 25% cap
DISCOUNT_ABUSE,O018265,I029169,160.35,R16: 40% given vs 25% cap
DISCOUNT_ABUSE,O018309,I029237,439.35,R20: 50% given vs 35% cap
DISCOUNT_ABUSE,O018451,I029466,324.9,R21: 40% given vs 30% cap
DISCOUNT_ABUSE,O018638,I029753,105.8,R20: 45% given vs 25% cap
DISCOUNT_ABUSE,O018711,I029865,113.8,R14: 40% given vs 20% cap
DISCOUNT_ABUSE,O018734,I029905,185.8,R24: 40% given vs 20% cap
DISCOUNT_ABUSE,O018775,I029965,131.85,R16: 50% given vs 35% cap
DISCOUNT_ABUSE,O018947,I030246,263.8,R19: 45% given vs 25% cap
DISCOUNT_ABUSE,O018947,I030247,257.8,R19: 30% given vs 20% cap
DISCOUNT_ABUSE,O019008,I030341,393.8,R24: 45% given vs 35% cap
DISCOUNT_ABUSE,O019037,I030383,81.8,R20: 40% given vs 20% cap
DISCOUNT_ABUSE,O019140,I030552,150.9,R24: 40% given vs 30% cap
DISCOUNT_ABUSE,O019260,I030747,148.9,R19: 30% given vs 20% cap
DISCOUNT_ABUSE,O019260,I030748,299.85,R19: 50% given vs 35% cap
DISCOUNT_ABUSE,O019287,I030792,100.35,R14: 35% given vs 20% cap
DISCOUNT_ABUSE,O019358,I030896,386.85,R14: 50% given vs 35% cap
DISCOUNT_ABUSE,O019371,I030916,52.9,R14: 35% given vs 25% cap
DISCOUNT_ABUSE,O019391,I030941,85.35,R14: 40% given vs 25% cap
DISCOUNT_ABUSE,O019433,I030999,68.9,R16: 45% given vs 35% cap
DISCOUNT_ABUSE,O019450,I031020,144.9,R19: 30% given vs 20% cap
DISCOUNT_ABUSE,O019507,I031121,105.8,R24: 45% given vs 25% cap
DISCOUNT_ABUSE,O019507,I031122,137.8,R24: 45% given vs 35% cap
DISCOUNT_ABUSE,O019509,I031124,73.9,R24: 35% given vs 25% cap
DISCOUNT_ABUSE,O019571,I031222,69.8,R16: 45% given vs 25% cap
DISCOUNT_ABUSE,O019825,I031638,147.8,R24: 45% given vs 25% cap
DISCOUNT_ABUSE,O019825,I031639,187.8,R24: 30% given vs 20% cap
DISCOUNT_ABUSE,O019877,I031728,217.35,R16: 35% given vs 20% cap
DISCOUNT_ABUSE,O019978,I031891,249.8,R20: 55% given vs 35% cap
DISCOUNT_ABUSE,O019979,I031892,97.35,R19: 50% given vs 35% cap
DISCOUNT_ABUSE,O019979,I031893,68.9,R19: 45% given vs 35% cap
DISCOUNT_ABUSE,O020043,I031991,131.4,R16: 45% given vs 25% cap
DISCOUNT_ABUSE,O020046,I031994,85.8,R21: 30% given vs 20% cap
DISCOUNT_ABUSE,O020075,I032038,111.9,R24: 45% given vs 35% cap
DISCOUNT_ABUSE,O020075,I032040,227.6,R24: 45% given vs 25% cap
DISCOUNT_ABUSE,O020075,I032041,115.35,R24: 45% given vs 30% cap
DISCOUNT_ABUSE,O020093,I032067,237.8,R19: 35% given vs 25% cap
DISCOUNT_ABUSE,O020093,I032068,109.9,R19: 35% given vs 25% cap
DISCOUNT_ABUSE,O020093,I032069,113.8,R19: 45% given vs 25% cap
DISCOUNT_ABUSE,O020098,I032075,515.8,R19: 55% given vs 35% cap
DISCOUNT_ABUSE,O020210,I032253,105.8,R14: 45% given vs 25% cap
DISCOUNT_ABUSE,O020271,I032356,289.8,R20: 55% given vs 35% cap
DISCOUNT_ABUSE,O020315,I032422,170.7,R20: 40% given vs 25% cap
DISCOUNT_ABUSE,O020315,I032423,219.8,R20: 40% given vs 20% cap
DISCOUNT_ABUSE,O020325,I032438,148.05,R16: 50% given vs 35% cap
DISCOUNT_ABUSE,O020328,I032445,590.7,R21: 45% given vs 35% cap
DISCOUNT_ABUSE,O020399,I032577,211.6,R24: 45% given vs 25% cap
DISCOUNT_ABUSE,O020440,I032651,260.55,R19: 40% given vs 25% cap
DISCOUNT_ABUSE,O020440,I032652,110.85,R19: 40% given vs 25% cap
DISCOUNT_ABUSE,O020480,I032716,129.8,R14: 55% given vs 35% cap
DISCOUNT_ABUSE,O020480,I032717,329.7,R14: 35% given vs 25% cap
DISCOUNT_ABUSE,O020513,I032765,193.8,R14: 45% given vs 25% cap
DISCOUNT_ABUSE,O020518,I032771,107.85,R21: 45% given vs 30% cap
DISCOUNT_ABUSE,O020518,I032772,79.35,R21: 40% given vs 25% cap
DISCOUNT_ABUSE,O020518,I032773,187.6,R21: 40% given vs 20% cap
DISCOUNT_ABUSE,O020518,I032774,344.7,R21: 45% given vs 30% cap
DISCOUNT_ABUSE,O020531,I032791,100.9,R20: 35% given vs 25% cap
DISCOUNT_ABUSE,O020602,I032905,143.9,R19: 45% given vs 35% cap
DISCOUNT_ABUSE,O020655,I032991,362.85,R24: 45% given vs 30% cap
DISCOUNT_ABUSE,O020787,I033229,193.8,R19: 55% given vs 35% cap
DISCOUNT_ABUSE,O020855,I033331,61.9,R16: 30% given vs 20% cap
DISCOUNT_ABUSE,O020865,I033349,230.7,R19: 45% given vs 30% cap
DISCOUNT_ABUSE,O020865,I033350,128.7,R19: 30% given vs 20% cap
DISCOUNT_ABUSE,O020880,I033372,281.7,R14: 40% given vs 25% cap
DISCOUNT_ABUSE,O021253,I033962,107.85,R21: 45% given vs 30% cap
DISCOUNT_ABUSE,O021352,I034123,191.85,R16: 45% given vs 30% cap
DISCOUNT_ABUSE,O021438,I034258,434.7,R14: 35% given vs 20% cap
DISCOUNT_ABUSE,O021461,I034290,123.8,R20: 45% given vs 25% cap
DISCOUNT_ABUSE,O021535,I034401,81.8,R21: 30% given vs 20% cap
DISCOUNT_ABUSE,O021536,I034403,269.85,R14: 50% given vs 35% cap
DISCOUNT_ABUSE,O021536,I034404,144.9,R14: 30% given vs 20% cap
DISCOUNT_ABUSE,O021552,I034431,244.9,R19: 40% given vs 30% cap
DISCOUNT_ABUSE,O021552,I034432,68.9,R19: 45% given vs 35% cap
DISCOUNT_ABUSE,O021583,I034484,32.9,R19: 45% given vs 35% cap
DISCOUNT_ABUSE,O021596,I034508,117.9,R20: 35% given vs 25% cap
DISCOUNT_ABUSE,O021749,I034756,25.9,R24: 35% given vs 25% cap
DISCOUNT_ABUSE,O021749,I034757,113.8,R24: 45% given vs 25% cap
DISCOUNT_ABUSE,O021799,I034834,114.9,R14: 40% given vs 30% cap
DISCOUNT_ABUSE,O021804,I034842,338.85,R14: 50% given vs 35% cap
DISCOUNT_ABUSE,O021814,I034860,289.8,R19: 40% given vs 20% cap
DISCOUNT_ABUSE,O021816,I034863,543.6,R21: 40% given vs 20% cap
DISCOUNT_ABUSE,O021844,I034903,79.35,R19: 40% given vs 25% cap
DISCOUNT_ABUSE,O021852,I034918,158.7,R21: 35% given vs 25% cap
DISCOUNT_ABUSE,O021860,I034929,242.85,R14: 35% given vs 20% cap
DISCOUNT_ABUSE,O021870,I034946,583.6,R21: 45% given vs 25% cap
DISCOUNT_ABUSE,O021883,I034962,25.9,R14: 35% given vs 25% cap
DISCOUNT_ABUSE,O021949,I035065,146.85,R21: 40% given vs 25% cap
DISCOUNT_ABUSE,O022012,I035160,135.6,R21: 45% given vs 25% cap
DISCOUNT_ABUSE,O022015,I035166,100.35,R24: 50% given vs 35% cap
DISCOUNT_ABUSE,O022037,I035210,141.9,R14: 40% given vs 30% cap
DISCOUNT_ABUSE,O022058,I035246,195.8,R20: 45% given vs 25% cap
DISCOUNT_ABUSE,O022138,I035371,125.9,R16: 45% given vs 35% cap
DISCOUNT_ABUSE,O022159,I035403,131.9,R19: 35% given vs 25% cap
DISCOUNT_ABUSE,O022276,I035587,661.05,R20: 40% given vs 25% cap
DISCOUNT_ABUSE,O022276,I035588,25.9,R20: 35% given vs 25% cap
DISCOUNT_ABUSE,O022314,I035646,221.9,R21: 45% given vs 35% cap
DISCOUNT_ABUSE,O022363,I035741,235.8,R19: 55% given vs 35% cap
DISCOUNT_ABUSE,O022424,I035847,223.8,R24: 55% given vs 35% cap
DISCOUNT_ABUSE,O022465,I035912,221.9,R20: 45% given vs 35% cap
DISCOUNT_ABUSE,O022519,I036012,145.8,R19: 40% given vs 30% cap
DISCOUNT_ABUSE,O022639,I036191,196.9,R24: 45% given vs 35% cap
DISCOUNT_ABUSE,O022674,I036244,317.4,R19: 45% given vs 25% cap
DISCOUNT_ABUSE,O022720,I036323,169.35,R14: 40% given vs 25% cap
DISCOUNT_ABUSE,O022720,I036324,127.9,R14: 35% given vs 25% cap
DISCOUNT_ABUSE,O022720,I036325,967.6,R14: 50% given vs 30% cap
DISCOUNT_ABUSE,O022846,I036526,207.8,R16: 45% given vs 25% cap
DISCOUNT_ABUSE,O022895,I036600,110.85,R19: 40% given vs 25% cap
DISCOUNT_ABUSE,O022895,I036601,93.8,R19: 45% given vs 25% cap
DISCOUNT_ABUSE,O022895,I036602,63.9,R19: 30% given vs 20% cap
DISCOUNT_ABUSE,O022895,I036603,585.8,R19: 55% given vs 35% cap
DISCOUNT_ABUSE,O022909,I036623,383.7,R20: 45% given vs 35% cap
DISCOUNT_ABUSE,O022918,I036637,93.9,R21: 30% given vs 20% cap
DISCOUNT_ABUSE,O022931,I036656,164.85,R14: 40% given vs 25% cap
DISCOUNT_ABUSE,O022986,I036729,92.9,R14: 30% given vs 20% cap
DISCOUNT_ABUSE,O023022,I036774,98.9,R14: 45% given vs 35% cap
DISCOUNT_ABUSE,O023120,I036916,66.9,R19: 30% given vs 20% cap
DISCOUNT_ABUSE,O023120,I036918,87.8,R19: 45% given vs 25% cap
DISCOUNT_ABUSE,O023139,I036947,221.7,R14: 40% given vs 25% cap
DISCOUNT_ABUSE,O023139,I036948,68.9,R14: 45% given vs 35% cap
DISCOUNT_ABUSE,O023173,I037003,68.9,R19: 45% given vs 35% cap
DISCOUNT_ABUSE,O023267,I037154,677.7,R24: 45% given vs 35% cap
DISCOUNT_ABUSE,O023366,I037315,73.9,R14: 35% given vs 25% cap
DISCOUNT_ABUSE,O023386,I037346,111.9,R21: 45% given vs 35% cap
DISCOUNT_ABUSE,O023386,I037347,255.6,R21: 40% given vs 20% cap
DISCOUNT_ABUSE,O023415,I037394,125.85,R19: 40% given vs 25% cap
DISCOUNT_ABUSE,O023424,I037405,434.7,R19: 35% given vs 20% cap
DISCOUNT_ABUSE,O023424,I037406,96.9,R19: 35% given vs 25% cap
DISCOUNT_ABUSE,O023449,I037445,140.85,R24: 35% given vs 20% cap
DISCOUNT_ABUSE,O023465,I037469,287.9,R21: 45% given vs 35% cap
DISCOUNT_ABUSE,O023522,I037569,293.8,R14: 45% given vs 25% cap
DISCOUNT_ABUSE,O023577,I037663,46.9,R21: 30% given vs 20% cap
DISCOUNT_ABUSE,O023586,I037676,175.8,R21: 55% given vs 35% cap
DISCOUNT_ABUSE,O023680,I037838,149.8,R16: 45% given vs 25% cap
DISCOUNT_ABUSE,O023726,I037911,52.9,R20: 35% given vs 25% cap
DISCOUNT_ABUSE,O023806,I038028,143.8,R24: 50% given vs 30% cap
DISCOUNT_ABUSE,O023825,I038059,52.9,R21: 35% given vs 25% cap
DISCOUNT_ABUSE,O023923,I038195,150.9,R20: 40% given vs 30% cap
DISCOUNT_ABUSE,O023926,I038198,71.9,R20: 35% given vs 25% cap
DISCOUNT_ABUSE,O023926,I038199,158.7,R20: 40% given vs 25% cap
DISCOUNT_ABUSE,O023956,I038241,585.8,R21: 45% given vs 35% cap
DISCOUNT_ABUSE,O023956,I038242,131.85,R21: 50% given vs 35% cap
DISCOUNT_ABUSE,O023956,I038243,143.9,R21: 45% given vs 35% cap
DISCOUNT_ABUSE,O023976,I038272,137.8,R20: 55% given vs 35% cap
DISCOUNT_ABUSE,O024013,I038331,118.9,R14: 35% given vs 25% cap
DISCOUNT_ABUSE,O024193,I038609,229.8,R21: 50% given vs 30% cap
DISCOUNT_ABUSE,O024193,I038611,150.9,R21: 40% given vs 30% cap
DISCOUNT_ABUSE,O024227,I038666,187.8,R20: 40% given vs 20% cap
DISCOUNT_ABUSE,O024227,I038668,68.9,R20: 45% given vs 35% cap
DISCOUNT_ABUSE,O024227,I038669,127.9,R20: 45% given vs 35% cap
DISCOUNT_ABUSE,O024253,I038704,51.8,R14: 45% given vs 25% cap
DISCOUNT_ABUSE,O024309,I038785,161.9,R19: 30% given vs 20% cap
DISCOUNT_ABUSE,O024393,I038905,79.35,R24: 40% given vs 25% cap
DISCOUNT_ABUSE,O024393,I038908,169.35,R24: 40% given vs 25% cap
DISCOUNT_ABUSE,O024465,I039018,170.9,R21: 40% given vs 30% cap
DISCOUNT_ABUSE,O024472,I039028,361.8,R20: 55% given vs 35% cap
DISCOUNT_ABUSE,O024584,I039208,164.85,R20: 40% given vs 25% cap
DISCOUNT_ABUSE,O024733,I039453,241.9,R24: 40% given vs 30% cap
DISCOUNT_ABUSE,O024738,I039460,113.8,R19: 45% given vs 25% cap
DISCOUNT_ABUSE,O024771,I039508,68.9,R21: 45% given vs 35% cap
DISCOUNT_ABUSE,O024771,I039509,293.8,R21: 45% given vs 25% cap
DISCOUNT_ABUSE,O024771,I039510,107.85,R21: 40% given vs 25% cap
DISCOUNT_ABUSE,O024797,I039551,151.8,R20: 40% given vs 30% cap
DISCOUNT_ABUSE,O024816,I039580,245.8,R20: 55% given vs 35% cap
DISCOUNT_ABUSE,O024835,I039613,543.8,R16: 40% given vs 30% cap
DISCOUNT_ABUSE,O024878,I039674,293.7,R21: 40% given vs 25% cap
DISCOUNT_ABUSE,O024920,I039740,97.35,R21: 50% given vs 35% cap
DISCOUNT_ABUSE,O025230,I040218,226.35,R21: 45% given vs 30% cap
DISCOUNT_ABUSE,O025230,I040220,39.9,R21: 45% given vs 35% cap
DISCOUNT_ABUSE,O025236,I040227,229.8,R24: 40% given vs 30% cap
DISCOUNT_ABUSE,O025236,I040228,103.35,R24: 50% given vs 35% cap
DISCOUNT_ABUSE,O025287,I040311,487.35,R19: 45% given vs 30% cap
DISCOUNT_ABUSE,O025290,I040315,652.05,R16: 35% given vs 20% cap
DISCOUNT_ABUSE,O025290,I040317,124.9,R16: 45% given vs 35% cap
DISCOUNT_ABUSE,O025437,I040554,231.6,R14: 45% given vs 25% cap
DISCOUNT_ABUSE,O025477,I040622,50.85,R16: 40% given vs 25% cap
DISCOUNT_ABUSE,O025477,I040623,974.7,R16: 45% given vs 30% cap
DISCOUNT_ABUSE,O025560,I040759,237.8,R16: 40% given vs 20% cap
DISCOUNT_ABUSE,O025638,I040886,135.9,R14: 30% given vs 20% cap
DISCOUNT_ABUSE,O025818,I041188,32.9,R19: 45% given vs 35% cap
DISCOUNT_ABUSE,O025818,I041189,109.35,R19: 45% given vs 30% cap
DISCOUNT_ABUSE,O025860,I041260,199.8,R16: 35% given vs 25% cap
DISCOUNT_ABUSE,O025889,I041307,106.9,R20: 35% given vs 25% cap
DISCOUNT_ABUSE,O025954,I041420,283.8,R19: 40% given vs 30% cap
DISCOUNT_ABUSE,O025969,I041441,280.35,R20: 50% given vs 35% cap
DISCOUNT_ABUSE,O026015,I041522,71.9,R21: 40% given vs 30% cap
DISCOUNT_ABUSE,O026015,I041523,105.8,R21: 45% given vs 25% cap
DISCOUNT_ABUSE,O026081,I041631,68.9,R21: 45% given vs 35% cap
DISCOUNT_ABUSE,O026112,I041683,73.9,R21: 35% given vs 25% cap
DISCOUNT_ABUSE,O026112,I041685,68.9,R21: 45% given vs 35% cap
DISCOUNT_ABUSE,O026119,I041695,95.85,R24: 40% given vs 25% cap
DISCOUNT_ABUSE,O026174,I041777,903.6,R19: 55% given vs 35% cap
DISCOUNT_ABUSE,O026214,I041837,105.8,R21: 45% given vs 25% cap
DISCOUNT_ABUSE,O026214,I041838,212.85,R21: 45% given vs 30% cap
DISCOUNT_ABUSE,O026214,I041839,81.8,R21: 40% given vs 20% cap
DISCOUNT_ABUSE,O026278,I041945,515.8,R19: 55% given vs 35% cap
DISCOUNT_ABUSE,O026278,I041946,344.7,R19: 45% given vs 30% cap
DISCOUNT_ABUSE,O026355,I042062,291.8,R24: 45% given vs 25% cap
DISCOUNT_ABUSE,O026430,I042193,755.4,R21: 55% given vs 35% cap
DISCOUNT_ABUSE,O026478,I042277,105.8,R19: 45% given vs 25% cap
DISCOUNT_ABUSE,O026490,I042297,187.8,R16: 45% given vs 25% cap
DISCOUNT_ABUSE,O026525,I042354,137.8,R16: 45% given vs 25% cap
DISCOUNT_ABUSE,O026544,I042379,105.8,R24: 35% given vs 15% cap
DISCOUNT_ABUSE,O026617,I042497,289.8,R19: 20% given vs 10% cap
DISCOUNT_ABUSE,O026638,I042528,217.35,R20: 25% given vs 10% cap
DISCOUNT_ABUSE,O026721,I042663,335.7,R19: 40% given vs 25% cap
DISCOUNT_ABUSE,O026721,I042664,133.8,R19: 20% given vs 10% cap
DISCOUNT_ABUSE,O026803,I042786,178.35,R14: 30% given vs 15% cap
DISCOUNT_ABUSE,O026803,I042787,73.9,R14: 25% given vs 15% cap
DISCOUNT_ABUSE,O026908,I042955,129.8,R14: 35% given vs 25% cap
DISCOUNT_ABUSE,O026981,I043064,220.35,R24: 30% given vs 15% cap
DISCOUNT_ABUSE,O027027,I043147,200.7,R19: 25% given vs 10% cap
DISCOUNT_ABUSE,O027052,I043181,187.8,R24: 35% given vs 15% cap
DISCOUNT_ABUSE,O027101,I043263,145.35,R20: 30% given vs 15% cap
DISCOUNT_ABUSE,O027101,I043264,83.9,R20: 25% given vs 15% cap
DISCOUNT_ABUSE,O027252,I043508,335.6,R21: 40% given vs 20% cap
DISCOUNT_ABUSE,O027411,I043769,431.85,R21: 40% given vs 25% cap
DISCOUNT_ABUSE,O027493,I043892,301.8,R19: 40% given vs 20% cap
DISCOUNT_ABUSE,O027632,I044105,100.35,R19: 25% given vs 10% cap
DISCOUNT_ABUSE,O027639,I044113,575.8,R14: 45% given vs 25% cap
DISCOUNT_ABUSE,O027676,I044163,34.9,R21: 25% given vs 15% cap
DISCOUNT_ABUSE,O027687,I044179,117.9,R19: 25% given vs 15% cap
DISCOUNT_ABUSE,O027755,I044277,110.85,R14: 30% given vs 15% cap
DISCOUNT_ABUSE,O027773,I044308,71.8,R24: 35% given vs 15% cap
DISCOUNT_ABUSE,O027848,I044421,225.9,R16: 35% given vs 25% cap
DISCOUNT_ABUSE,O027904,I044518,145.8,R19: 45% given vs 25% cap
DISCOUNT_ABUSE,O027911,I044528,79.35,R20: 30% given vs 15% cap
DISCOUNT_ABUSE,O027930,I044559,221.7,R21: 30% given vs 15% cap
DISCOUNT_ABUSE,O027930,I044560,147.8,R21: 25% given vs 15% cap
DISCOUNT_ABUSE,O027930,I044561,122.9,R21: 35% given vs 25% cap
DISCOUNT_ABUSE,O027969,I044624,65.9,R16: 35% given vs 25% cap
DISCOUNT_ABUSE,O027980,I044646,91.35,R21: 40% given vs 25% cap
DISCOUNT_ABUSE,O028045,I044743,112.9,R19: 25% given vs 15% cap
DISCOUNT_ABUSE,O028113,I044858,87.8,R19: 35% given vs 15% cap
DISCOUNT_ABUSE,O028113,I044859,107.7,R19: 30% given vs 15% cap
DISCOUNT_ABUSE,O028120,I044873,401.4,R14: 30% given vs 10% cap
DISCOUNT_ABUSE,O028120,I044874,579.6,R14: 30% given vs 10% cap
DISCOUNT_ABUSE,O028238,I045059,125.85,R20: 30% given vs 15% cap
DISCOUNT_ABUSE,O028338,I045210,386.85,R16: 40% given vs 25% cap
DISCOUNT_ABUSE,O028357,I045237,193.8,R14: 35% given vs 15% cap
DISCOUNT_ABUSE,O028362,I045243,72.9,R24: 30% given vs 20% cap
DISCOUNT_ABUSE,O028394,I045291,218.85,R21: 30% given vs 15% cap
DISCOUNT_ABUSE,O028419,I045330,539.7,R21: 35% given vs 25% cap
DISCOUNT_ABUSE,O028427,I045344,193.8,R20: 35% given vs 15% cap
DISCOUNT_ABUSE,O028434,I045352,725.7,R24: 35% given vs 20% cap
DISCOUNT_ABUSE,O028456,I045389,148.35,R16: 40% given vs 25% cap
DISCOUNT_ABUSE,O028457,I045391,215.7,R20: 35% given vs 20% cap
DISCOUNT_ABUSE,O028587,I045599,452.7,R20: 35% given vs 20% cap
DISCOUNT_ABUSE,O028589,I045602,209.85,R19: 40% given vs 25% cap
DISCOUNT_ABUSE,O028675,I045748,279.8,R24: 45% given vs 25% cap
DISCOUNT_ABUSE,O028675,I045749,79.35,R24: 30% given vs 15% cap
DISCOUNT_ABUSE,O028677,I045751,656.55,R24: 30% given vs 15% cap
DISCOUNT_ABUSE,O028748,I045866,164.85,R16: 25% given vs 10% cap
DISCOUNT_ABUSE,O028762,I045887,105.8,R20: 35% given vs 15% cap
DISCOUNT_ABUSE,O028803,I045952,92.85,R20: 25% given vs 10% cap
DISCOUNT_ABUSE,O028806,I045958,291.8,R19: 25% given vs 15% cap
DISCOUNT_ABUSE,O028837,I046007,145.9,R14: 35% given vs 25% cap
DISCOUNT_ABUSE,O028837,I046009,386.85,R14: 40% given vs 25% cap
DISCOUNT_ABUSE,O028925,I046148,121.8,R19: 45% given vs 25% cap
DISCOUNT_ABUSE,O029073,I046389,301.8,R19: 40% given vs 20% cap
DISCOUNT_ABUSE,O029073,I046390,386.85,R19: 40% given vs 25% cap
DISCOUNT_ABUSE,O029073,I046391,219.8,R19: 30% given vs 10% cap
DISCOUNT_ABUSE,O029118,I046461,197.8,R21: 45% given vs 25% cap
DISCOUNT_ABUSE,O029124,I046473,131.9,R20: 25% given vs 15% cap
DISCOUNT_ABUSE,O029124,I046475,515.8,R20: 45% given vs 25% cap
DISCOUNT_ABUSE,O029507,I047073,225.8,R14: 35% given vs 15% cap
DISCOUNT_ABUSE,O029546,I047135,287.8,R21: 35% given vs 25% cap
DISCOUNT_ABUSE,O029563,I047166,127.35,R24: 30% given vs 15% cap
DISCOUNT_ABUSE,O029683,I047363,140.85,R14: 25% given vs 10% cap
DISCOUNT_ABUSE,O029727,I047429,291.8,R14: 45% given vs 25% cap
DISCOUNT_ABUSE,O029727,I047430,619.6,R14: 45% given vs 25% cap
DISCOUNT_ABUSE,O029731,I047434,32.9,R14: 35% given vs 25% cap
DISCOUNT_ABUSE,O029731,I047435,118.9,R14: 25% given vs 15% cap
DISCOUNT_ABUSE,O029731,I047436,93.9,R14: 20% given vs 10% cap
DISCOUNT_ABUSE,O029851,I047620,515.8,R16: 45% given vs 25% cap
DISCOUNT_ABUSE,O029851,I047621,85.35,R16: 30% given vs 15% cap
DISCOUNT_ABUSE,O029899,I047701,386.85,R20: 40% given vs 25% cap
DISCOUNT_ABUSE,O029909,I047715,105.8,R20: 35% given vs 15% cap
DISCOUNT_ABUSE,O029969,I047811,483.8,R24: 40% given vs 20% cap
DISCOUNT_ABUSE,O029969,I047813,382.35,R24: 40% given vs 25% cap
DISCOUNT_ABUSE,O030063,I047961,225.8,R20: 35% given vs 15% cap
DISCOUNT_ABUSE,O030193,I048166,242.85,R21: 25% given vs 10% cap
DISCOUNT_ABUSE,O030204,I048182,73.9,R20: 25% given vs 15% cap
DISCOUNT_ABUSE,O030214,I048195,105.8,R24: 25% given vs 15% cap
DISCOUNT_ABUSE,O030350,I048421,485.7,R24: 25% given vs 10% cap
DISCOUNT_ABUSE,O030350,I048423,491.6,R24: 45% given vs 25% cap
DISCOUNT_ABUSE,O030373,I048455,178.35,R20: 30% given vs 15% cap
DISCOUNT_ABUSE,O030429,I048537,52.9,R19: 25% given vs 15% cap
DISCOUNT_ABUSE,O030429,I048538,1031.6,R19: 45% given vs 25% cap
DISCOUNT_ABUSE,O030432,I048542,257.8,R19: 30% given vs 10% cap
DISCOUNT_ABUSE,O030480,I048621,103.35,R21: 40% given vs 25% cap
DISCOUNT_ABUSE,O030480,I048622,60.9,R21: 30% given vs 20% cap
DISCOUNT_ABUSE,O030480,I048623,451.8,R21: 45% given vs 25% cap
DISCOUNT_ABUSE,O030501,I048660,98.9,R19: 35% given vs 25% cap
DISCOUNT_ABUSE,O030550,I048735,689.4,R19: 40% given vs 20% cap
DISCOUNT_ABUSE,O030550,I048737,103.35,R19: 40% given vs 25% cap
DISCOUNT_ABUSE,O030552,I048740,382.35,R16: 40% given vs 25% cap
DISCOUNT_ABUSE,O030554,I048742,73.9,R14: 25% given vs 15% cap
DISCOUNT_ABUSE,O030554,I048743,386.7,R14: 20% given vs 10% cap
DISCOUNT_ABUSE,O030557,I048748,226.35,R19: 35% given vs 20% cap
DISCOUNT_ABUSE,O030576,I048780,295.35,R20: 40% given vs 25% cap
DISCOUNT_ABUSE,O030583,I048790,448.35,R19: 40% given vs 25% cap
DISCOUNT_ABUSE,O030583,I048791,1547.4,R19: 45% given vs 25% cap
DISCOUNT_ABUSE,O030583,I048792,70.35,R19: 30% given vs 15% cap
DISCOUNT_ABUSE,O030583,I048793,34.9,R19: 25% given vs 15% cap
DISCOUNT_ABUSE,O030760,I049063,111.9,R20: 35% given vs 25% cap
DISCOUNT_ABUSE,O030779,I049091,257.9,R24: 35% given vs 25% cap
DISCOUNT_ABUSE,O030857,I049212,287.8,R20: 45% given vs 25% cap
DISCOUNT_ABUSE,O030882,I049259,56.9,R14: 25% given vs 15% cap
DISCOUNT_ABUSE,O030882,I049260,448.35,R14: 40% given vs 25% cap
DISCOUNT_ABUSE,O030896,I049278,407.85,R16: 40% given vs 25% cap
DISCOUNT_ABUSE,O030967,I049401,487.35,R21: 35% given vs 20% cap
DISCOUNT_ABUSE,O030974,I049413,217.35,R21: 25% given vs 10% cap
DISCOUNT_ABUSE,O030986,I049431,263.8,R19: 35% given vs 15% cap
DISCOUNT_ABUSE,O030986,I049432,362.85,R19: 35% given vs 20% cap
DISCOUNT_ABUSE,O030999,I049450,212.85,R24: 35% given vs 20% cap
DISCOUNT_ABUSE,O031003,I049455,291.8,R14: 45% given vs 25% cap
DISCOUNT_ABUSE,O031009,I049466,225.9,R20: 35% given vs 25% cap
DISCOUNT_ABUSE,O031009,I049468,235.8,R20: 45% given vs 25% cap
DISCOUNT_ABUSE,O031037,I049511,52.35,R20: 30% given vs 15% cap
DISCOUNT_ABUSE,O031153,I049706,257.9,R24: 35% given vs 25% cap
DISCOUNT_ABUSE,O031159,I049716,590.7,R16: 40% given vs 25% cap
DISCOUNT_ABUSE,O031185,I049754,301.8,R16: 40% given vs 20% cap
DISCOUNT_ABUSE,O031213,I049797,137.8,R24: 45% given vs 25% cap
DISCOUNT_ABUSE,O031235,I049823,221.7,R24: 30% given vs 15% cap
DISCOUNT_ABUSE,O031303,I049932,271.8,R21: 20% given vs 10% cap
DISCOUNT_ABUSE,O031342,I049995,46.9,R16: 25% given vs 15% cap
DISCOUNT_ABUSE,O031380,I050063,377.7,R20: 40% given vs 25% cap
DISCOUNT_ABUSE,O031418,I050120,291.8,R21: 35% given vs 25% cap
DISCOUNT_ABUSE,O031463,I050185,415.6,R24: 35% given vs 15% cap
DISCOUNT_ABUSE,O031471,I050194,105.8,R19: 35% given vs 15% cap
DISCOUNT_ABUSE,O031662,I050516,193.8,R24: 35% given vs 15% cap
DISCOUNT_ABUSE,O031734,I050619,284.85,R24: 40% given vs 25% cap
DISCOUNT_ABUSE,O031827,I050767,249.8,R14: 35% given vs 25% cap
DISCOUNT_ABUSE,O031827,I050768,207.8,R14: 35% given vs 15% cap
DISCOUNT_ABUSE,O031934,I050939,170.7,R21: 30% given vs 15% cap
DISCOUNT_ABUSE,O031946,I050956,137.8,R14: 45% given vs 25% cap
DISCOUNT_ABUSE,O032218,I051383,338.7,R24: 25% given vs 15% cap
DISCOUNT_ABUSE,O032218,I051384,187.35,R24: 40% given vs 25% cap
DISCOUNT_ABUSE,O032218,I051385,185.8,R24: 30% given vs 10% cap
DISCOUNT_ABUSE,O032230,I051403,110.85,R19: 30% given vs 15% cap
DISCOUNT_ABUSE,O032245,I051422,176.85,R24: 30% given vs 15% cap
DISCOUNT_ABUSE,O032426,I051705,150.9,R16: 30% given vs 20% cap
DISCOUNT_ABUSE,O032494,I051817,83.9,R19: 30% given vs 20% cap
DISCOUNT_ABUSE,O032550,I051906,92.85,R20: 25% given vs 10% cap
DISCOUNT_ABUSE,O032553,I051913,38.85,R24: 30% given vs 15% cap
DISCOUNT_ABUSE,O032566,I051930,218.85,R14: 40% given vs 25% cap
DISCOUNT_ABUSE,O032687,I052141,105.8,R24: 35% given vs 15% cap
DISCOUNT_ABUSE,O032745,I052232,124.9,R16: 35% given vs 25% cap
DISCOUNT_ABUSE,O032773,I052273,111.9,R24: 20% given vs 10% cap
DISCOUNT_ABUSE,O032853,I052405,43.8,R14: 35% given vs 15% cap
DISCOUNT_ABUSE,O032903,I052485,52.9,R21: 25% given vs 15% cap
DISCOUNT_ABUSE,O032914,I052500,217.35,R16: 40% given vs 25% cap
DISCOUNT_ABUSE,O032977,I052605,209.85,R24: 25% given vs 10% cap
DISCOUNT_ABUSE,O033000,I052642,393.8,R24: 45% given vs 25% cap
DISCOUNT_ABUSE,O033066,I052749,179.7,R19: 30% given vs 15% cap
DISCOUNT_ABUSE,O033212,I052990,200.7,R19: 30% given vs 15% cap
DISCOUNT_ABUSE,O033221,I053008,569.7,R14: 40% given vs 25% cap
DISCOUNT_ABUSE,O033221,I053009,98.9,R14: 35% given vs 25% cap
DISCOUNT_ABUSE,O033221,I053010,61.9,R14: 20% given vs 10% cap
DISCOUNT_ABUSE,O033221,I053011,60.9,R14: 30% given vs 20% cap
DISCOUNT_ABUSE,O033283,I053104,110.85,R21: 30% given vs 15% cap
DISCOUNT_ABUSE,O033284,I053105,603.6,R14: 40% given vs 20% cap
DISCOUNT_ABUSE,O033321,I053178,65.8,R19: 45% given vs 25% cap
DISCOUNT_ABUSE,O033462,I053393,257.9,R14: 35% given vs 25% cap
DISCOUNT_ABUSE,O033486,I053436,148.9,R24: 20% given vs 10% cap
DISCOUNT_ABUSE,O033486,I053437,151.35,R24: 30% given vs 15% cap
DISCOUNT_ABUSE,O033544,I053534,144.9,R20: 20% given vs 10% cap
DISCOUNT_ABUSE,O033602,I053620,34.9,R20: 35% given vs 25% cap
DISCOUNT_ABUSE,O033622,I053652,56.9,R21: 35% given vs 25% cap
DISCOUNT_ABUSE,O033681,I053749,52.35,R16: 40% given vs 25% cap
DISCOUNT_ABUSE,O033681,I053750,103.9,R16: 35% given vs 25% cap
DISCOUNT_ABUSE,O033709,I053793,145.35,R20: 40% given vs 25% cap
DISCOUNT_ABUSE,O033709,I053794,1547.4,R20: 55% given vs 35% cap
DISCOUNT_ABUSE,O033756,I053876,70.35,R14: 40% given vs 25% cap
DISCOUNT_ABUSE,O033819,I053974,187.6,R21: 40% given vs 20% cap
DISCOUNT_ABUSE,O033823,I053981,163.9,R24: 45% given vs 35% cap
DISCOUNT_ABUSE,O033838,I054004,491.6,R16: 55% given vs 35% cap
DISCOUNT_ABUSE,O033838,I054005,298.9,R16: 45% given vs 35% cap
DISCOUNT_ABUSE,O033894,I054093,329.7,R24: 30% given vs 20% cap
DISCOUNT_ABUSE,O033913,I054121,106.9,R19: 35% given vs 25% cap
DISCOUNT_ABUSE,O033913,I054122,137.8,R19: 55% given vs 35% cap
DISCOUNT_ABUSE,O033913,I054123,487.35,R19: 45% given vs 30% cap
DISCOUNT_ABUSE,O033913,I054124,140.85,R19: 35% given vs 20% cap
DISCOUNT_ABUSE,O034191,I054571,164.85,R20: 35% given vs 20% cap
DISCOUNT_ABUSE,O034211,I054600,53.85,R19: 40% given vs 25% cap
DISCOUNT_ABUSE,O034226,I054620,257.9,R20: 45% given vs 35% cap
DISCOUNT_ABUSE,O034226,I054621,279.6,R20: 40% given vs 20% cap
DISCOUNT_ABUSE,O034226,I054622,103.9,R20: 35% given vs 25% cap
DISCOUNT_ABUSE,O034236,I054636,133.8,R19: 40% given vs 20% cap
DISCOUNT_ABUSE,O034268,I054686,415.6,R19: 45% given vs 25% cap
DISCOUNT_ABUSE,O034277,I054702,73.9,R21: 35% given vs 25% cap
DISCOUNT_ABUSE,O034374,I054862,164.85,R21: 40% given vs 25% cap
DISCOUNT_ABUSE,O034374,I054863,221.9,R21: 45% given vs 35% cap
DISCOUNT_ABUSE,O034416,I054936,56.9,R21: 35% given vs 25% cap
DISCOUNT_ABUSE,O034440,I054976,135.9,R19: 30% given vs 20% cap
DISCOUNT_ABUSE,O034579,I055218,439.6,R24: 40% given vs 20% cap
DISCOUNT_ABUSE,O034579,I055219,983.4,R24: 55% given vs 35% cap
DISCOUNT_ABUSE,O034599,I055259,443.8,R20: 55% given vs 35% cap
DISCOUNT_ABUSE,O034671,I055378,242.85,R19: 35% given vs 20% cap
DISCOUNT_ABUSE,O034680,I055389,100.35,R16: 35% given vs 20% cap
DISCOUNT_ABUSE,O034688,I055400,109.35,R20: 45% given vs 30% cap
DISCOUNT_ABUSE,O034732,I055484,38.85,R16: 40% given vs 25% cap
DISCOUNT_ABUSE,O034774,I055549,575.8,R21: 55% given vs 35% cap
DISCOUNT_ABUSE,O034792,I055580,147.8,R20: 45% given vs 25% cap
DISCOUNT_ABUSE,O034821,I055626,103.35,R19: 50% given vs 35% cap
DISCOUNT_ABUSE,O034821,I055628,217.35,R19: 35% given vs 20% cap
DISCOUNT_ABUSE,O034956,I055839,196.9,R24: 45% given vs 35% cap
DISCOUNT_ABUSE,O034995,I055902,147.8,R21: 45% given vs 25% cap
DISCOUNT_ABUSE,O035004,I055914,147.8,R19: 45% given vs 25% cap
DISCOUNT_ABUSE,O035066,I056026,286.35,R20: 40% given vs 25% cap
DISCOUNT_ABUSE,O035095,I056067,87.9,R24: 35% given vs 25% cap
DISCOUNT_ABUSE,O035115,I056100,215.85,R20: 40% given vs 25% cap
DISCOUNT_ABUSE,O035197,I056239,317.4,R21: 35% given vs 15% cap
DISCOUNT_ABUSE,O035197,I056240,147.8,R21: 35% given vs 15% cap
DISCOUNT_ABUSE,O035197,I056241,61.9,R21: 25% given vs 15% cap
DISCOUNT_ABUSE,O035297,I056415,63.9,R19: 25% given vs 15% cap
DISCOUNT_ABUSE,O035326,I056460,103.35,R16: 40% given vs 25% cap
DISCOUNT_ABUSE,O035395,I056565,125.85,R20: 40% given vs 25% cap
DISCOUNT_ABUSE,O035495,I056722,407.85,R20: 35% given vs 20% cap
DISCOUNT_ABUSE,O035565,I056835,170.7,R16: 25% given vs 15% cap
DISCOUNT_ABUSE,O035706,I057064,65.8,R16: 45% given vs 25% cap
DISCOUNT_ABUSE,O035763,I057147,52.9,R19: 25% given vs 15% cap
DISCOUNT_ABUSE,O035763,I057148,73.9,R19: 25% given vs 15% cap
DISCOUNT_ABUSE,O035824,I057247,73.9,R24: 25% given vs 15% cap
DISCOUNT_ABUSE,O035859,I057312,286.35,R24: 40% given vs 25% cap
DISCOUNT_ABUSE,O035900,I057377,123.8,R14: 30% given vs 10% cap
DISCOUNT_ABUSE,O035939,I057437,184.35,R21: 40% given vs 25% cap
DISCOUNT_ABUSE,O035968,I057480,124.9,R20: 35% given vs 25% cap
DISCOUNT_ABUSE,O035968,I057481,368.7,R20: 40% given vs 25% cap
DISCOUNT_ABUSE,O035977,I057492,51.8,R19: 35% given vs 15% cap
DISCOUNT_ABUSE,O036059,I057618,81.8,R14: 30% given vs 10% cap
DISCOUNT_ABUSE,O036094,I057680,139.9,R21: 35% given vs 25% cap
DISCOUNT_ABUSE,O036094,I057681,773.7,R21: 40% given vs 25% cap
DISCOUNT_ABUSE,O036094,I057682,229.8,R21: 40% given vs 20% cap
DISCOUNT_ABUSE,O036163,I057791,161.9,R20: 20% given vs 10% cap
DISCOUNT_ABUSE,O036163,I057792,61.9,R20: 20% given vs 10% cap
DISCOUNT_ABUSE,O036167,I057797,33.9,R20: 25% given vs 15% cap
DISCOUNT_ABUSE,O036180,I057815,649.8,R24: 40% given vs 20% cap
DISCOUNT_ABUSE,O036284,I057985,98.9,R14: 35% given vs 25% cap
DISCOUNT_ABUSE,O036294,I058000,85.8,R14: 45% given vs 25% cap
DISCOUNT_ABUSE,O036357,I058105,115.8,R21: 30% given vs 10% cap
DISCOUNT_ABUSE,O036357,I058106,164.85,R21: 30% given vs 15% cap
DISCOUNT_ABUSE,O036357,I058107,129.8,R21: 35% given vs 25% cap
DISCOUNT_ABUSE,O036361,I058113,164.85,R20: 30% given vs 15% cap
DISCOUNT_ABUSE,O036402,I058172,298.9,R20: 35% given vs 25% cap
DISCOUNT_ABUSE,O036418,I058193,251.8,R20: 20% given vs 10% cap
DISCOUNT_ABUSE,O036445,I058242,147.8,R24: 35% given vs 15% cap
DISCOUNT_ABUSE,O036456,I058260,83.9,R14: 30% given vs 20% cap
DISCOUNT_ABUSE,O036456,I058261,151.8,R14: 40% given vs 20% cap
DISCOUNT_ABUSE,O036463,I058270,590.7,R21: 40% given vs 25% cap
DISCOUNT_ABUSE,O036516,I058358,87.6,R21: 35% given vs 15% cap
DISCOUNT_ABUSE,O036518,I058363,356.7,R21: 30% given vs 15% cap
DISCOUNT_ABUSE,O036538,I058395,161.9,R20: 20% given vs 10% cap
DISCOUNT_ABUSE,O036549,I058414,164.85,R14: 30% given vs 15% cap
DISCOUNT_ABUSE,O036549,I058417,407.85,R14: 40% given vs 25% cap
DISCOUNT_ABUSE,O036557,I058429,63.9,R21: 20% given vs 10% cap
DISCOUNT_ABUSE,O036576,I058458,79.8,R20: 35% given vs 15% cap
DISCOUNT_ABUSE,O036697,I058641,257.9,R16: 35% given vs 25% cap
DISCOUNT_ABUSE,O036753,I058727,301.8,R16: 30% given vs 20% cap
DISCOUNT_ABUSE,O036753,I058728,679.05,R16: 35% given vs 20% cap
DISCOUNT_ABUSE,O036754,I058729,291.8,R21: 45% given vs 25% cap
DISCOUNT_ABUSE,O036754,I058730,76.9,R21: 30% given vs 20% cap
DISCOUNT_ABUSE,O036825,I058854,144.9,R20: 20% given vs 10% cap
DISCOUNT_ABUSE,O036863,I058926,127.9,R24: 25% given vs 15% cap
DISCOUNT_ABUSE,O036934,I059036,110.85,R14: 30% given vs 15% cap
DISCOUNT_ABUSE,O036938,I059041,387.6,R19: 45% given vs 25% cap
DISCOUNT_ABUSE,O036938,I059042,98.9,R19: 35% given vs 25% cap
DISCOUNT_ABUSE,O036941,I059048,91.8,R19: 30% given vs 20% cap
DISCOUNT_ABUSE,O037014,I059156,323.8,R24: 30% given vs 10% cap
DISCOUNT_ABUSE,O037170,I059422,57.9,R21: 20% given vs 10% cap
DISCOUNT_ABUSE,O037170,I059423,97.9,R21: 25% given vs 15% cap
DISCOUNT_ABUSE,O037179,I059437,131.9,R16: 25% given vs 15% cap
DISCOUNT_ABUSE,O037179,I059438,225.8,R16: 35% given vs 15% cap
DISCOUNT_ABUSE,O037201,I059465,52.35,R20: 30% given vs 15% cap
DISCOUNT_ABUSE,O037239,I059523,193.35,R20: 25% given vs 10% cap
DISCOUNT_ABUSE,O037282,I059590,111.9,R24: 35% given vs 25% cap
DISCOUNT_ABUSE,O037337,I059665,263.4,R19: 35% given vs 15% cap
DISCOUNT_ABUSE,O037358,I059701,66.9,R21: 20% given vs 10% cap
DISCOUNT_ABUSE,O037416,I059787,337.05,R24: 30% given vs 15% cap
DISCOUNT_ABUSE,O037423,I059795,184.35,R21: 40% given vs 25% cap
DISCOUNT_ABUSE,O037474,I059874,218.85,R21: 30% given vs 15% cap
DISCOUNT_ABUSE,O037483,I059887,73.9,R19: 25% given vs 15% cap
DISCOUNT_ABUSE,O037513,I059938,351.6,R19: 45% given vs 25% cap
DISCOUNT_ABUSE,O037518,I059948,251.7,R14: 40% given vs 25% cap
DISCOUNT_ABUSE,O037522,I059953,151.8,R19: 40% given vs 20% cap
DISCOUNT_ABUSE,O037601,I060070,199.9,R14: 35% given vs 25% cap
DISCOUNT_ABUSE,O037662,I060171,106.9,R20: 25% given vs 15% cap
DISCOUNT_ABUSE,O037667,I060179,149.9,R20: 30% given vs 20% cap
DISCOUNT_ABUSE,O037701,I060238,291.8,R24: 25% given vs 15% cap
DISCOUNT_ABUSE,O037701,I060239,245.8,R24: 45% given vs 25% cap
DISCOUNT_ABUSE,O037771,I060352,275.6,R14: 45% given vs 25% cap
DISCOUNT_ABUSE,O037834,I060457,188.85,R24: 40% given vs 25% cap
DISCOUNT_ABUSE,O037864,I060499,289.8,R21: 30% given vs 10% cap
DISCOUNT_ABUSE,O037864,I060500,443.8,R21: 35% given vs 25% cap
DISCOUNT_ABUSE,O037887,I060534,585.8,R24: 45% given vs 25% cap
DISCOUNT_ABUSE,O038093,I060848,109.9,R24: 25% given vs 15% cap
DISCOUNT_ABUSE,O038103,I060868,56.9,R14: 25% given vs 15% cap
DISCOUNT_ABUSE,O038119,I060894,229.8,R24: 30% given vs 20% cap
DISCOUNT_ABUSE,O038119,I060895,237.8,R24: 35% given vs 15% cap
DISCOUNT_ABUSE,O038119,I060896,107.85,R24: 35% given vs 20% cap
DISCOUNT_ABUSE,O038176,I060983,377.7,R19: 20% given vs 10% cap
DISCOUNT_ABUSE,O038189,I060999,223.8,R24: 45% given vs 25% cap
DISCOUNT_ABUSE,O038241,I061080,459.6,R16: 40% given vs 20% cap
DISCOUNT_ABUSE,O038256,I061111,109.9,R24: 20% given vs 10% cap
DISCOUNT_ABUSE,O038390,I061309,597.8,R19: 45% given vs 25% cap
DISCOUNT_ABUSE,O038425,I061366,386.85,R16: 40% given vs 25% cap
DISCOUNT_ABUSE,O038464,I061427,52.9,R14: 25% given vs 15% cap
DISCOUNT_ABUSE,O038496,I061475,386.85,R21: 40% given vs 25% cap
DISCOUNT_ABUSE,O038513,I061505,297.8,R14: 30% given vs 10% cap
DISCOUNT_ABUSE,O038513,I061506,103.35,R14: 40% given vs 25% cap
DISCOUNT_ABUSE,O038555,I061586,68.9,R21: 35% given vs 25% cap
DISCOUNT_ABUSE,O038589,I061640,113.8,R21: 35% given vs 15% cap
DISCOUNT_ABUSE,O038604,I061669,51.8,R19: 25% given vs 15% cap
DISCOUNT_ABUSE,O038636,I061719,296.7,R14: 35% given vs 25% cap
DISCOUNT_ABUSE,O038636,I061720,383.4,R14: 30% given vs 10% cap
DISCOUNT_ABUSE,O038736,I061894,133.8,R21: 35% given vs 15% cap
DISCOUNT_ABUSE,O038736,I061895,145.9,R21: 25% given vs 15% cap
DISCOUNT_ABUSE,O038804,I062005,56.9,R21: 25% given vs 15% cap
DISCOUNT_ABUSE,O038823,I062032,115.35,R24: 35% given vs 20% cap
DISCOUNT_ABUSE,O038823,I062033,38.85,R24: 30% given vs 15% cap
DISCOUNT_ABUSE,O038835,I062053,145.9,R16: 35% given vs 25% cap
DISCOUNT_ABUSE,O038998,I062311,61.9,R21: 25% given vs 15% cap
DISCOUNT_ABUSE,O039017,I062343,105.8,R16: 35% given vs 15% cap
DISCOUNT_ABUSE,O039021,I062350,108.9,R24: 30% given vs 20% cap
DISCOUNT_ABUSE,O039130,I062513,67.8,R21: 35% given vs 15% cap
DISCOUNT_ABUSE,O039130,I062514,652.05,R21: 25% given vs 10% cap
DISCOUNT_ABUSE,O039130,I062515,218.85,R21: 40% given vs 25% cap
DISCOUNT_ABUSE,O039140,I062533,323.8,R19: 30% given vs 10% cap
DISCOUNT_ABUSE,O039235,I062694,85.35,R14: 30% given vs 15% cap
DISCOUNT_ABUSE,O039281,I062768,68.9,R19: 35% given vs 25% cap
DISCOUNT_ABUSE,O039281,I062770,147.8,R19: 25% given vs 15% cap
DISCOUNT_ABUSE,O039320,I062834,66.9,R21: 25% given vs 15% cap
DISCOUNT_ABUSE,O039437,I063026,113.8,R19: 35% given vs 15% cap
DISCOUNT_ABUSE,O039446,I063038,79.9,R21: 30% given vs 20% cap
DISCOUNT_ABUSE,O039522,I063157,154.9,R21: 35% given vs 25% cap
DISCOUNT_ABUSE,O039522,I063158,442.35,R21: 35% given vs 20% cap
DISCOUNT_ABUSE,O039522,I063159,590.7,R21: 35% given vs 25% cap
DISCOUNT_ABUSE,O039558,I063217,166.35,R21: 30% given vs 15% cap
DISCOUNT_ABUSE,O039639,I063354,87.8,R21: 35% given vs 15% cap
DISCOUNT_ABUSE,O039640,I063355,169.35,R14: 30% given vs 15% cap
DISCOUNT_ABUSE,O039651,I063369,509.8,R24: 45% given vs 25% cap
DISCOUNT_ABUSE,O039656,I063377,293.8,R19: 35% given vs 15% cap
DISCOUNT_ABUSE,O039674,I063409,597.8,R19: 45% given vs 25% cap
DISCOUNT_ABUSE,O039725,I063489,66.9,R24: 20% given vs 10% cap
DISCOUNT_ABUSE,O039754,I063530,73.9,R16: 25% given vs 15% cap
DISCOUNT_ABUSE,O039775,I063564,188.85,R14: 25% given vs 10% cap
DISCOUNT_ABUSE,O039796,I063604,179.85,R21: 30% given vs 15% cap
DISCOUNT_ABUSE,O039796,I063605,487.35,R21: 35% given vs 20% cap
DISCOUNT_ABUSE,O039806,I063620,43.8,R14: 35% given vs 15% cap
DISCOUNT_ABUSE,O039879,I063730,70.35,R14: 30% given vs 15% cap
DISCOUNT_ABUSE,O039928,I063804,326.7,R19: 35% given vs 25% cap
DISCOUNT_ABUSE,O039928,I063805,217.35,R19: 25% given vs 10% cap
DISCOUNT_ABUSE,O039928,I063806,137.8,R19: 45% given vs 25% cap
DISCOUNT_ABUSE,O039928,I063807,79.35,R19: 30% given vs 15% cap
DISCOUNT_ABUSE,O039948,I063835,190.9,R14: 35% given vs 25% cap
DISCOUNT_ABUSE,O040001,I063916,869.4,R24: 30% given vs 10% cap
DISCOUNT_ABUSE,O040199,I064229,42.9,R21: 20% given vs 10% cap
DISCOUNT_ABUSE,O040216,I064259,515.8,R14: 45% given vs 25% cap
DISCOUNT_ABUSE,O040262,I064330,106.9,R20: 25% given vs 15% cap
DISCOUNT_ABUSE,O040276,I064351,103.35,R21: 40% given vs 25% cap
DISCOUNT_ABUSE,O040428,I064606,145.35,R20: 40% given vs 25% cap
DISCOUNT_ABUSE,O040454,I064649,92.9,R14: 20% given vs 10% cap
DISCOUNT_ABUSE,O040454,I064650,59.85,R14: 40% given vs 25% cap
DISCOUNT_ABUSE,O040484,I064699,649.8,R20: 40% given vs 20% cap
DISCOUNT_ABUSE,O040600,I064885,98.9,R14: 35% given vs 25% cap
DISCOUNT_ABUSE,O040616,I064908,147.8,R21: 35% given vs 15% cap
DISCOUNT_ABUSE,O040616,I064909,452.7,R21: 35% given vs 20% cap
DISCOUNT_ABUSE,O040631,I064932,324.9,R16: 30% given vs 20% cap
DISCOUNT_ABUSE,O040647,I064955,1087.6,R19: 45% given vs 25% cap
DISCOUNT_ABUSE,O040647,I064956,178.35,R19: 30% given vs 15% cap
DISCOUNT_ABUSE,O040652,I064968,178.35,R16: 30% given vs 15% cap
DISCOUNT_ABUSE,O040714,I065065,35.9,R14: 25% given vs 15% cap
DISCOUNT_ABUSE,O040739,I065101,34.9,R16: 25% given vs 15% cap
DISCOUNT_ABUSE,O040797,I065188,92.9,R21: 20% given vs 10% cap
DISCOUNT_ABUSE,O040797,I065189,137.8,R21: 45% given vs 25% cap
DISCOUNT_ABUSE,O040814,I065210,121.8,R19: 45% given vs 25% cap
DISCOUNT_ABUSE,O040835,I065237,331.8,R19: 45% given vs 25% cap
DISCOUNT_ABUSE,O040859,I065273,188.85,R19: 40% given vs 25% cap
DISCOUNT_ABUSE,O040859,I065274,144.9,R19: 20% given vs 10% cap
DISCOUNT_ABUSE,O040931,I065394,191.85,R20: 35% given vs 20% cap
DISCOUNT_ABUSE,O040978,I065467,515.8,R24: 35% given vs 25% cap
DISCOUNT_ABUSE,O041047,I065568,69.9,R19: 20% given vs 10% cap
DISCOUNT_ABUSE,O041047,I065569,61.35,R19: 25% given vs 10% cap
DISCOUNT_ABUSE,O041108,I065667,386.85,R21: 40% given vs 25% cap
DISCOUNT_ABUSE,O041143,I065723,263.8,R19: 35% given vs 15% cap
DISCOUNT_ABUSE,O041209,I065822,291.8,R14: 25% given vs 15% cap
DISCOUNT_ABUSE,O041300,I065968,34.9,R16: 25% given vs 15% cap
DISCOUNT_ABUSE,O041363,I066072,257.8,R16: 20% given vs 10% cap
DISCOUNT_ABUSE,O041363,I066073,92.85,R16: 25% given vs 10% cap
DISCOUNT_ABUSE,O041377,I066096,483.8,R20: 40% given vs 20% cap
DISCOUNT_ABUSE,O041463,I066226,124.9,R16: 35% given vs 25% cap
DISCOUNT_ABUSE,O041477,I066247,271.9,R19: 30% given vs 20% cap
DISCOUNT_ABUSE,O041485,I066259,543.8,R14: 35% given vs 25% cap
DISCOUNT_ABUSE,O041501,I066285,83.9,R14: 30% given vs 20% cap
DISCOUNT_ABUSE,O041501,I066286,25.9,R14: 25% given vs 15% cap
DISCOUNT_ABUSE,O041540,I066355,52.9,R21: 25% given vs 15% cap
DISCOUNT_ABUSE,O041540,I066356,103.9,R21: 25% given vs 15% cap
DISCOUNT_ABUSE,O041683,I066573,332.85,R14: 40% given vs 25% cap
DISCOUNT_ABUSE,O041683,I066574,223.8,R14: 30% given vs 10% cap
DISCOUNT_ABUSE,O041764,I066707,283.8,R19: 40% given vs 20% cap
DISCOUNT_ABUSE,O041764,I066708,289.8,R19: 30% given vs 10% cap
DISCOUNT_ABUSE,O041841,I066842,137.8,R21: 45% given vs 25% cap
DISCOUNT_ABUSE,O041841,I066843,212.85,R21: 35% given vs 20% cap
DISCOUNT_ABUSE,O041864,I066884,73.9,R24: 25% given vs 15% cap
DISCOUNT_ABUSE,O041893,I066933,217.35,R21: 25% given vs 10% cap
DISCOUNT_ABUSE,O041936,I066995,66.9,R24: 20% given vs 10% cap
DISCOUNT_ABUSE,O042050,I067161,439.35,R19: 40% given vs 25% cap
DISCOUNT_ABUSE,O042097,I067237,209.85,R16: 40% given vs 25% cap
DISCOUNT_ABUSE,O042097,I067238,121.8,R16: 40% given vs 20% cap
DISCOUNT_ABUSE,O042152,I067315,289.8,R20: 35% given vs 25% cap
DISCOUNT_ABUSE,O042173,I067346,34.9,R19: 25% given vs 15% cap
DISCOUNT_ABUSE,O042173,I067347,440.7,R19: 30% given vs 15% cap
DISCOUNT_ABUSE,O042223,I067428,515.8,R21: 45% given vs 25% cap
DISCOUNT_ABUSE,O042223,I067431,103.35,R21: 40% given vs 25% cap
DISCOUNT_ABUSE,O042242,I067458,515.8,R19: 45% given vs 25% cap
DISCOUNT_ABUSE,O042302,I067563,92.85,R24: 30% given vs 15% cap
DISCOUNT_ABUSE,O042305,I067567,111.9,R19: 35% given vs 25% cap
DISCOUNT_ABUSE,O042372,I067662,163.9,R21: 35% given vs 25% cap
DISCOUNT_ABUSE,O042464,I067820,103.35,R16: 40% given vs 25% cap
DISCOUNT_ABUSE,O042518,I067902,115.35,R24: 35% given vs 20% cap
DISCOUNT_ABUSE,O042518,I067903,431.85,R24: 40% given vs 25% cap
DISCOUNT_ABUSE,O042555,I067965,167.8,R21: 25% given vs 15% cap
DISCOUNT_ABUSE,O042559,I067973,597.8,R16: 45% given vs 25% cap
DISCOUNT_ABUSE,O042559,I067974,110.85,R16: 30% given vs 15% cap
DISCOUNT_ABUSE,O042563,I067981,263.8,R24: 35% given vs 15% cap
DISCOUNT_ABUSE,O042563,I067982,87.8,R24: 35% given vs 15% cap
DISCOUNT_ABUSE,O042585,I068019,144.9,R14: 20% given vs 10% cap
DISCOUNT_ABUSE,O042669,I068153,68.9,R20: 35% given vs 25% cap
DISCOUNT_ABUSE,O042681,I068171,83.9,R20: 30% given vs 20% cap
DISCOUNT_ABUSE,O042766,I068299,115.8,R16: 25% given vs 15% cap
DISCOUNT_ABUSE,O042843,I068421,381.8,R16: 45% given vs 25% cap
DISCOUNT_ABUSE,O042909,I068537,133.8,R24: 25% given vs 15% cap
DISCOUNT_ABUSE,O042925,I068564,339.6,R21: 35% given vs 15% cap
DISCOUNT_ABUSE,O042925,I068565,386.85,R21: 40% given vs 25% cap
DISCOUNT_ABUSE,O042925,I068566,113.8,R21: 35% given vs 15% cap
DISCOUNT_ABUSE,O042925,I068567,386.85,R21: 40% given vs 25% cap
DISCOUNT_ABUSE,O042934,I068584,70.35,R21: 25% given vs 10% cap
DISCOUNT_ABUSE,O043075,I068811,527.6,R14: 35% given vs 15% cap
DISCOUNT_ABUSE,O043075,I068812,245.8,R14: 45% given vs 25% cap
DISCOUNT_ABUSE,O043145,I068933,71.9,R20: 30% given vs 20% cap
DISCOUNT_ABUSE,O043313,I069201,280.35,R24: 40% given vs 25% cap
DISCOUNT_ABUSE,O043313,I069202,73.9,R24: 25% given vs 15% cap
DISCOUNT_ABUSE,O043398,I069329,442.35,R21: 35% given vs 20% cap
DISCOUNT_ABUSE,O043400,I069333,139.9,R20: 35% given vs 25% cap
DISCOUNT_ABUSE,O043434,I069392,66.9,R21: 35% given vs 25% cap
DISCOUNT_ABUSE,O043505,I069498,483.8,R24: 30% given vs 20% cap
DISCOUNT_ABUSE,O043505,I069499,185.7,R24: 25% given vs 10% cap
DISCOUNT_ABUSE,O043505,I069500,379.8,R24: 35% given vs 25% cap
DISCOUNT_ABUSE,O043555,I069585,167.8,R19: 45% given vs 25% cap
DISCOUNT_ABUSE,O043555,I069586,112.9,R19: 25% given vs 15% cap
DISCOUNT_ABUSE,O043591,I069646,61.9,R20: 20% given vs 10% cap
DISCOUNT_ABUSE,O043645,I069733,223.8,R14: 35% given vs 25% cap
DISCOUNT_ABUSE,O043885,I070098,56.9,R20: 25% given vs 15% cap
DISCOUNT_ABUSE,O043885,I070099,114.9,R20: 30% given vs 20% cap
DISCOUNT_ABUSE,O043905,I070132,431.85,R14: 35% given vs 20% cap
DISCOUNT_ABUSE,O043949,I070197,332.85,R21: 40% given vs 25% cap
DISCOUNT_ABUSE,O043949,I070198,530.55,R21: 40% given vs 25% cap
DISCOUNT_ABUSE,O043949,I070199,79.35,R21: 30% given vs 15% cap
DISCOUNT_ABUSE,O043981,I070251,297.8,R14: 30% given vs 10% cap
DISCOUNT_ABUSE,O043983,I070254,123.8,R14: 25% given vs 15% cap
DISCOUNT_ABUSE,O044022,I070320,499.6,R24: 45% given vs 25% cap
DISCOUNT_ABUSE,O044180,I070591,155.85,R20: 30% given vs 15% cap
DISCOUNT_ABUSE,O044195,I070610,979.6,R21: 40% given vs 20% cap
DISCOUNT_ABUSE,O044325,I070804,147.8,R19: 35% given vs 15% cap
DISCOUNT_ABUSE,O044334,I070818,212.85,R20: 35% given vs 20% cap
DISCOUNT_ABUSE,O044385,I070893,218.85,R19: 30% given vs 15% cap
DISCOUNT_ABUSE,O044440,I070989,52.9,R14: 25% given vs 15% cap
DISCOUNT_ABUSE,O044504,I071098,98.9,R24: 35% given vs 25% cap
DISCOUNT_ABUSE,O044504,I071101,123.8,R24: 35% given vs 15% cap
DISCOUNT_ABUSE,O044583,I071231,96.9,R21: 35% given vs 25% cap
DISCOUNT_ABUSE,O044583,I071234,123.8,R21: 35% given vs 15% cap
DISCOUNT_ABUSE,O044600,I071259,103.35,R21: 40% given vs 25% cap
DISCOUNT_ABUSE,O044600,I071260,177.8,R21: 45% given vs 25% cap
DISCOUNT_ABUSE,O044600,I071262,131.8,R21: 45% given vs 25% cap
DISCOUNT_ABUSE,O044636,I071320,159.6,R20: 45% given vs 25% cap
DISCOUNT_ABUSE,O044636,I071322,386.85,R20: 40% given vs 25% cap
DISCOUNT_ABUSE,O044648,I071341,263.7,R20: 35% given vs 25% cap
DISCOUNT_ABUSE,O044687,I071395,163.9,R19: 35% given vs 25% cap
DISCOUNT_ABUSE,O044707,I071427,171.6,R24: 45% given vs 25% cap
DISCOUNT_ABUSE,O044739,I071486,52.35,R14: 30% given vs 15% cap
DISCOUNT_ABUSE,O044750,I071506,145.9,R19: 35% given vs 25% cap
DISCOUNT_ABUSE,O044801,I071582,163.35,R21: 35% given vs 20% cap
DISCOUNT_ABUSE,O044801,I071583,137.8,R21: 45% given vs 25% cap
DISCOUNT_ABUSE,O044801,I071584,71.8,R21: 35% given vs 15% cap
DISCOUNT_ABUSE,O044801,I071585,103.35,R21: 40% given vs 25% cap
DISCOUNT_ABUSE,O044861,I071686,167.8,R14: 35% given vs 15% cap
DISCOUNT_ABUSE,O044896,I071729,137.8,R14: 35% given vs 25% cap
DISCOUNT_ABUSE,O044944,I071805,175.8,R14: 45% given vs 25% cap
DISCOUNT_ABUSE,O044974,I071849,235.8,R14: 45% given vs 25% cap
DISCOUNT_ABUSE,O044974,I071850,393.8,R14: 45% given vs 25% cap
DISCOUNT_ABUSE,O044998,I071886,97.35,R14: 40% given vs 25% cap
DISCOUNT_ABUSE,O045015,I071913,226.35,R24: 35% given vs 20% cap
DISCOUNT_ABUSE,O045027,I071934,279.8,R14: 20% given vs 10% cap
DISCOUNT_ABUSE,O045033,I071942,68.9,R24: 35% given vs 25% cap
DISCOUNT_ABUSE,O045194,I072189,69.8,R16: 35% given vs 15% cap
DISCOUNT_ABUSE,O045384,I072500,249.8,R16: 45% given vs 25% cap
DISCOUNT_ABUSE,O045629,I072871,133.8,R21: 30% given vs 10% cap
DISCOUNT_ABUSE,O045653,I072909,295.35,R21: 40% given vs 25% cap
DISCOUNT_ABUSE,O045691,I072964,137.8,R20: 45% given vs 25% cap
DISCOUNT_ABUSE,O045693,I072966,61.9,R20: 25% given vs 15% cap
DISCOUNT_ABUSE,O045783,I073108,215.85,R24: 40% given vs 25% cap
DISCOUNT_ABUSE,O045808,I073140,201.8,R16: 35% given vs 15% cap
DISCOUNT_ABUSE,O045881,I073251,137.8,R19: 45% given vs 25% cap
DISCOUNT_ABUSE,O045897,I073277,86.85,R20: 30% given vs 15% cap
DISCOUNT_ABUSE,O045897,I073279,575.8,R20: 45% given vs 25% cap
DISCOUNT_ABUSE,O045897,I073280,137.8,R20: 45% given vs 25% cap
DISCOUNT_ABUSE,O045924,I073325,122.9,R21: 35% given vs 25% cap
DISCOUNT_ABUSE,O045963,I073381,299.7,R19: 30% given vs 15% cap
DISCOUNT_ABUSE,O046023,I073493,81.8,R21: 30% given vs 10% cap
DISCOUNT_ABUSE,O046040,I073517,148.9,R20: 20% given vs 10% cap
DISCOUNT_ABUSE,O046052,I073538,164.85,R16: 30% given vs 15% cap
DISCOUNT_ABUSE,O046107,I073632,145.35,R24: 30% given vs 15% cap
DISCOUNT_ABUSE,O046122,I073654,116.55,R19: 30% given vs 15% cap
DISCOUNT_ABUSE,O046198,I073761,206.7,R20: 40% given vs 25% cap
DISCOUNT_ABUSE,O046205,I073771,140.85,R20: 25% given vs 10% cap
DISCOUNT_ABUSE,O046205,I073772,543.8,R20: 40% given vs 20% cap
DISCOUNT_ABUSE,O046233,I073817,92.85,R19: 30% given vs 15% cap
DISCOUNT_ABUSE,O046338,I073987,1147.05,R19: 40% given vs 25% cap
DISCOUNT_ABUSE,O046375,I074046,187.8,R16: 35% given vs 15% cap
DISCOUNT_ABUSE,O046375,I074047,178.35,R16: 30% given vs 15% cap
DISCOUNT_ABUSE,O046387,I074064,40.9,R24: 20% given vs 10% cap
DISCOUNT_ABUSE,O046387,I074065,42.9,R24: 20% given vs 10% cap
DISCOUNT_ABUSE,O046393,I074072,32.9,R20: 35% given vs 25% cap
DISCOUNT_ABUSE,O046416,I074118,51.8,R19: 35% given vs 15% cap
DISCOUNT_ABUSE,O046429,I074141,291.8,R24: 35% given vs 15% cap
DISCOUNT_ABUSE,O046429,I074142,386.85,R24: 40% given vs 25% cap
DISCOUNT_ABUSE,O046430,I074144,387.6,R21: 45% given vs 25% cap
DISCOUNT_ABUSE,O046470,I074199,110.85,R14: 30% given vs 15% cap
DISCOUNT_ABUSE,O046473,I074205,123.8,R21: 35% given vs 15% cap
DISCOUNT_ABUSE,O046496,I074250,64.35,R21: 40% given vs 25% cap
DISCOUNT_ABUSE,O046593,I074408,51.8,R19: 25% given vs 15% cap
DISCOUNT_ABUSE,O046654,I074499,223.35,R14: 25% given vs 10% cap
DISCOUNT_ABUSE,O046663,I074511,249.8,R24: 45% given vs 25% cap
DISCOUNT_ABUSE,O046667,I074517,513.8,R20: 45% given vs 25% cap
DISCOUNT_ABUSE,O046759,I074652,110.85,R14: 30% given vs 15% cap
DISCOUNT_ABUSE,O046759,I074653,103.35,R14: 40% given vs 25% cap
DISCOUNT_ABUSE,O046813,I074742,255.8,R14: 35% given vs 15% cap
DISCOUNT_ABUSE,O046854,I074801,115.35,R24: 35% given vs 20% cap
DISCOUNT_ABUSE,O046927,I074912,291.8,R16: 35% given vs 15% cap
DISCOUNT_ABUSE,O047073,I075147,145.35,R16: 40% given vs 25% cap
DISCOUNT_ABUSE,O047091,I075174,440.7,R16: 30% given vs 15% cap
DISCOUNT_ABUSE,O047134,I075239,175.8,R16: 45% given vs 25% cap
DISCOUNT_ABUSE,O047296,I075478,115.8,R20: 30% given vs 10% cap
DISCOUNT_ABUSE,O047443,I075716,92.9,R16: 20% given vs 10% cap
DISCOUNT_ABUSE,O047443,I075717,125.85,R16: 30% given vs 15% cap
DISCOUNT_ABUSE,O047490,I075802,237.8,R24: 35% given vs 15% cap
DISCOUNT_ABUSE,O047555,I075915,100.35,R21: 25% given vs 10% cap
DISCOUNT_ABUSE,O047583,I075961,291.8,R19: 35% given vs 15% cap
DISCOUNT_ABUSE,O047594,I075976,139.8,R24: 30% given vs 10% cap
DISCOUNT_ABUSE,O047597,I075983,67.8,R19: 35% given vs 15% cap
DISCOUNT_ABUSE,O047675,I076103,129.8,R14: 45% given vs 25% cap
DISCOUNT_ABUSE,O047732,I076201,278.55,R19: 30% given vs 15% cap
DISCOUNT_ABUSE,O047732,I076202,79.35,R19: 30% given vs 15% cap
DISCOUNT_ABUSE,O047745,I076218,106.9,R19: 25% given vs 15% cap
DISCOUNT_ABUSE,O047758,I076244,287.9,R21: 30% given vs 20% cap
DISCOUNT_ABUSE,O047816,I076324,475.6,R21: 35% given vs 15% cap
DISCOUNT_ABUSE,O047840,I076366,164.85,R24: 25% given vs 10% cap
DISCOUNT_ABUSE,O047849,I076385,73.9,R19: 25% given vs 15% cap
DISCOUNT_ABUSE,O048007,I076639,200.7,R24: 25% given vs 10% cap
DISCOUNT_ABUSE,O048022,I076669,113.8,R21: 35% given vs 15% cap
DISCOUNT_ABUSE,O048026,I076679,100.35,R24: 25% given vs 10% cap
DISCOUNT_ABUSE,O048056,I076723,64.9,R19: 35% given vs 25% cap
DISCOUNT_ABUSE,O048062,I076735,178.35,R16: 30% given vs 15% cap
DISCOUNT_ABUSE,O048164,I076919,149.8,R19: 35% given vs 15% cap
DISCOUNT_ABUSE,O048210,I076981,79.35,R14: 30% given vs 15% cap
DISCOUNT_ABUSE,O048235,I077028,69.9,R21: 20% given vs 10% cap
DISCOUNT_ABUSE,O048250,I077051,129.8,R16: 45% given vs 25% cap
DISCOUNT_ABUSE,O048250,I077053,323.8,R16: 20% given vs 10% cap
DISCOUNT_ABUSE,O048250,I077054,103.9,R16: 25% given vs 15% cap
DISCOUNT_ABUSE,O048298,I077130,127.35,R16: 30% given vs 15% cap
DISCOUNT_ABUSE,O048448,I077376,50.85,R14: 30% given vs 15% cap
DISCOUNT_ABUSE,O048448,I077377,386.85,R14: 40% given vs 25% cap
DISCOUNT_ABUSE,O048454,I077385,226.35,R14: 35% given vs 20% cap
DISCOUNT_ABUSE,O048454,I077386,155.85,R14: 30% given vs 15% cap
DISCOUNT_ABUSE,O048560,I077551,189.9,R19: 35% given vs 25% cap
DISCOUNT_ABUSE,O048588,I077595,25.9,R16: 25% given vs 15% cap
DISCOUNT_ABUSE,O048614,I077646,295.35,R14: 40% given vs 25% cap
DISCOUNT_ABUSE,O048651,I077711,237.8,R24: 25% given vs 15% cap
DISCOUNT_ABUSE,O048656,I077718,42.9,R19: 20% given vs 10% cap
DISCOUNT_ABUSE,O048673,I077740,323.8,R19: 30% given vs 10% cap
DISCOUNT_ABUSE,O048694,I077771,83.9,R16: 35% given vs 25% cap
DISCOUNT_ABUSE,O048733,I077855,284.85,R24: 40% given vs 25% cap
DISCOUNT_ABUSE,O048789,I077948,60.9,R19: 35% given vs 25% cap
DISCOUNT_ABUSE,O048799,I077961,815.7,R20: 40% given vs 25% cap
DISCOUNT_ABUSE,O048807,I077977,127.9,R19: 30% given vs 20% cap
DISCOUNT_ABUSE,O048914,I078145,143.8,R14: 35% given vs 15% cap
DISCOUNT_ABUSE,O048914,I078146,145.9,R14: 25% given vs 15% cap
DISCOUNT_ABUSE,O049033,I078324,225.8,R20: 35% given vs 15% cap
DISCOUNT_ABUSE,O049053,I078362,137.8,R21: 45% given vs 25% cap
DISCOUNT_ABUSE,O049181,I078559,97.9,R24: 25% given vs 15% cap
DISCOUNT_ABUSE,O049263,I078694,135.9,R21: 20% given vs 10% cap
DISCOUNT_ABUSE,O049283,I078727,597.8,R16: 45% given vs 25% cap
DISCOUNT_ABUSE,O049283,I078728,301.8,R16: 30% given vs 20% cap
DISCOUNT_ABUSE,O049283,I078729,491.6,R16: 45% given vs 25% cap
DISCOUNT_ABUSE,O049346,I078829,223.8,R14: 35% given vs 25% cap
DISCOUNT_ABUSE,O049346,I078830,723.6,R14: 45% given vs 25% cap
DISCOUNT_ABUSE,O049370,I078863,147.8,R24: 35% given vs 15% cap
DISCOUNT_ABUSE,O049398,I078912,140.85,R16: 25% given vs 10% cap
DISCOUNT_ABUSE,O049414,I078937,98.9,R19: 35% given vs 25% cap
DISCOUNT_ABUSE,O049436,I078965,293.8,R19: 35% given vs 15% cap
DISCOUNT_ABUSE,O049438,I078968,61.9,R20: 25% given vs 15% cap
DISCOUNT_ABUSE,O049440,I078970,178.35,R24: 25% given vs 10% cap
DISCOUNT_ABUSE,O049568,I079166,543.6,R14: 30% given vs 10% cap
DISCOUNT_ABUSE,O049603,I079216,119.8,R20: 35% given vs 15% cap
DISCOUNT_ABUSE,O049631,I079254,81.8,R21: 30% given vs 10% cap
DISCOUNT_ABUSE,O049631,I079256,79.35,R21: 30% given vs 15% cap
DISCOUNT_ABUSE,O049733,I079407,491.6,R21: 45% given vs 25% cap
DISCOUNT_ABUSE,O049971,I079782,217.8,R16: 45% given vs 25% cap
STALE_PRICE,O011822,I018943,295.35,P143 sold at 1673.65 vs list price 1969.0 on Marketplace
STALE_PRICE,O011842,I018980,221.51,P143 sold at 1673.65 vs list price 1969.0 on Marketplace
STALE_PRICE,O011905,I019079,169.43,P103 sold at 1010.65 vs list price 1189.0 on Marketplace
STALE_PRICE,O011991,I019216,338.87,P103 sold at 1010.65 vs list price 1189.0 on Marketplace
STALE_PRICE,O012019,I019259,236.28,P143 sold at 1673.65 vs list price 1969.0 on Marketplace
STALE_PRICE,O012095,I019375,143.95,P086 sold at 959.65 vs list price 1129.0 on Marketplace
STALE_PRICE,O012276,I019653,221.51,P143 sold at 1673.65 vs list price 1969.0 on Marketplace
STALE_PRICE,O012420,I019877,489.22,P097 sold at 1087.15 vs list price 1279.0 on Marketplace
STALE_PRICE,O012495,I020001,173.57,P046 sold at 517.65 vs list price 609.0 on Marketplace
STALE_PRICE,O012504,I020016,280.58,P143 sold at 1673.65 vs list price 1969.0 on Marketplace
STALE_PRICE,O012522,I020045,149.85,P127 sold at 849.15 vs list price 999.0 on Marketplace
STALE_PRICE,O012529,I020057,86.78,P046 sold at 517.65 vs list price 609.0 on Marketplace
STALE_PRICE,O012751,I020405,73.08,P046 sold at 517.65 vs list price 609.0 on Marketplace
STALE_PRICE,O012914,I020654,143.95,P086 sold at 959.65 vs list price 1129.0 on Marketplace
STALE_PRICE,O012921,I020671,280.58,P143 sold at 1673.65 vs list price 1969.0 on Marketplace
STALE_PRICE,O012981,I020771,265.81,P143 sold at 1673.65 vs list price 1969.0 on Marketplace
STALE_PRICE,O012982,I020772,149.85,P127 sold at 849.15 vs list price 999.0 on Marketplace
STALE_PRICE,O013070,I020928,539.55,P067 sold at 1019.15 vs list price 1199.0 on Marketplace
STALE_PRICE,O013206,I021153,284.72,P127 sold at 849.15 vs list price 999.0 on Marketplace
STALE_PRICE,O013211,I021163,169.35,P086 sold at 959.65 vs list price 1129.0 on Marketplace
STALE_PRICE,O013254,I021231,160.88,P086 sold at 959.65 vs list price 1129.0 on Marketplace
STALE_PRICE,O013367,I021398,221.51,P143 sold at 1673.65 vs list price 1969.0 on Marketplace
STALE_PRICE,O013483,I021591,169.35,P086 sold at 959.65 vs list price 1129.0 on Marketplace
STALE_PRICE,O013513,I021640,169.35,P086 sold at 959.65 vs list price 1129.0 on Marketplace
STALE_PRICE,O013808,I022102,149.85,P127 sold at 849.15 vs list price 999.0 on Marketplace
STALE_PRICE,O014146,I022624,152.42,P086 sold at 959.65 vs list price 1129.0 on Marketplace
STALE_PRICE,O014272,I022834,236.28,P143 sold at 1673.65 vs list price 1969.0 on Marketplace
STALE_PRICE,O014279,I022846,178.35,P103 sold at 1010.65 vs list price 1189.0 on Marketplace
STALE_PRICE,O014649,I023436,295.35,P143 sold at 1673.65 vs list price 1969.0 on Marketplace
STALE_PRICE,O014963,I023944,265.81,P143 sold at 1673.65 vs list price 1969.0 on Marketplace
STALE_PRICE,O015052,I024085,160.88,P086 sold at 959.65 vs list price 1129.0 on Marketplace
STALE_PRICE,O015148,I024228,531.63,P143 sold at 1673.65 vs list price 1969.0 on Marketplace
STALE_PRICE,O015183,I024283,152.42,P086 sold at 959.65 vs list price 1129.0 on Marketplace
STALE_PRICE,O015231,I024370,149.85,P127 sold at 849.15 vs list price 999.0 on Marketplace
STALE_PRICE,O015398,I024626,590.7,P143 sold at 1673.65 vs list price 1969.0 on Marketplace
STALE_PRICE,O015420,I024665,172.66,P097 sold at 1087.15 vs list price 1279.0 on Marketplace
STALE_PRICE,O015525,I024826,152.42,P086 sold at 959.65 vs list price 1129.0 on Marketplace
STALE_PRICE,O015632,I024988,179.41,P048 sold at 1070.15 vs list price 1259.0 on Marketplace
STALE_PRICE,O015669,I025050,169.35,P086 sold at 959.65 vs list price 1129.0 on Marketplace
STALE_PRICE,O015683,I025070,512.57,P067 sold at 1019.15 vs list price 1199.0 on Marketplace
STALE_PRICE,O015879,I025371,143.95,P086 sold at 959.65 vs list price 1129.0 on Marketplace
STALE_PRICE,O015932,I025458,169.35,P086 sold at 959.65 vs list price 1129.0 on Marketplace
STALE_PRICE,O015982,I025538,160.52,P103 sold at 1010.65 vs list price 1189.0 on Marketplace
STALE_PRICE,O016251,I025979,169.35,P086 sold at 959.65 vs list price 1129.0 on Marketplace
STALE_PRICE,O016258,I025991,280.58,P143 sold at 1673.65 vs list price 1969.0 on Marketplace
STALE_PRICE,O016264,I026000,753.14,P143 sold at 1673.65 vs list price 1969.0 on Marketplace
STALE_PRICE,O016326,I026105,143.95,P086 sold at 959.65 vs list price 1129.0 on Marketplace
STALE_PRICE,O016413,I026252,86.78,P046 sold at 517.65 vs list price 609.0 on Marketplace
STALE_PRICE,O016436,I026283,251.05,P143 sold at 1673.65 vs list price 1969.0 on Marketplace
STALE_PRICE,O016475,I026340,73.08,P046 sold at 517.65 vs list price 609.0 on Marketplace
STALE_PRICE,O016493,I026371,265.81,P143 sold at 1673.65 vs list price 1969.0 on Marketplace
STALE_PRICE,O016613,I026544,251.05,P143 sold at 1673.65 vs list price 1969.0 on Marketplace
STALE_PRICE,O016674,I026638,149.85,P127 sold at 849.15 vs list price 999.0 on Marketplace
STALE_PRICE,O016676,I026640,142.36,P127 sold at 849.15 vs list price 999.0 on Marketplace
STALE_PRICE,O016698,I026673,134.87,P127 sold at 849.15 vs list price 999.0 on Marketplace
STALE_PRICE,O016698,I026674,149.85,P127 sold at 849.15 vs list price 999.0 on Marketplace
STALE_PRICE,O016777,I026793,251.05,P143 sold at 1673.65 vs list price 1969.0 on Marketplace
STALE_PRICE,O016968,I027098,535.05,P103 sold at 1010.65 vs list price 1189.0 on Marketplace
STALE_PRICE,O016991,I027133,338.7,P086 sold at 959.65 vs list price 1129.0 on Marketplace
STALE_PRICE,O017040,I027216,149.85,P127 sold at 849.15 vs list price 999.0 on Marketplace
STALE_PRICE,O017163,I027422,221.51,P143 sold at 1673.65 vs list price 1969.0 on Marketplace
STALE_PRICE,O017199,I027484,169.35,P086 sold at 959.65 vs list price 1129.0 on Marketplace
STALE_PRICE,O017271,I027604,295.35,P143 sold at 1673.65 vs list price 1969.0 on Marketplace
STALE_PRICE,O017345,I027720,151.6,P103 sold at 1010.65 vs list price 1189.0 on Marketplace
STALE_PRICE,O017430,I027848,91.35,P046 sold at 517.65 vs list price 609.0 on Marketplace
STALE_PRICE,O017573,I028080,295.35,P143 sold at 1673.65 vs list price 1969.0 on Marketplace
STALE_PRICE,O017886,I028565,254.03,P086 sold at 959.65 vs list price 1129.0 on Marketplace
STALE_PRICE,O017991,I028727,304.83,P086 sold at 959.65 vs list price 1129.0 on Marketplace
STALE_PRICE,O018368,I029331,160.88,P086 sold at 959.65 vs list price 1129.0 on Marketplace
STALE_PRICE,O018550,I029619,77.65,P046 sold at 517.65 vs list price 609.0 on Marketplace
STALE_PRICE,O018733,I029903,127.01,P086 sold at 959.65 vs list price 1129.0 on Marketplace
STALE_PRICE,O018756,I029939,251.05,P143 sold at 1673.65 vs list price 1969.0 on Marketplace
STALE_PRICE,O018875,I030122,221.51,P143 sold at 1673.65 vs list price 1969.0 on Marketplace
STALE_PRICE,O018943,I030240,160.88,P086 sold at 959.65 vs list price 1129.0 on Marketplace
STALE_PRICE,O019116,I030517,221.51,P143 sold at 1673.65 vs list price 1969.0 on Marketplace
STALE_PRICE,O019189,I030628,191.98,P143 sold at 1673.65 vs list price 1969.0 on Marketplace
STALE_PRICE,O019229,I030691,152.42,P086 sold at 959.65 vs list price 1129.0 on Marketplace
STALE_PRICE,O019785,I031573,338.7,P086 sold at 959.65 vs list price 1129.0 on Marketplace
STALE_PRICE,O019796,I031592,206.74,P143 sold at 1673.65 vs list price 1969.0 on Marketplace
STALE_PRICE,O019887,I031745,169.35,P086 sold at 959.65 vs list price 1129.0 on Marketplace
STALE_PRICE,O019939,I031819,326.14,P097 sold at 1087.15 vs list price 1279.0 on Marketplace
STALE_PRICE,O020081,I032050,191.98,P143 sold at 1673.65 vs list price 1969.0 on Marketplace
STALE_PRICE,O020092,I032064,251.05,P143 sold at 1673.65 vs list price 1969.0 on Marketplace
STALE_PRICE,O020266,I032346,112.39,P127 sold at 849.15 vs list price 999.0 on Marketplace
STALE_PRICE,O020266,I032347,472.56,P143 sold at 1673.65 vs list price 1969.0 on Marketplace
STALE_PRICE,O020297,I032398,169.35,P086 sold at 959.65 vs list price 1129.0 on Marketplace
STALE_PRICE,O020350,I032488,254.75,P127 sold at 849.15 vs list price 999.0 on Marketplace
STALE_PRICE,O020354,I032496,169.35,P086 sold at 959.65 vs list price 1129.0 on Marketplace
STALE_PRICE,O020403,I032583,206.74,P143 sold at 1673.65 vs list price 1969.0 on Marketplace
STALE_PRICE,O020422,I032617,206.74,P143 sold at 1673.65 vs list price 1969.0 on Marketplace
STALE_PRICE,O020520,I032776,358.81,P048 sold at 1070.15 vs list price 1259.0 on Marketplace
STALE_PRICE,O020577,I032867,178.35,P103 sold at 1010.65 vs list price 1189.0 on Marketplace
STALE_PRICE,O020584,I032879,160.88,P086 sold at 959.65 vs list price 1129.0 on Marketplace
STALE_PRICE,O020718,I033107,91.35,P046 sold at 517.65 vs list price 609.0 on Marketplace
STALE_PRICE,O020858,I033336,135.48,P086 sold at 959.65 vs list price 1129.0 on Marketplace
STALE_PRICE,O020944,I033485,169.35,P086 sold at 959.65 vs list price 1129.0 on Marketplace
STALE_PRICE,O020979,I033547,169.96,P048 sold at 1070.15 vs list price 1259.0 on Marketplace
STALE_PRICE,O021049,I033655,251.05,P143 sold at 1673.65 vs list price 1969.0 on Marketplace
STALE_PRICE,O021066,I033679,236.28,P143 sold at 1673.65 vs list price 1969.0 on Marketplace
STALE_PRICE,O021240,I033941,142.68,P103 sold at 1010.65 vs list price 1189.0 on Marketplace
STALE_PRICE,O021317,I034069,236.28,P143 sold at 1673.65 vs list price 1969.0 on Marketplace
STALE_PRICE,O021443,I034264,428.04,P103 sold at 1010.65 vs list price 1189.0 on Marketplace
STALE_PRICE,O022013,I035163,169.96,P048 sold at 1070.15 vs list price 1259.0 on Marketplace
STALE_PRICE,O022035,I035206,135.48,P086 sold at 959.65 vs list price 1129.0 on Marketplace
STALE_PRICE,O022113,I035332,143.95,P086 sold at 959.65 vs list price 1129.0 on Marketplace
STALE_PRICE,O022214,I035490,133.76,P103 sold at 1010.65 vs list price 1189.0 on Marketplace
STALE_PRICE,O022546,I036046,251.05,P143 sold at 1673.65 vs list price 1969.0 on Marketplace
STALE_PRICE,O022624,I036164,127.01,P086 sold at 959.65 vs list price 1129.0 on Marketplace
STALE_PRICE,O022771,I036410,269.73,P127 sold at 849.15 vs list price 999.0 on Marketplace
STALE_PRICE,O022878,I036570,321.77,P086 sold at 959.65 vs list price 1129.0 on Marketplace
STALE_PRICE,O022887,I036590,254.03,P086 sold at 959.65 vs list price 1129.0 on Marketplace
STALE_PRICE,O022910,I036624,270.96,P086 sold at 959.65 vs list price 1129.0 on Marketplace
STALE_PRICE,O022952,I036687,152.42,P086 sold at 959.65 vs list price 1129.0 on Marketplace
STALE_PRICE,O022953,I036688,142.36,P127 sold at 849.15 vs list price 999.0 on Marketplace
STALE_PRICE,O022967,I036703,134.87,P127 sold at 849.15 vs list price 999.0 on Marketplace
STALE_PRICE,O023109,I036898,251.05,P143 sold at 1673.65 vs list price 1969.0 on Marketplace
STALE_PRICE,O023191,I037030,172.66,P097 sold at 1087.15 vs list price 1279.0 on Marketplace
STALE_PRICE,O023281,I037179,404.6,P127 sold at 849.15 vs list price 999.0 on Marketplace
STALE_PRICE,O023752,I037949,169.35,P086 sold at 959.65 vs list price 1129.0 on Marketplace
STALE_PRICE,O023791,I038009,149.85,P127 sold at 849.15 vs list price 999.0 on Marketplace
STALE_PRICE,O024059,I038408,151.08,P048 sold at 1070.15 vs list price 1259.0 on Marketplace
STALE_PRICE,O024069,I038423,267.53,P103 sold at 1010.65 vs list price 1189.0 on Marketplace
STALE_PRICE,O024194,I038613,160.52,P103 sold at 1010.65 vs list price 1189.0 on Marketplace
STALE_PRICE,O024315,I038796,472.56,P143 sold at 1673.65 vs list price 1969.0 on Marketplace
STALE_PRICE,O024459,I039008,265.81,P143 sold at 1673.65 vs list price 1969.0 on Marketplace
STALE_PRICE,O024505,I039079,457.25,P086 sold at 959.65 vs list price 1129.0 on Marketplace
STALE_PRICE,O024505,I039081,134.87,P127 sold at 849.15 vs list price 999.0 on Marketplace
STALE_PRICE,O024548,I039152,127.01,P086 sold at 959.65 vs list price 1129.0 on Marketplace
STALE_PRICE,O024549,I039153,221.51,P143 sold at 1673.65 vs list price 1969.0 on Marketplace
STALE_PRICE,O024616,I039260,265.81,P143 sold at 1673.65 vs list price 1969.0 on Marketplace
STALE_PRICE,O024630,I039284,169.35,P086 sold at 959.65 vs list price 1129.0 on Marketplace
STALE_PRICE,O024983,I039831,339.93,P048 sold at 1070.15 vs list price 1259.0 on Marketplace
STALE_PRICE,O025206,I040178,265.81,P143 sold at 1673.65 vs list price 1969.0 on Marketplace
STALE_PRICE,O025257,I040257,134.87,P127 sold at 849.15 vs list price 999.0 on Marketplace
STALE_PRICE,O025380,I040473,172.66,P097 sold at 1087.15 vs list price 1279.0 on Marketplace
STALE_PRICE,O025610,I040840,127.37,P127 sold at 849.15 vs list price 999.0 on Marketplace
STALE_PRICE,O025738,I041042,149.85,P127 sold at 849.15 vs list price 999.0 on Marketplace
STALE_PRICE,O025792,I041143,142.36,P127 sold at 849.15 vs list price 999.0 on Marketplace
STALE_PRICE,O025792,I041144,169.96,P048 sold at 1070.15 vs list price 1259.0 on Marketplace
STALE_PRICE,O025853,I041249,179.85,P067 sold at 1019.15 vs list price 1199.0 on Marketplace
STALE_PRICE,O025923,I041370,502.09,P143 sold at 1673.65 vs list price 1969.0 on Marketplace
STALE_PRICE,O026080,I041629,160.88,P086 sold at 959.65 vs list price 1129.0 on Marketplace
STALE_PRICE,O026178,I041784,151.08,P048 sold at 1070.15 vs list price 1259.0 on Marketplace
STALE_PRICE,O026288,I041962,151.6,P103 sold at 1010.65 vs list price 1189.0 on Marketplace
STALE_PRICE,O026311,I041995,127.37,P127 sold at 849.15 vs list price 999.0 on Marketplace
STALE_PRICE,O026498,I042306,169.43,P103 sold at 1010.65 vs list price 1189.0 on Marketplace
STALE_PRICE,O026502,I042313,221.51,P143 sold at 1673.65 vs list price 1969.0 on Marketplace
STALE_PRICE,O026659,I042561,295.35,P143 sold at 1673.65 vs list price 1969.0 on Marketplace
STALE_PRICE,O026660,I042563,143.95,P086 sold at 959.65 vs list price 1129.0 on Marketplace
STALE_PRICE,O026731,I042681,142.36,P127 sold at 849.15 vs list price 999.0 on Marketplace
STALE_PRICE,O026820,I042816,265.81,P143 sold at 1673.65 vs list price 1969.0 on Marketplace
STALE_PRICE,O026948,I043018,304.83,P086 sold at 959.65 vs list price 1129.0 on Marketplace
STALE_PRICE,O027030,I043151,143.95,P086 sold at 959.65 vs list price 1129.0 on Marketplace
STALE_PRICE,O027096,I043257,188.85,P048 sold at 1070.15 vs list price 1259.0 on Marketplace
STALE_PRICE,O027145,I043333,377.7,P048 sold at 1070.15 vs list price 1259.0 on Marketplace
STALE_PRICE,O027336,I043645,169.43,P103 sold at 1010.65 vs list price 1189.0 on Marketplace
STALE_PRICE,O027422,I043782,134.87,P127 sold at 849.15 vs list price 999.0 on Marketplace
STALE_PRICE,O027456,I043834,178.35,P103 sold at 1010.65 vs list price 1189.0 on Marketplace
STALE_PRICE,O027747,I044266,170.86,P067 sold at 1019.15 vs list price 1199.0 on Marketplace
STALE_PRICE,O027813,I044365,160.52,P103 sold at 1010.65 vs list price 1189.0 on Marketplace
STALE_PRICE,O027971,I044627,221.51,P143 sold at 1673.65 vs list price 1969.0 on Marketplace
STALE_PRICE,O028085,I044813,338.7,P086 sold at 959.65 vs list price 1129.0 on Marketplace
STALE_PRICE,O028184,I044980,265.81,P143 sold at 1673.65 vs list price 1969.0 on Marketplace
STALE_PRICE,O028245,I045073,149.85,P127 sold at 849.15 vs list price 999.0 on Marketplace
STALE_PRICE,O028512,I045480,304.83,P086 sold at 959.65 vs list price 1129.0 on Marketplace
STALE_PRICE,O028674,I045746,295.35,P143 sold at 1673.65 vs list price 1969.0 on Marketplace
STALE_PRICE,O028740,I045854,169.35,P086 sold at 959.65 vs list price 1129.0 on Marketplace
STALE_PRICE,O028770,I045901,149.85,P127 sold at 849.15 vs list price 999.0 on Marketplace
STALE_PRICE,O028970,I046217,449.55,P127 sold at 849.15 vs list price 999.0 on Marketplace
STALE_PRICE,O029000,I046268,152.42,P086 sold at 959.65 vs list price 1129.0 on Marketplace
STALE_PRICE,O029157,I046526,531.63,P143 sold at 1673.65 vs list price 1969.0 on Marketplace
STALE_PRICE,O029227,I046628,169.35,P086 sold at 959.65 vs list price 1129.0 on Marketplace
STALE_PRICE,O029339,I046802,182.26,P097 sold at 1087.15 vs list price 1279.0 on Marketplace
STALE_PRICE,O029358,I046832,179.41,P048 sold at 1070.15 vs list price 1259.0 on Marketplace
STALE_PRICE,O029375,I046863,539.55,P067 sold at 1019.15 vs list price 1199.0 on Marketplace
STALE_PRICE,O029606,I047241,172.66,P097 sold at 1087.15 vs list price 1279.0 on Marketplace
STALE_PRICE,O029632,I047278,160.88,P086 sold at 959.65 vs list price 1129.0 on Marketplace
STALE_PRICE,O029632,I047279,169.35,P086 sold at 959.65 vs list price 1129.0 on Marketplace
STALE_PRICE,O029759,I047482,265.81,P143 sold at 1673.65 vs list price 1969.0 on Marketplace
STALE_PRICE,O029925,I047744,295.35,P143 sold at 1673.65 vs list price 1969.0 on Marketplace
STALE_PRICE,O029996,I047853,142.36,P127 sold at 849.15 vs list price 999.0 on Marketplace
STALE_PRICE,O030061,I047959,143.95,P086 sold at 959.65 vs list price 1129.0 on Marketplace
STALE_PRICE,O030182,I048152,169.35,P086 sold at 959.65 vs list price 1129.0 on Marketplace
STALE_PRICE,O030363,I048442,161.87,P067 sold at 1019.15 vs list price 1199.0 on Marketplace
STALE_PRICE,O030376,I048458,169.35,P086 sold at 959.65 vs list price 1129.0 on Marketplace
STALE_PRICE,O030404,I048502,143.95,P086 sold at 959.65 vs list price 1129.0 on Marketplace
STALE_PRICE,O030769,I049077,178.35,P103 sold at 1010.65 vs list price 1189.0 on Marketplace
STALE_PRICE,O030879,I049254,338.7,P086 sold at 959.65 vs list price 1129.0 on Marketplace
STALE_PRICE,O031013,I049473,280.58,P143 sold at 1673.65 vs list price 1969.0 on Marketplace
STALE_PRICE,O031226,I049811,149.85,P127 sold at 849.15 vs list price 999.0 on Marketplace
STALE_PRICE,O031281,I049898,169.35,P086 sold at 959.65 vs list price 1129.0 on Marketplace
STALE_PRICE,O031333,I049980,295.35,P143 sold at 1673.65 vs list price 1969.0 on Marketplace
STALE_PRICE,O031520,I050272,295.35,P143 sold at 1673.65 vs list price 1969.0 on Marketplace
STALE_PRICE,O031520,I050273,295.35,P143 sold at 1673.65 vs list price 1969.0 on Marketplace
STALE_PRICE,O031689,I050552,178.35,P103 sold at 1010.65 vs list price 1189.0 on Marketplace
STALE_PRICE,O032020,I051062,179.41,P048 sold at 1070.15 vs list price 1259.0 on Marketplace
STALE_PRICE,O032084,I051182,191.85,P097 sold at 1087.15 vs list price 1279.0 on Marketplace
STALE_PRICE,O032219,I051386,172.66,P097 sold at 1087.15 vs list price 1279.0 on Marketplace
STALE_PRICE,O032267,I051462,280.58,P143 sold at 1673.65 vs list price 1969.0 on Marketplace
STALE_PRICE,O032639,I052065,169.35,P086 sold at 959.65 vs list price 1129.0 on Marketplace
STALE_PRICE,O032691,I052147,191.85,P097 sold at 1087.15 vs list price 1279.0 on Marketplace
STALE_PRICE,O033019,I052672,142.36,P127 sold at 849.15 vs list price 999.0 on Marketplace
STALE_PRICE,O033020,I052675,142.36,P127 sold at 849.15 vs list price 999.0 on Marketplace
STALE_PRICE,O033121,I052838,188.85,P048 sold at 1070.15 vs list price 1259.0 on Marketplace
STALE_PRICE,O033371,I053252,160.52,P103 sold at 1010.65 vs list price 1189.0 on Marketplace
STALE_PRICE,O033563,I053561,265.81,P143 sold at 1673.65 vs list price 1969.0 on Marketplace
STALE_PRICE,O033730,I053830,143.95,P086 sold at 959.65 vs list price 1129.0 on Marketplace
STALE_PRICE,O033768,I053897,251.05,P143 sold at 1673.65 vs list price 1969.0 on Marketplace
STALE_PRICE,O033935,I054159,119.88,P127 sold at 849.15 vs list price 999.0 on Marketplace
STALE_PRICE,O033947,I054176,413.49,P143 sold at 1673.65 vs list price 1969.0 on Marketplace
STALE_PRICE,O034030,I054311,443.02,P143 sold at 1673.65 vs list price 1969.0 on Marketplace
STALE_PRICE,O034059,I054357,169.35,P086 sold at 959.65 vs list price 1129.0 on Marketplace
STALE_PRICE,O034168,I054532,531.63,P143 sold at 1673.65 vs list price 1969.0 on Marketplace
STALE_PRICE,O034279,I054705,254.75,P127 sold at 849.15 vs list price 999.0 on Marketplace
STALE_PRICE,O034318,I054770,142.68,P103 sold at 1010.65 vs list price 1189.0 on Marketplace
STALE_PRICE,O034389,I054888,169.35,P086 sold at 959.65 vs list price 1129.0 on Marketplace
STALE_PRICE,O034402,I054910,112.39,P127 sold at 849.15 vs list price 999.0 on Marketplace
STALE_PRICE,O034438,I054972,143.95,P086 sold at 959.65 vs list price 1129.0 on Marketplace
STALE_PRICE,O034494,I055068,127.01,P086 sold at 959.65 vs list price 1129.0 on Marketplace
STALE_PRICE,O034541,I055156,443.02,P143 sold at 1673.65 vs list price 1969.0 on Marketplace
STALE_PRICE,O034555,I055176,133.76,P103 sold at 1010.65 vs list price 1189.0 on Marketplace
STALE_PRICE,O034589,I055238,160.52,P103 sold at 1010.65 vs list price 1189.0 on Marketplace
STALE_PRICE,O034811,I055609,265.81,P143 sold at 1673.65 vs list price 1969.0 on Marketplace
STALE_PRICE,O034884,I055724,538.22,P048 sold at 1070.15 vs list price 1259.0 on Marketplace
STALE_PRICE,O034977,I055874,127.01,P086 sold at 959.65 vs list price 1129.0 on Marketplace
STALE_PRICE,O035139,I056146,178.35,P103 sold at 1010.65 vs list price 1189.0 on Marketplace
STALE_PRICE,O035167,I056184,443.02,P143 sold at 1673.65 vs list price 1969.0 on Marketplace
STALE_PRICE,O035171,I056189,149.85,P127 sold at 849.15 vs list price 999.0 on Marketplace
STALE_PRICE,O035245,I056328,295.35,P143 sold at 1673.65 vs list price 1969.0 on Marketplace
STALE_PRICE,O035353,I056500,169.35,P086 sold at 959.65 vs list price 1129.0 on Marketplace
STALE_PRICE,O035359,I056513,179.85,P067 sold at 1019.15 vs list price 1199.0 on Marketplace
STALE_PRICE,O035367,I056525,152.42,P086 sold at 959.65 vs list price 1129.0 on Marketplace
STALE_PRICE,O035416,I056598,326.14,P097 sold at 1087.15 vs list price 1279.0 on Marketplace
STALE_PRICE,O035469,I056677,179.41,P048 sold at 1070.15 vs list price 1259.0 on Marketplace
STALE_PRICE,O035564,I056832,251.05,P143 sold at 1673.65 vs list price 1969.0 on Marketplace
STALE_PRICE,O035564,I056833,179.85,P067 sold at 1019.15 vs list price 1199.0 on Marketplace
STALE_PRICE,O035717,I057087,172.66,P097 sold at 1087.15 vs list price 1279.0 on Marketplace
STALE_PRICE,O035760,I057144,188.85,P048 sold at 1070.15 vs list price 1259.0 on Marketplace
STALE_PRICE,O035848,I057288,295.35,P143 sold at 1673.65 vs list price 1969.0 on Marketplace
STALE_PRICE,O035869,I057325,160.88,P086 sold at 959.65 vs list price 1129.0 on Marketplace
STALE_PRICE,O036002,I057529,160.88,P086 sold at 959.65 vs list price 1129.0 on Marketplace
STALE_PRICE,O036211,I057868,178.35,P103 sold at 1010.65 vs list price 1189.0 on Marketplace
STALE_PRICE,O036243,I057919,236.28,P143 sold at 1673.65 vs list price 1969.0 on Marketplace
STALE_PRICE,O036274,I057970,160.88,P086 sold at 959.65 vs list price 1129.0 on Marketplace
STALE_PRICE,O036300,I058009,280.58,P143 sold at 1673.65 vs list price 1969.0 on Marketplace
STALE_PRICE,O036534,I058387,299.7,P127 sold at 849.15 vs list price 999.0 on Marketplace
STALE_PRICE,O036552,I058421,163.07,P097 sold at 1087.15 vs list price 1279.0 on Marketplace
STALE_PRICE,O036819,I058843,321.77,P086 sold at 959.65 vs list price 1129.0 on Marketplace
STALE_PRICE,O036974,I059102,172.66,P097 sold at 1087.15 vs list price 1279.0 on Marketplace
STALE_PRICE,O037021,I059170,179.41,P048 sold at 1070.15 vs list price 1259.0 on Marketplace
STALE_PRICE,O037132,I059352,295.35,P143 sold at 1673.65 vs list price 1969.0 on Marketplace
STALE_PRICE,O037151,I059389,359.7,P067 sold at 1019.15 vs list price 1199.0 on Marketplace
STALE_PRICE,O037177,I059434,172.66,P097 sold at 1087.15 vs list price 1279.0 on Marketplace
STALE_PRICE,O037286,I059594,82.22,P046 sold at 517.65 vs list price 609.0 on Marketplace
STALE_PRICE,O037320,I059641,169.43,P103 sold at 1010.65 vs list price 1189.0 on Marketplace
STALE_PRICE,O037346,I059681,265.81,P143 sold at 1673.65 vs list price 1969.0 on Marketplace
STALE_PRICE,O037498,I059910,188.85,P048 sold at 1070.15 vs list price 1259.0 on Marketplace
STALE_PRICE,O037531,I059964,149.85,P127 sold at 849.15 vs list price 999.0 on Marketplace
STALE_PRICE,O037554,I059996,160.88,P086 sold at 959.65 vs list price 1129.0 on Marketplace
STALE_PRICE,O037619,I060102,169.35,P086 sold at 959.65 vs list price 1129.0 on Marketplace
STALE_PRICE,O037728,I060286,143.95,P086 sold at 959.65 vs list price 1129.0 on Marketplace
STALE_PRICE,O037797,I060396,149.85,P127 sold at 849.15 vs list price 999.0 on Marketplace
STALE_PRICE,O037828,I060446,265.81,P143 sold at 1673.65 vs list price 1969.0 on Marketplace
STALE_PRICE,O037982,I060682,295.35,P143 sold at 1673.65 vs list price 1969.0 on Marketplace
STALE_PRICE,O038095,I060851,134.87,P127 sold at 849.15 vs list price 999.0 on Marketplace
